<?xml version="1.0" encoding="UTF-8"?>

<AllergyIntolerance xmlns="http://hl7.org/fhir">
  <text>
    <status value="generated"/>
    <div xmlns="http://www.w3.org/1999/xhtml">
      <p>
        <b>Generated Narrative with Details</b>
      </p>
      <p>
        <b>identifier</b>: House dust allergy = 232349006
      </p>
      <p>
        <b>criticality</b>: medium
      </p>
      <p>
        <b>sensitivityType</b>: allergy
      </p>
      <p>
        <b>recordedDate</b>: 28-Jan 2013
      </p>
      <p>
        <b>status</b>: confirmed
      </p>
      <p>
        <b>subject</b>: 
        <a href="patient-example-f201-roel.html">Roel. Generated Summary: BSN = 123456789 (official), BSN = 123456789 (official); Roel(official); 
          <span title="Codes: {http://snomed.info/sct 248153007}, {http://hl7.org/fhir/v3/AdministrativeGender M}">Male</span>; birthDate: 13-Mar 1960; 
          <span title="Codes: {http://snomed.info/sct 36629006}, {http://hl7.org/fhir/v3/MaritalStatus M}">Legally married</span>; 
          <span title="Codes: {urn:std:iso:639-1 nl-NL}">Dutch</span>; active
        </a>
      </p>
      <p>
        <b>recorder</b>: 
        <a href="practitioner-example-f201-ab.html">Generated Summary: UZI-nummer = 12345678901 (official); Dokter Bronsig(official); 
          <span title="Codes: {http://snomed.info/sct 248153007}">Male</span>; birthDate: 24-Dec 1956; 
          <span title="Codes: {http://snomed.info/sct 225304007}">Implementation of planned interventions</span>; 
          <span title="Codes: {http://snomed.info/sct 310512001}">Medical oncologist</span>
        </a>
      </p>
      <p>
        <b>substance</b>: 
        <a href="substance-example-f201-dust.html">House dust allergen. Generated Summary: 
          <span title="Codes: {http://snomed.info/sct 406466009}">House dust allergen</span>
        </a>
      </p>
    </div>
  </text>
  <identifier>
    <label value="House dust allergy"/>
    <system value="http://snomed.info/sct"/>
    <value value="232349006"/>
  </identifier>
  <criticality value="medium"/><!--  House dust is likely to result in reactions that will inconvenience the subject  -->
  <sensitivityType value="allergy"/><!--  Allergic reaction  -->
  <recordedDate value="2013-01-28"/>
  <status value="confirmed"/><!--  House dust allergy is confirmed and active  -->
  <subject>
    <reference value="Patient/f201"/>
    <display value="Roel"/>
  </subject>
  <recorder>
    <reference value="Practitioner/f201"/>
  </recorder>
  <substance>
    <reference value="Substance/f201"/>
    <display value="House dust allergen"/>
  </substance>
</AllergyIntolerance>