<?xml version="1.0" encoding="UTF-8"?>

<DataElement xmlns="http://hl7.org/fhir">
  <extension url="http://hl7.org/fhir/Profile/element-extensions#minLength">
    <valueInteger value="1"/>
  </extension>
  <extension url="http://hl7.org/fhir/Profile/element-extensions#maxLength">
    <valueInteger value="13"/>
  </extension>
  <text>
    <status value="generated"/>
    <div xmlns="http://www.w3.org/1999/xhtml">
      
      <p>
        
        <b>Gender Code</b>: The code representing the gender of a person
      </p>
      
      <table>
        
        <tbody>
          
          <tr>
            
            <th>Code</th>
            
            <th>Display</th>
            
            <th>Definition</th>
          
          </tr>
          
          <tr>
            
            <td>0</td>
            
            <td>Unknown</td>
            
            <td>Not known, not observed, not recorded, or refused.</td>
          
          </tr>
          
          <tr>
            
            <td>1</td>
            
            <td>Male</td>
            
            <td>A person who belongs to the sex that normally produces sperm. The term is used to indicate biological sex distinctions, cultural gender role distinctions, or both.</td>
          
          </tr>
          
          <tr>
            
            <td>2</td>
            
            <td>Female</td>
            
            <td>A person who belongs to the sex that normally produces ova. The term is used to indicate biological sex distinctions, or cultural gender role distinctions, or both.</td>
          
          </tr>
          
          <tr>
            
            <td>3</td>
            
            <td>Not specified</td>
            
            <td>Not specified</td>
          
          </tr>
        
        </tbody>
      
      </table>
      
      <ul>
        
        <li/>
      
      </ul>
    
    </div>
  </text>
  <contained>
    <ValueSet id="2179414">
      <identifier value="2179414"/>
      <version value="1.0"/>
      <name value="Gender Code"/>
      <description value="All codes representing the gender of a person."/>
      <status value="active"/>
      <define>
        <system value="http://example.org/fhir/2179414"/>
        <concept>
          <code value="0"/>
          <display value="Unknown"/>
          <definition value="Not known, not observed, not recorded, or refused. "/>
        </concept>
        <concept>
          <code value="1"/>
          <display value="Male"/>
          <definition value="A person who belongs to the sex that normally produces sperm. The term is used to indicate biological sex distinctions, cultural gender role distinctions, or both."/>
        </concept>
        <concept>
          <code value="2"/>
          <display value="Female"/>
          <definition value="A person who belongs to the sex that normally produces ova. The term is used to indicate biological sex distinctions, or cultural gender role distinctions, or both."/>
        </concept>
        <concept>
          <code value="3"/>
          <display value="Not specified"/>
          <definition value="Not specified"/>
        </concept>
      </define>
    </ValueSet>
  </contained>
  <contained>
    <ConceptMap id="2179414-cm">
      <name value="TODO - remove"/>
      <status value="active"/>
      <sourceResource>
        <reference value="#2179414"/>
      </sourceResource>
      <targetUri value="http://ncit.nci.nih.gov"/>
      <element>
        <codeSystem value="http://example.org/fhir/2179414"/>
        <code value="0"/>
        <map>
          <code value="C17998"/>
          <equivalence value="equal"/>
        </map>
      </element>
      <element>
        <codeSystem value="http://example.org/fhir/2179414"/>
        <code value="1"/>
        <map>
          <code value="C20197"/>
          <equivalence value="equal"/>
        </map>
      </element>
      <element>
        <codeSystem value="http://example.org/fhir/2179414"/>
        <code value="2"/>
        <map>
          <code value="C16576"/>
          <equivalence value="equal"/>
        </map>
      </element>
    </ConceptMap>
  </contained>
  <identifier>
    <value value="2179650"/>
  </identifier>
  <version value="1.0"/>
  <publisher value="DCP"/>
  <status value="active"/>
  <name value="Gender Code"/>
  <category>
    <coding>
      <system value="http://unknown/FBPP"/>
      <display value="FBPP Pooled Database"/>
    </coding>
    <coding>
      <system value="http://unknown/PhenX"/>
      <display value="Demographics"/>
    </coding>
    <coding>
      <system value="http://unknown/Eligibility Criteria"/>
      <display value="Pt. Administrative"/>
    </coding>
    <coding>
      <system value="http://unknown/UAMS Clinical Research"/>
      <display value="UAMS New CDEs"/>
    </coding>
    <coding>
      <system value="http://unknown/PhenX"/>
      <display value="Substance Abuse and "/>
    </coding>
    <coding>
      <system value="http://unknown/Category"/>
      <display value="CSAERS Adverse Event"/>
    </coding>
    <coding>
      <system value="http://unknown/PhenX"/>
      <display value="Core: Tier 1"/>
    </coding>
    <coding>
      <system value="http://unknown/Category"/>
      <display value="Case Report Forms"/>
    </coding>
    <coding>
      <system value="http://unknown/Category"/>
      <display value="CSAERS Review Set"/>
    </coding>
    <coding>
      <system value="http://unknown/Demonstration%20Applications"/>
      <display value="CIAF"/>
    </coding>
    <coding>
      <system value="http://unknown/NIDA%20CTN%20Usage"/>
      <display value="Clinical Research"/>
    </coding>
    <coding>
      <system value="http://unknown/NIDA%20CTN%20Usage"/>
      <display value="Electronic Health Re"/>
    </coding>
    <coding>
      <system value="http://unknown/Condition"/>
      <display value="Barretts Esophagus"/>
    </coding>
    <coding>
      <system value="http://unknown/Condition"/>
      <display value="Bladder Cancer"/>
    </coding>
    <coding>
      <system value="http://unknown/Condition"/>
      <display value="Oral Leukoplakia"/>
    </coding>
    <coding>
      <system value="http://unknown/Condition"/>
      <display value="Sulindac for Breast"/>
    </coding>
  </category>
  <question value="Gender"/>
  <definition value="The code representing the gender of a person."/>
  <type value="CodeableConcept"/>
  <binding>
    <isExtensible value="false"/>
    <conformance value="required"/>
    <valueSet>
      <reference value="#2179414"/>
    </valueSet>
  </binding>
</DataElement>