<?xml version="1.0" encoding="UTF-8"?>

<Encounter xmlns="http://hl7.org/fhir">
  <text>
    <status value="generated"/>
    <div xmlns="http://www.w3.org/1999/xhtml">
      <p>
        <b>Generated Narrative with Details</b>
      </p>
      <p>
        <b>identifier</b>: v3251 (official)
      </p>
      <p>
        <b>status</b>: finished
      </p>
      <p>
        <b>class</b>: outpatient
      </p>
      <p>
        <b>type</b>: Patient-initiated encounter 
        <span style="background: LightGoldenRodYellow ">(Details : {SNOMED CT code &#39;270427003&#39; = &#39;Patient-initiated encounter&#39;, given as &#39;Patient-initiated encounter&#39;})</span>
      </p>
      <p>
        <b>subject</b>: 
        <a href="patient-example-f001-pieter.html">P. van de Heuvel. Generated Summary: 738472983 (usual), ?? (usual); Pieter van de Heuvel ; 
          <span title="Codes: {http://hl7.org/fhir/v3/AdministrativeGender M}">Male</span>; birthDate: 17-Nov 1944; 
          <span title="Codes: {http://hl7.org/fhir/v3/MaritalStatus M}">Getrouwd</span>; multipleBirth; 
          <span title="Codes: {urn:ietf:bcp:47 nl}">Nederlands</span>; active
        </a>
      </p>
      <h3>Participants</h3>
      <table class="grid">
        <tr>
          <td>
            <b>Type</b>
          </td>
          <td>
            <b>Individual</b>
          </td>
        </tr>
        <tr>
          <td> </td>
          <td>
            <a href="practitioner-example-f003-mv.html">M.I.M Versteegh. Generated Summary: 846100293 (official), 243HID3RT938 (usual); Marc Versteegh (official); 
              <span title="Codes: {urn:oid:2.16.840.1.113883.4.642.1.24 M}">Male</span>; birthDate: 1-Jul 1963; 
              <span title="Codes: {urn:oid:2.16.840.1.113883.2.4.15.111 01.000}">Care role</span>; 
              <span title="Codes: {urn:oid:2.16.840.1.113883.2.4.15.111 01.011}">specialisation</span>; 
              <span title="Codes: {urn:oid:2.16.840.1.113883.6.121 nl}">Dutch</span>
            </a>
          </td>
        </tr>
      </table>
      <p>
        <b>length</b>: 140 min
        <span style="background: LightGoldenRodYellow "> (Details: http://unitsofmeasure.org code min = &#39;min&#39;)</span>
      </p>
      <p>
        <b>reason</b>: Partial lobectomy of lung 
        <span style="background: LightGoldenRodYellow ">(Details : {SNOMED CT code &#39;34068001&#39; = &#39;Heart valve replacement&#39;, given as &#39;Partial lobectomy of lung&#39;})</span>
      </p>
      <p>
        <b>priority</b>: Urgent 
        <span style="background: LightGoldenRodYellow ">(Details : {SNOMED CT code &#39;103391001&#39; = &#39;Urgent&#39;, given as &#39;Urgent&#39;})</span>
      </p>
      <blockquote>
        <p>
          <b>hospitalization</b>
        </p>
        <p>
          <b>preAdmissionIdentifier</b>: 98682 (official)
        </p>
        <p>
          <b>admitSource</b>: Referral by radiologist 
          <span style="background: LightGoldenRodYellow ">(Details : {SNOMED CT code &#39;305997006&#39; = &#39;Referral by radiologist&#39;, given as &#39;Referral by radiologist&#39;})</span>
        </p>
        <p>
          <b>period</b>: 6-Jul 2012 --&gt; 13-Jul 2012
        </p>
        <h3>Accomodations</h3>
        <table class="grid">
          <tr>
            <td>
              <b>Bed</b>
            </td>
            <td>
              <b>Period</b>
            </td>
          </tr>
          <tr>
            <td> </td>
            <td>6-Jul 2012 --&gt; 13-Jul 2012</td>
          </tr>
        </table>
        <p>
          <b>dischargeDisposition</b>: Discharge to home 
          <span style="background: LightGoldenRodYellow ">(Details : {SNOMED CT code &#39;306689006&#39; = &#39;Discharge to home&#39;, given as &#39;Discharge to home&#39;})</span>
        </p>
        <p>
          <b>reAdmission</b>: false
        </p>
      </blockquote>
      <p>
        <b>serviceProvider</b>: 
        <a href="organization-example-f001-burgers.html">BMC. Generated Summary: 91654 (official), 17-0112278 (usual); name: Burgers University Medical Center; 
          <span title="Codes: {urn:oid:2.16.840.1.113883.2.4.15.1060 V6}, {http://hl7.org/fhir/organization-type prov}">University Medical Hospital</span>
        </a>
      </p>
    </div>
  </text>
  <identifier>
    <use value="official"/>
    <system value="http://www.bmc.nl/zorgportal/identifiers/encounters"/>
    <value value="v3251"/>
  </identifier>
  <status value="finished"/>
  <class value="outpatient"/>
  <type>
    <coding>
      <system value="http://snomed.info/sct"/>
      <code value="270427003"/>
      <display value="Patient-initiated encounter"/>
    </coding>
  </type>
  <subject>
    <reference value="Patient/f001"/>
    <display value="P. van de Heuvel"/>
  </subject>
  <participant>
    <individual>
      <reference value="Practitioner/f003"/>
      <display value="M.I.M Versteegh"/>
    </individual>
  </participant>
  <length>
    <value value="140"/>
    <units value="min"/>
    <system value="http://unitsofmeasure.org"/>
    <code value="min"/>
  </length>
  <reason>
    <coding>
      <system value="http://snomed.info/sct"/>
      <code value="34068001"/>
      <display value="Partial lobectomy of lung"/>
    </coding>
  </reason>
  <priority>
    <coding>
      <system value="http://snomed.info/sct"/>
      <code value="103391001"/>
      <display value="Urgent"/>
    </coding>
  </priority>
  <hospitalization>
    <preAdmissionIdentifier>
      <use value="official"/>
      <system value="http://www.bmc.nl/zorgportal/identifiers/pre-admissions"/>
      <value value="98682"/>
    </preAdmissionIdentifier><!--      <preAdmissionTest>
            <coding>
                <system value="http://snomed.info/sct"/>
                <code value="399208008"/>
                <display value="Chest X-ray"/>
            </coding>
            <coding>
                <system value="http://snomed.info/sct"/>
                <code value="396550006"/>
                <display value="Blood test"/>
            </coding>
        </preAdmissionTest>   -->
    <admitSource>
      <coding>
        <system value="http://snomed.info/sct"/>
        <code value="305997006"/>
        <display value="Referral by radiologist"/>
      </coding>
    </admitSource>
    <period>
      <start value="2012-07-06"/>
      <end value="2012-07-13"/>
    </period>
    <accomodation>
      <period>
        <start value="2012-07-06"/>
        <end value="2012-07-13"/>
      </period>
    </accomodation>
    <dischargeDisposition>
      <coding>
        <system value="http://snomed.info/sct"/>
        <code value="306689006"/>
        <display value="Discharge to home"/>
      </coding>
    </dischargeDisposition>
    <reAdmission value="false"/>
  </hospitalization>
  <serviceProvider>
    <reference value="Organization/f001"/>
    <display value="BMC"/>
  </serviceProvider>
</Encounter>