<?xml version="1.0" encoding="UTF-8"?>

<Encounter xmlns="http://hl7.org/fhir">
  <text>
    <status value="generated"/>
    <div xmlns="http://www.w3.org/1999/xhtml">
      <p>
        <b>Generated Narrative with Details</b>
      </p>
      <p>
        <b>identifier</b>: Roel&#39;s encounter on January 28th, 2013 = Encounter_Roel_20130128 (temp)
      </p>
      <p>
        <b>status</b>: finished
      </p>
      <p>
        <b>class</b>: outpatient
      </p>
      <p>
        <b>type</b>: Chemotherapy 
        <span style="background: LightGoldenRodYellow ">(Details : {SNOMED CT code &#39;367336001&#39; = &#39;Chemotherapy&#39;, given as &#39;Chemotherapy&#39;})</span>
      </p>
      <p>
        <b>subject</b>: 
        <a href="patient-example-f201-roel.html">Roel. Generated Summary: BSN = 123456789 (official), BSN = 123456789 (official); Roel(official); 
          <span title="Codes: {http://snomed.info/sct 248153007}, {http://hl7.org/fhir/v3/AdministrativeGender M}">Male</span>; birthDate: 13-Mar 1960; 
          <span title="Codes: {http://snomed.info/sct 36629006}, {http://hl7.org/fhir/v3/MaritalStatus M}">Legally married</span>; 
          <span title="Codes: {urn:std:iso:639-1 nl-NL}">Dutch</span>; active
        </a>
      </p>
      <h3>Participants</h3>
      <table class="grid">
        <tr>
          <td>
            <b>Type</b>
          </td>
          <td>
            <b>Individual</b>
          </td>
        </tr>
        <tr>
          <td> </td>
          <td>
            <a href="practitioner-example-f201-ab.html">Generated Summary: UZI-nummer = 12345678901 (official); Dokter Bronsig(official); 
              <span title="Codes: {http://snomed.info/sct 248153007}">Male</span>; birthDate: 24-Dec 1956; 
              <span title="Codes: {http://snomed.info/sct 225304007}">Implementation of planned interventions</span>; 
              <span title="Codes: {http://snomed.info/sct 310512001}">Medical oncologist</span>
            </a>
          </td>
        </tr>
      </table>
      <p>
        <b>length</b>: 56 minutes
        <span style="background: LightGoldenRodYellow "> (Details: SNOMED CT code 258701004 = &#39;min (qualifier value)&#39;)</span>
      </p>
      <p>
        <b>reason</b>: The patient is treated for a tumor. 
        <span style="background: LightGoldenRodYellow ">(Details )</span>
      </p>
      <p>
        <b>indication</b>: 
        <a href="procedure-example-f201-tpf.html">Roel&#39;s TPF chemotherapy on January 28th, 2013. Generated Summary: 
          <span title="Codes: {http://snomed.info/sct 367336001}">Chemotherapy</span>; 
          <span title="Codes: {http://snomed.info/sct 272676008}">Sphenoid bone</span>; 
          <span title="Codes: ">DiagnosticReport/f201</span>; date: 28-Jan 2013 13:31 --&gt; 28-Jan 2013 14:27; notes: Eerste neo-adjuvante TPF-kuur bij groot proces in sphenoid met intracraniale uitbreiding.
        </a>
      </p>
      <p>
        <b>priority</b>: Urgent 
        <span style="background: LightGoldenRodYellow ">(Details : {SNOMED CT code &#39;103391001&#39; = &#39;Urgent&#39;, given as &#39;Urgent&#39;})</span>
      </p>
      <p>
        <b>serviceProvider</b>: 
        <a href="organization-example-f201-aumc.html">Generated Summary: Zorginstelling naam = Artis University Medical Center (official); name: Artis University Medical Center (AUMC); 
          <span title="Codes: {http://snomed.info/sct 405608006}, {urn:oid:2.16.840.1.113883.2.4.15.1060 V6}, {http://hl7.org/fhir/organization-type prov}">Academic Medical Center</span>; active
        </a>
      </p>
    </div>
  </text>
  <identifier>
    <use value="temp"/><!--   0..1 The use of this identifier   -->
    <label value="Roel&#39;s encounter on January 28th, 2013"/>
    <value value="Encounter_Roel_20130128"/>
  </identifier>
  <status value="finished"/><!--  Encounter has finished  -->
  <class value="outpatient"/><!--  Outpatient encounter for chemotherapy  -->
  <type>
    <coding>
      <system value="http://snomed.info/sct"/>
      <code value="367336001"/>
      <display value="Chemotherapy"/>
    </coding>
  </type>
  <subject>
    <reference value="Patient/f201"/>
    <display value="Roel"/>
  </subject>
  <participant>
    <individual>
      <reference value="Practitioner/f201"/>
    </individual>
  </participant>
  <length>
    <value value="56"/>
    <units value="minutes"/>
    <system value="http://snomed.info/sct"/>
    <code value="258701004"/>
  </length>
  <reason>
    <text value="The patient is treated for a tumor."/>
  </reason>
  <indication>
    <reference value="Procedure/f201"/>
    <display value="Roel&#39;s TPF chemotherapy on January 28th, 2013"/>
  </indication>
  <priority><!--  Urgent priority, because of complications  -->
    <coding>
      <system value="http://snomed.info/sct"/>
      <code value="103391001"/>
      <display value="Urgent"/>
    </coding>
  </priority><!--  No hospitalization was deemed necessary  -->
  <serviceProvider>
    <reference value="Organization/f201"/>
  </serviceProvider>
</Encounter>