<?xml version="1.0" encoding="UTF-8"?>

<Profile xmlns="http://hl7.org/fhir">
  <text>
    <status value="generated"/><div xmlns="http://www.w3.org/1999/xhtml">to do</div>
  </text>
  <url value="http://hl7.org/fhir/Profile/general-extensions"/>
  <name value="General Extensions for use by FHIR Implementers"/>
  <publisher value="HL7 FHIR project"/>
  <telecom>
    <system value="url"/>
    <value value="http://hl7.org/fhir"/>
  </telecom>
  <description value="A set of general extensions defined for the convenience of implementers that use FHIR resources"/>
  <status value="draft"/>
  <date value="2013-12-05"/>
  <mapping>
    <identity value="rim"/>
    <uri value="http://hl7.org/v3"/>
    <name value="RIM"/>
  </mapping>
  <extensionDefn>
    <code value="data-absent-reason"/>
    <display value="unknown | asked | temp | notasked | masked | unsupported | astext | error"/>
    <contextType value="datatype"/>
    <context value="*"/>
    <element>
      <path value="data-absent-reason"/>
      <definition>
        <short value="unknown | asked | temp | notasked | masked | unsupported | astext | error"/>
        <formal value="Provides a reason why the expected value or elements in the element that is extended are missing."/>
        <min value="0"/>
        <max value="1"/>
        <type>
          <code value="code"/>
        </type>
        <mustSupport value="false"/>
        <isModifier value="false"/>
        <binding>
          <name value="DataAbsentReason"/>
          <isExtensible value="false"/>
          <description value="Used to specify why the normally expected content of the data element is missing"/>
          <referenceResource>
            <reference value="http://hl7.org/fhir/vs/data-absent-reason"/>
          </referenceResource>
        </binding>
        <mapping>
          <identity value="rim"/>
          <map value="ANY.nullFlavor"/>
        </mapping>
      </definition>
    </element>
  </extensionDefn>
  <extensionDefn>
    <code value="birthPlace"/>
    <display value="Place of Birth for patient"/>
    <contextType value="resource"/>
    <context value="Patient"/>
    <element>
      <path value="birthPlace"/>
      <definition>
        <short value="Place of Birth for patient"/>
        <formal value="The registered place of birth of the patient."/>
        <min value="0"/>
        <max value="1"/>
        <type>
          <code value="Address"/>
        </type>
        <mustSupport value="false"/>
        <isModifier value="false"/>
      </definition>
    </element>
  </extensionDefn>
  <extensionDefn>
    <code value="translation"/>
    <display value="Result of translate Operation"/>
    <contextType value="datatype"/>
    <context value="OperationOutcome"/>
    <element>
      <path value="translation"/>
      <definition>
        <short value="Result of translate Operation"/>
        <formal value="A Coding that is the result of a translation operation, if the operation is successful."/>
        <comments value="See the ConceptMap operation &quot;translate&quot;."/>
        <min value="0"/>
        <max value="1"/>
        <type>
          <code value="Coding"/>
        </type>
        <mustSupport value="false"/>
        <isModifier value="false"/>
      </definition>
    </element>
  </extensionDefn>
  <extensionDefn>
    <code value="codedSource"/>
    <display value="Source coded value for the operation"/>
    <contextType value="resource"/>
    <context value="MessageHeader"/>
    <element>
      <path value="codedSource"/>
      <definition>
        <short value="Source coded value for the operation"/>
        <formal value="Coded value that is source for the operation (conceptmap-translate, or valueset-validate)."/>
        <min value="0"/>
        <max value="1"/>
        <type>
          <code value="Coding"/>
        </type>
        <type>
          <code value="CodeableConcept"/>
        </type>
        <mustSupport value="false"/>
        <isModifier value="false"/>
      </definition>
    </element>
  </extensionDefn>
</Profile>