<?xml version="1.0" encoding="UTF-8"?>

<Medication xmlns="http://hl7.org/fhir">
  <text>
    <status value="generated"/>
    <div xmlns="http://www.w3.org/1999/xhtml">
      <p>
        <b>Generated Narrative with Details</b>
      </p>
      <p>
        <b>name</b>: Salmeterol/fluticason
      </p>
      <p>
        <b>code</b>: 25ug Flutacisone + 250ug Salmeterol 
        <span style="background: LightGoldenRodYellow ">(Details : {SNOMED CT code &#39;411106009&#39; = &#39;Fluticasone + salmeterol&#39;, given as &#39;25ug Flutacisone + 250ug Salmeterol&#39;})</span>
      </p>
      <p>
        <b>isBrand</b>: false
      </p>
      <p>
        <b>kind</b>: product
      </p>
      <blockquote>
        <p>
          <b>product</b>
        </p>
        <p>
          <b>form</b>: Aerosol spray 
          <span style="background: LightGoldenRodYellow ">(Details : {SNOMED CT code &#39;421606006&#39; = &#39;Aerosol spray&#39;, given as &#39;Aerosol spray&#39;})</span>
        </p>
        <blockquote>
          <p>
            <b>ingredient</b>
          </p>
          <p>
            <b>item</b>: flutacisone
          </p>
          <p>
            <b>amount</b>: 25 ug
            <span style="background: LightGoldenRodYellow "> (Details: http://unitsofmeasure.org code ug = &#39;ug&#39;)</span>/1 PUFF
            <span style="background: LightGoldenRodYellow "> (Details: http://hl7.org/fhir/v3/orderableDrugForm code PUFF = &#39;Puff&#39;)</span>
          </p>
        </blockquote>
        <blockquote>
          <p>
            <b>ingredient</b>
          </p>
          <p>
            <b>item</b>: salmeterol
          </p>
          <p>
            <b>amount</b>: 250 ug
            <span style="background: LightGoldenRodYellow "> (Details: http://unitsofmeasure.org code ug = &#39;ug&#39;)</span>/1 PUFF
            <span style="background: LightGoldenRodYellow "> (Details: http://hl7.org/fhir/v3/orderableDrugForm code PUFF = &#39;Puff&#39;)</span>
          </p>
        </blockquote>
      </blockquote>
    </div>
  </text>
  <name value="Salmeterol/fluticason"/>
  <code>
    <coding>
      <system value="http://snomed.info/sct"/>
      <code value="411106009"/>
      <display value="25ug Flutacisone + 250ug Salmeterol"/>
    </coding>
  </code>
  <isBrand value="false"/><!--  Seretide;Advair;Adoair;Foxaire;Viani  -->
  <kind value="product"/>
  <product>
    <form>
      <coding>
        <system value="http://snomed.info/sct"/>
        <code value="421606006"/>
        <display value="Aerosol spray"/>
      </coding>
    </form>
    <ingredient>
      <item>
        <display value="flutacisone"/>
      </item>
      <amount>
        <numerator>
          <value value="25"/>
          <system value="http://unitsofmeasure.org"/>
          <code value="ug"/>
        </numerator>
        <denominator>
          <value value="1"/>
          <system value="http://hl7.org/fhir/v3/orderableDrugForm"/>
          <code value="PUFF"/>
        </denominator>
      </amount>
    </ingredient>
    <ingredient>
      <item>
        <display value="salmeterol"/>
      </item>
      <amount>
        <numerator>
          <value value="250"/>
          <system value="http://unitsofmeasure.org"/>
          <code value="ug"/>
        </numerator>
        <denominator>
          <value value="1"/>
          <system value="http://hl7.org/fhir/v3/orderableDrugForm"/>
          <code value="PUFF"/>
        </denominator>
      </amount>
    </ingredient>
  </product>
</Medication>