<?xml version="1.0" encoding="UTF-8"?>

<MedicationPrescription xmlns="http://hl7.org/fhir"><!--   insert contents here   -->
  <text>
    <status value="generated"/>
    <div xmlns="http://www.w3.org/1999/xhtml">
      
      <p>Penicillin VK 5ml suspension to be administered by oral route</p>
      
      <p>ONE 5ml spoonful to be taken THREE times a day</p>
      
      <p>100ml bottle</p>
      
      <p>to patient ref: a23</p>
      
      <p>by doctor X</p>
    
    </div>
  </text>
  <status value="active"/>
  <patient>
    <reference value="Patient/example"/>
  </patient>
  <prescriber>
    <reference value="Practitioner/example"/>
  </prescriber>
  <medication>
    <reference value="Medication/example"/>
  </medication>
  <dosageInstruction>
    <timingSchedule>
      <repeat>
        <frequency value="3"/>
        <duration value="1"/>
        <units value="d"/>
      </repeat>
    </timingSchedule>
    <route>
      <coding>
        <system value="http://snomed.info/sct"/>
        <code value="394899003"/>
        <display value="oral administration of treatment"/>
      </coding>
    </route>
    <doseQuantity>
      <value value="5"/>
      <units value="ml"/>
      <system value="http://unitsofmeasure.org"/>
      <code value="ml"/>
    </doseQuantity>
  </dosageInstruction>
  <dispense>
    <quantity>
      <value value="100"/>
      <units value="ml"/>
      <system value="http://unitsofmeasure.org"/>
      <code value="ml"/>
    </quantity>
  </dispense>
</MedicationPrescription>