<?xml version="1.0" encoding="UTF-8"?>

<MedicationPrescription xmlns="http://hl7.org/fhir">
  <text>
    <status value="generated"/>
    <div xmlns="http://www.w3.org/1999/xhtml">
      <p>
        <b>Generated Narrative with Details</b>
      </p>
      <p>
        <b>dateWritten</b>: 11-Mar 2013
      </p>
      <p>
        <b>status</b>: completed
      </p>
      <p>
        <b>patient</b>: 
        <a href="patient-example-f201-roel.html">Roel. Generated Summary: BSN = 123456789 (official), BSN = 123456789 (official); Roel(official); 
          <span title="Codes: {http://snomed.info/sct 248153007}, {http://hl7.org/fhir/v3/AdministrativeGender M}">Male</span>; birthDate: 13-Mar 1960; 
          <span title="Codes: {http://snomed.info/sct 36629006}, {http://hl7.org/fhir/v3/MaritalStatus M}">Legally married</span>; 
          <span title="Codes: {urn:std:iso:639-1 nl-NL}">Dutch</span>; active
        </a>
      </p>
      <p>
        <b>prescriber</b>: 
        <a href="practitioner-example-f201-ab.html">Generated Summary: UZI-nummer = 12345678901 (official); Dokter Bronsig(official); 
          <span title="Codes: {http://snomed.info/sct 248153007}">Male</span>; birthDate: 24-Dec 1956; 
          <span title="Codes: {http://snomed.info/sct 225304007}">Implementation of planned interventions</span>; 
          <span title="Codes: {http://snomed.info/sct 310512001}">Medical oncologist</span>
        </a>
      </p>
      <p>
        <b>encounter</b>: 
        <a href="encounter-example-f203-20130311.html">Roel&#39;s encounter on March eleventh 2013. Generated Summary: Roel&#39;s encounter on March eleventh 2013 = Encounter_Roel_20130311 (temp); finished; inpatient; 
          <span title="Codes: {http://snomed.info/sct 183807002}">Inpatient stay for nine days</span>; 
          <span title="Codes: ">The patient seems to suffer from bilateral pneumonia and renal insufficiency, most likely due to chemotherapy.</span>; 
          <span title="Codes: {http://snomed.info/sct 394849002}">High priority</span>
        </a>
      </p>
      <p>
        <b>reason</b>: 
        <a href="condition-example-f203-sepsis.html">sepsis. Generated Summary: ????; dateAsserted: 11-Mar 2013; 
          <span title="Codes: {http://snomed.info/sct 10001005}">Bacterial sepsis</span>; 
          <span title="Codes: {http://snomed.info/sct 55607006}, {http://hl7.org/fhir/condition-category finding}">Problem</span>; confirmed; 
          <span title="Codes: {http://snomed.info/sct 17162000}">Certain</span>; 
          <span title="Codes: {http://snomed.info/sct 371924009}">Moderate to severe</span>; onset: 8-Mar 2013
        </a>
      </p>
      <p>
        <b>medication</b>: 
        <a href="medication-example-f202-flucloxacilline.html">Flucloxacilline. Generated Summary: name: Flucloxacillin; 
          <span title="Codes: {http://snomed.info/sct 387544009}">Flucloxacillin</span>; product
        </a>
      </p>
      <h3>DosageInstructions</h3>
      <table class="grid">
        <tr>
          <td>
            <b>Text</b>
          </td>
          <td>
            <b>AdditionalInstructions</b>
          </td>
          <td>
            <b>Timing[x]</b>
          </td>
          <td>
            <b>AsNeeded[x]</b>
          </td>
          <td>
            <b>Site</b>
          </td>
          <td>
            <b>Route</b>
          </td>
          <td>
            <b>Method</b>
          </td>
          <td>
            <b>DoseQuantity</b>
          </td>
          <td>
            <b>Rate</b>
          </td>
          <td>
            <b>MaxDosePerPeriod</b>
          </td>
        </tr>
        <tr>
          <td>Flucloxacilline 12g/24h</td>
          <td> </td>
          <td>11-Mar 2013 --&gt; 21-Mar 2013</td>
          <td> </td>
          <td> </td>
          <td>Intravenous route 
            <span style="background: LightGoldenRodYellow ">(Details : {SNOMED CT code &#39;47625008&#39; = &#39;IV use&#39;, given as &#39;Intravenous route&#39;})</span>
          </td>
          <td>Injected floxacillin 
            <span style="background: LightGoldenRodYellow ">(Details : {SNOMED CT code &#39;323493005&#39; = &#39;Floxacillin 1g injection (pdr for recon)&#39;, given as &#39;Injected floxacillin&#39;})</span>
          </td>
          <td> </td>
          <td> </td>
          <td>12 gram
            <span style="background: LightGoldenRodYellow "> (Details: SNOMED CT code 258682000 = &#39;gram (qualifier value)&#39;)</span>/24 hours
            <span style="background: LightGoldenRodYellow "> (Details: SNOMED CT code 258702006 = &#39;hour (qualifier value)&#39;)</span>
          </td>
        </tr>
      </table>
    </div>
  </text><!--  No identifier could be provided  -->
  <dateWritten value="2013-03-11"/>
  <status value="completed"/>
  <patient>
    <reference value="Patient/f201"/>
    <display value="Roel"/>
  </patient>
  <prescriber>
    <reference value="Practitioner/f201"/>
  </prescriber>
  <encounter><!--  TODO <encounter> is not expected...  -->
    <reference value="Encounter/f203"/>
    <display value="Roel&#39;s encounter on March eleventh 2013"/>
  </encounter>
  <reasonResource>
    <reference value="Condition/f203"/>
    <display value="sepsis"/>
  </reasonResource>
  <medication>
    <reference value="Medication/f202"/>
    <display value="Flucloxacilline"/>
  </medication>
  <dosageInstruction>
    <text value="Flucloxacilline 12g/24h"/>
    <timingSchedule>
      <event>
        <start value="2013-03-11"/>
        <end value="2013-03-21"/>
      </event>
    </timingSchedule>
    <route><!--  Medication follows the respiratory tract  -->
      <coding>
        <system value="http://snomed.info/sct"/>
        <code value="47625008"/>
        <display value="Intravenous route"/>
      </coding>
    </route>
    <method>
      <coding>
        <system value="http://snomed.info/sct"/>
        <code value="323493005"/>
        <display value="Injected floxacillin"/>
      </coding>
    </method><!--  SNOMED CT code maps to 1 gram whilst the patient receives 12 grams  -->
    <maxDosePerPeriod><!--  12g/24h  -->
      <numerator>
        <value value="12"/>
        <units value="gram"/>
        <system value="http://snomed.info/sct"/>
        <code value="258682000"/>
      </numerator>
      <denominator>
        <value value="24"/>
        <units value="hours"/>
        <system value="http://snomed.info/sct"/>
        <code value="258702006"/>
      </denominator>
    </maxDosePerPeriod>
  </dosageInstruction>
</MedicationPrescription>