<?xml version="1.0" encoding="UTF-8"?>

<Observation xmlns="http://hl7.org/fhir">
  <text>
    <status value="generated"/>
    <div xmlns="http://www.w3.org/1999/xhtml">
      <p>
        <b>Generated Narrative with Details</b>
      </p>
      <p>
        <b>name</b>: Bicarbonate level 
        <span style="background: LightGoldenRodYellow ">(Details : {SNOMED CT code &#39;365722008&#39; = &#39;Bicarbonate level&#39;, given as &#39;Bicarbonate level&#39;})</span>
      </p>
      <p>
        <b>value</b>: 28 mmol/L
        <span style="background: LightGoldenRodYellow "> (Details: SNOMED CT code 258813002 = &#39;millimole/liter&#39;)</span>
      </p>
      <p>
        <b>interpretation</b>: Serum bicarbonate level normal 
        <span style="background: LightGoldenRodYellow ">(Details : {SNOMED CT code &#39;166698001&#39; = &#39;Serum bicarbonate level normal&#39;, given as &#39;Serum bicarbonate level normal&#39;}; {http://hl7.org/fhir/v2/0078 code &#39;N&#39; = &#39;Normal (applies to non-numeric results)&#39;, given as &#39;null&#39;})</span>
      </p>
      <p>
        <b>issued</b>: 4-Apr 2013 14:34
      </p>
      <p>
        <b>status</b>: final_
      </p>
      <p>
        <b>reliability</b>: ok
      </p>
      <p>
        <b>method</b>: Serum bicarbonate measurement 
        <span style="background: LightGoldenRodYellow ">(Details : {SNOMED CT code &#39;271239003&#39; = &#39;Serum bicarbonate level&#39;, given as &#39;Serum bicarbonate measurement&#39;})</span>
      </p>
      <p>
        <b>identifier</b>: Bicarbonaat value of Roel on April 2013 - 03720 = 1304-03720-Bicarbonate
      </p>
      <p>
        <b>subject</b>: 
        <a href="patient-example-f201-roel.html">Roel. Generated Summary: BSN = 123456789 (official), BSN = 123456789 (official); Roel(official); 
          <span title="Codes: {http://snomed.info/sct 248153007}, {http://hl7.org/fhir/v3/AdministrativeGender M}">Male</span>; birthDate: 13-Mar 1960; 
          <span title="Codes: {http://snomed.info/sct 36629006}, {http://hl7.org/fhir/v3/MaritalStatus M}">Legally married</span>; 
          <span title="Codes: {urn:std:iso:639-1 nl-NL}">Dutch</span>; active
        </a>
      </p>
      <p>
        <b>performer</b>: 
        <a href="practitioner-example-f202-lm.html">Luigi Maas. Generated Summary: UZI-nummer = 12345678902 (official), BIG-nummer = 12345678902 (official); Luigi Maas(official); 
          <span title="Codes: {http://snomed.info/sct 248153007}">Male</span>; birthDate: 12-Jun 1960; 
          <span title="Codes: {http://snomed.info/sct 33526004}">Electronic laboratory reporting</span>; 
          <span title="Codes: {http://snomed.info/sct 159285000}">Medical laboratory technician</span>
        </a>
      </p>
      <h3>ReferenceRanges</h3>
      <table class="grid">
        <tr>
          <td>
            <b>Low</b>
          </td>
          <td>
            <b>High</b>
          </td>
          <td>
            <b>Meaning</b>
          </td>
          <td>
            <b>Age</b>
          </td>
          <td>
            <b>Text</b>
          </td>
        </tr>
        <tr>
          <td>22</td>
          <td>29</td>
          <td>Normal Range 
            <span style="background: LightGoldenRodYellow ">(Details : {http://hl7.org/fhir/referencerange-meaning code &#39;normal&#39; = &#39;Normal Range&#39;, given as &#39;Normal Range&#39;})</span>
          </td>
          <td> </td>
          <td> </td>
        </tr>
      </table>
    </div>
  </text>
  <name><!--  Kind of observation = Bicarbonate  -->
    <coding>
      <system value="http://snomed.info/sct"/>
      <code value="365722008"/>
      <display value="Bicarbonate level"/>
    </coding>
  </name>
  <valueQuantity><!--  Bicarbonate=28mmol/L  -->
    <value value="28"/>
    <units value="mmol/L"/>
    <system value="http://snomed.info/sct"/>
    <code value="258813002"/>
  </valueQuantity>
  <interpretation>
    <coding>
      <system value="http://snomed.info/sct"/>
      <code value="166698001"/>
      <display value="Serum bicarbonate level normal"/>
    </coding>
    <coding>
      <system value="http://hl7.org/fhir/v2/0078"/>
      <code value="N"/>
    </coding>
  </interpretation>
  <issued value="2013-04-04T14:34:00+01:00"/><!--  Bicarbonate was measured on April fourth  -->
  <status value="final"/><!--  The observation is complete  -->
  <reliability value="ok"/><!--  No reliability concerns  -->
  <method><!--  Method was serum measurement  -->
    <coding>
      <system value="http://snomed.info/sct"/>
      <code value="271239003"/>
      <display value="Serum bicarbonate measurement"/>
    </coding>
  </method>
  <identifier>
    <label value="Bicarbonaat value of Roel on April 2013 - 03720"/>
    <system value="https://intranet.aumc.nl/labvalues"/><!--  Does not exist  -->
    <value value="1304-03720-Bicarbonate"/>
  </identifier>
  <subject><!--  It entails Roel's Bicarbonate level  -->
    <reference value="Patient/f201"/>
    <display value="Roel"/>
  </subject>
  <performer><!--  The bicarbonate level was measured by Luigi Maas  -->
    <reference value="Practitioner/f202"/>
    <display value="Luigi Maas"/>
  </performer>
  <referenceRange><!--  Healthy bicarbonate level ranges from 22mmol/L to 29mmol/L  -->
    <low>
      <value value="22"/>
    </low>
    <high>
      <value value="29"/>
    </high>
    <meaning>
      <coding>
        <system value="http://hl7.org/fhir/referencerange-meaning"/>
        <code value="normal"/>
        <display value="Normal Range"/>
      </coding>
    </meaning>
  </referenceRange>
</Observation>