<?xml version="1.0" encoding="UTF-8"?>

<Observation xmlns="http://hl7.org/fhir">
  <text>
    <status value="generated"/>
    <div xmlns="http://www.w3.org/1999/xhtml">
      <p>
        <b>Generated Narrative with Details</b>
      </p>
      <p>
        <b>name</b>: Blood culture for bacteria, including anaerobic screen 
        <span style="background: LightGoldenRodYellow ">(Details : {SNOMED CT code &#39;104177005&#39; = &#39;Blood culture for bacteria, including anaerobic screen&#39;, given as &#39;Blood culture for bacteria, including anaerobic screen&#39;})</span>
      </p>
      <p>
        <b>value</b>: Staphylococcus aureus 
        <span style="background: LightGoldenRodYellow ">(Details : {SNOMED CT code &#39;3092008&#39; = &#39;Staphylococcus aureus&#39;, given as &#39;Staphylococcus aureus&#39;})</span>
      </p>
      <p>
        <b>interpretation</b>: Positive 
        <span style="background: LightGoldenRodYellow ">(Details : {http://hl7.org/fhir/v2/0078 code &#39;POS&#39; = &#39;Positive&#39;, given as &#39;null&#39;})</span>
      </p>
      <p>
        <b>issued</b>: 11-Mar 2013 10:28
      </p>
      <p>
        <b>status</b>: final_
      </p>
      <p>
        <b>reliability</b>: ok
      </p>
      <p>
        <b>method</b>: Blood culture for bacteria, including anaerobic screen 
        <span style="background: LightGoldenRodYellow ">(Details : {SNOMED CT code &#39;104177005&#39; = &#39;Blood culture for bacteria, including anaerobic screen&#39;, given as &#39;Blood culture for bacteria, including anaerobic screen&#39;})</span>
      </p>
      <p>
        <b>subject</b>: 
        <a href="patient-example-f201-roel.html">Roel. Generated Summary: BSN = 123456789 (official), BSN = 123456789 (official); Roel(official); 
          <span title="Codes: {http://snomed.info/sct 248153007}, {http://hl7.org/fhir/v3/AdministrativeGender M}">Male</span>; birthDate: 13-Mar 1960; 
          <span title="Codes: {http://snomed.info/sct 36629006}, {http://hl7.org/fhir/v3/MaritalStatus M}">Legally married</span>; 
          <span title="Codes: {urn:std:iso:639-1 nl-NL}">Dutch</span>; active
        </a>
      </p>
      <p>
        <b>performer</b>: 
        <a href="practitioner-example-f202-lm.html">Luigi Maas. Generated Summary: UZI-nummer = 12345678902 (official), BIG-nummer = 12345678902 (official); Luigi Maas(official); 
          <span title="Codes: {http://snomed.info/sct 248153007}">Male</span>; birthDate: 12-Jun 1960; 
          <span title="Codes: {http://snomed.info/sct 33526004}">Electronic laboratory reporting</span>; 
          <span title="Codes: {http://snomed.info/sct 159285000}">Medical laboratory technician</span>
        </a>
      </p>
    </div>
  </text>
  <name><!--  Kind of observation = Blood culture  -->
    <coding>
      <system value="http://snomed.info/sct"/>
      <code value="104177005"/>
      <display value="Blood culture for bacteria, including anaerobic screen"/>
    </coding>
  </name>
  <valueCodeableConcept>
    <coding>
      <system value="http://snomed.info/sct"/>
      <code value="3092008"/>
      <display value="Staphylococcus aureus"/>
    </coding>
  </valueCodeableConcept>
  <interpretation>
    <coding>
      <system value="http://hl7.org/fhir/v2/0078"/>
      <code value="POS"/>
    </coding>
  </interpretation>
  <issued value="2013-03-11T10:28:00+01:00"/>
  <status value="final"/>
  <reliability value="ok"/><!--  BodySite not relevant  -->
  <method>
    <coding>
      <system value="http://snomed.info/sct"/>
      <code value="104177005"/>
      <display value="Blood culture for bacteria, including anaerobic screen"/>
    </coding>
  </method><!--  No identifier could be provided to this observation  -->
  <subject><!--  It entails Roel's Staphylococcus  -->
    <reference value="Patient/f201"/>
    <display value="Roel"/>
  </subject>
  <performer><!--  Roel's blood culture was tested by Luigi Maas  -->
    <reference value="Practitioner/f202"/>
    <display value="Luigi Maas"/>
  </performer>
</Observation>