<?xml version="1.0" encoding="UTF-8"?>

<Observation xmlns="http://hl7.org/fhir">
  <text>
    <status value="generated"/>
    <div xmlns="http://www.w3.org/1999/xhtml">
      <p>
        <b>Generated Narrative with Details</b>
      </p>
      <p>
        <b>name</b>: Creatinine level 
        <span style="background: LightGoldenRodYellow ">(Details : {SNOMED CT code &#39;365756002&#39; = &#39;Creatinine level&#39;, given as &#39;Creatinine level&#39;})</span>
      </p>
      <p>
        <b>value</b>: 122 umol/L
        <span style="background: LightGoldenRodYellow "> (Details: SNOMED CT code 258814008 = &#39;umol/L (qualifier value)&#39;)</span>
      </p>
      <p>
        <b>interpretation</b>: Serum creatinine raised 
        <span style="background: LightGoldenRodYellow ">(Details : {SNOMED CT code &#39;166717003&#39; = &#39;Serum creatinine raised&#39;, given as &#39;Serum creatinine raised&#39;}; {http://hl7.org/fhir/v2/0078 code &#39;H&#39; = &#39;Above high normal&#39;, given as &#39;null&#39;})</span>
      </p>
      <p>
        <b>issued</b>: 4-Apr 2013 14:34
      </p>
      <p>
        <b>status</b>: final_
      </p>
      <p>
        <b>reliability</b>: ok
      </p>
      <p>
        <b>method</b>: Creatinine measurement, serum 
        <span style="background: LightGoldenRodYellow ">(Details : {SNOMED CT code &#39;113075003&#39; = &#39;Serum creatinine&#39;, given as &#39;Creatinine measurement, serum&#39;})</span>
      </p>
      <p>
        <b>identifier</b>: Creatinine value of Roel on April 2013 - 03720 = 1304-03720-Creatinine
      </p>
      <p>
        <b>subject</b>: 
        <a href="patient-example-f201-roel.html">Roel. Generated Summary: BSN = 123456789 (official), BSN = 123456789 (official); Roel(official); 
          <span title="Codes: {http://snomed.info/sct 248153007}, {http://hl7.org/fhir/v3/AdministrativeGender M}">Male</span>; birthDate: 13-Mar 1960; 
          <span title="Codes: {http://snomed.info/sct 36629006}, {http://hl7.org/fhir/v3/MaritalStatus M}">Legally married</span>; 
          <span title="Codes: {urn:std:iso:639-1 nl-NL}">Dutch</span>; active
        </a>
      </p>
      <p>
        <b>performer</b>: 
        <a href="practitioner-example-f202-lm.html">Luigi Maas. Generated Summary: UZI-nummer = 12345678902 (official), BIG-nummer = 12345678902 (official); Luigi Maas(official); 
          <span title="Codes: {http://snomed.info/sct 248153007}">Male</span>; birthDate: 12-Jun 1960; 
          <span title="Codes: {http://snomed.info/sct 33526004}">Electronic laboratory reporting</span>; 
          <span title="Codes: {http://snomed.info/sct 159285000}">Medical laboratory technician</span>
        </a>
      </p>
      <h3>ReferenceRanges</h3>
      <table class="grid">
        <tr>
          <td>
            <b>Low</b>
          </td>
          <td>
            <b>High</b>
          </td>
          <td>
            <b>Meaning</b>
          </td>
          <td>
            <b>Age</b>
          </td>
          <td>
            <b>Text</b>
          </td>
        </tr>
        <tr>
          <td>64</td>
          <td>104</td>
          <td>Normal Range 
            <span style="background: LightGoldenRodYellow ">(Details : {http://hl7.org/fhir/referencerange-meaning code &#39;normal&#39; = &#39;Normal Range&#39;, given as &#39;Normal Range&#39;})</span>
          </td>
          <td> </td>
          <td> </td>
        </tr>
      </table>
    </div>
  </text>
  <name><!--  Kind of observation = Creatinine  -->
    <coding>
      <system value="http://snomed.info/sct"/>
      <code value="365756002"/>
      <display value="Creatinine level"/>
    </coding>
  </name>
  <valueQuantity><!--  Creatinine=122mmol/L  -->
    <value value="122"/>
    <units value="umol/L"/>
    <system value="http://snomed.info/sct"/>
    <code value="258814008"/>
  </valueQuantity>
  <interpretation>
    <coding>
      <system value="http://snomed.info/sct"/>
      <code value="166717003"/>
      <display value="Serum creatinine raised"/>
    </coding>
    <coding>
      <system value="http://hl7.org/fhir/v2/0078"/>
      <code value="H"/>
    </coding>
  </interpretation>
  <issued value="2013-04-04T14:34:00+01:00"/><!--  Creatinine was measured on April fourth  -->
  <status value="final"/><!--  The observation is complete  -->
  <reliability value="ok"/><!--  No reliability concerns  -->
  <method><!--  Method was serum measurement  -->
    <coding>
      <system value="http://snomed.info/sct"/>
      <code value="113075003"/>
      <display value="Creatinine measurement, serum"/>
    </coding>
  </method>
  <identifier>
    <label value="Creatinine value of Roel on April 2013 - 03720"/>
    <system value="https://intranet.aumc.nl/labvalues"/><!--  Does not exist  -->
    <value value="1304-03720-Creatinine"/>
  </identifier>
  <subject><!--  It entails Roel's Creatinine level  -->
    <reference value="Patient/f201"/>
    <display value="Roel"/>
  </subject>
  <performer><!--  The creatinine level was measured by Luigi Maas  -->
    <reference value="Practitioner/f202"/>
    <display value="Luigi Maas"/>
  </performer>
  <referenceRange><!--  Healthy creatinine level ranges from 64umol/L to 104umol/L  -->
    <low>
      <value value="64"/>
    </low>
    <high>
      <value value="104"/>
    </high>
    <meaning>
      <coding>
        <system value="http://hl7.org/fhir/referencerange-meaning"/>
        <code value="normal"/>
        <display value="Normal Range"/>
      </coding>
    </meaning>
  </referenceRange>
</Observation>