<?xml version="1.0" encoding="UTF-8"?>

<OperationDefinition xmlns="http://hl7.org/fhir">
  <text>
    <status value="generated"/>
    <div xmlns="http://www.w3.org/1999/xhtml">
      <h2>Value Set Expansion</h2>
      <p>Operation: expand</p>
      <div>
        <p>The definition of a value set is used to create a simple collection of codes suitable for use for data entry or validation.</p>

        <p>If the operation is not called at the instance level, one of the in parameters identifier or valueset must be provided.</p>

        <p>An expanded value set will be returned, or an OperationOutcome with an error message</p>

      </div>
      <p>URL: [base]/ValueSet/$expand</p>
      <p>URL: [base]/ValueSet/[id]/$expand</p>
      <p>Parameters</p>
      <table class="grid">
        <tr>
          <td>
            <b>Name</b>
          </td>
          <td>
            <b>Use</b>
          </td>
          <td>
            <b>Cardinality</b>
          </td>
          <td>
            <b>Type</b>
          </td>
          <td>
            <b>Documentation</b>
          </td>
        </tr>
        <tr>
          <td>identifier</td>
          <td>in</td>
          <td>0..1</td>
          <td>uri</td>
          <td>
            <div>
              <p>A logical value set identifier (i.e. ValueSet.identifier). The server must know the value set (e.g. it is defined explicitly in the server&#39;s valuesets, or it is defined implicitly by some code system known to the server</p>

            </div>
          </td>
        </tr>
        <tr>
          <td>valueSet</td>
          <td>in</td>
          <td>0..1</td>
          <td>ValueSet</td>
          <td>
            <div>
              <p>The value set is provided directly as part of the request. Servers may choose not to accept value sets in this fashion</p>

            </div>
          </td>
        </tr>
        <tr>
          <td>filter</td>
          <td>in</td>
          <td>0..1</td>
          <td>string</td>
          <td>
            <div>
              <p>A text filter that is applied to restrict the codes that are returned (this is useful in a UI context)</p>

            </div>
          </td>
        </tr>
        <tr>
          <td>expansion</td>
          <td>out</td>
          <td>1..1</td>
          <td>ValueSet</td>
          <td>
            <div>
              <p>The result of the expansion</p>

            </div>
          </td>
        </tr>
      </table>
      <div>
        <p>The value set expansion returned by this query should be treated as a transient result that will change over time (whether it does or not depends on how the value set is specified), so applications should repeat the operation each time the value set is used.</p>

      </div>
    </div>
  </text>
  <title value="Value Set Expansion"/>
  <publisher value="HL7 (FHIR Project)"/>
  <telecom>
    <system value="url"/>
    <value value="http://hl7.org/fhir"/>
  </telecom>
  <telecom>
    <system value="email"/>
    <value value="fhir@lists.hl7.org"/>
  </telecom>
  <description value="The definition of a value set is used to create a simple collection of codes suitable for use for data entry or validation. 

If the operation is not called at the instance level, one of the in parameters identifier or valueset must be provided.

An expanded value set will be returned, or an OperationOutcome with an error message"/>
  <status value="draft"/>
  <date value="2014-08-09T07:35:26.985+10:00"/>
  <kind value="operation"/>
  <name value="expand"/>
  <notes value="The value set expansion returned by this query should be treated as a transient result that will change over time (whether it does or not depends on how the value set is specified), so applications should repeat the operation each time the value set is used."/>
  <system value="false"/>
  <type value="ValueSet"/>
  <instance value="true"/>
  <parameter>
    <name value="identifier"/>
    <use value="in"/>
    <min value="0"/>
    <max value="1"/>
    <documentation value="A logical value set identifier (i.e. ValueSet.identifier). The server must know the value set (e.g. it is defined explicitly in the server&#39;s valuesets, or it is defined implicitly by some code system known to the server"/>
    <type>
      <system value="http://hl7.org/fhir/vs/defined-types"/>
      <code value="uri"/>
    </type>
  </parameter>
  <parameter>
    <name value="valueSet"/>
    <use value="in"/>
    <min value="0"/>
    <max value="1"/>
    <documentation value="The value set is provided directly as part of the request. Servers may choose not to accept value sets in this fashion"/>
    <type>
      <system value="http://hl7.org/fhir/vs/defined-types"/>
      <code value="ValueSet"/>
    </type>
  </parameter>
  <parameter>
    <name value="filter"/>
    <use value="in"/>
    <min value="0"/>
    <max value="1"/>
    <documentation value="A text filter that is applied to restrict the codes that are returned (this is useful in a UI context)"/>
    <type>
      <system value="http://hl7.org/fhir/vs/defined-types"/>
      <code value="string"/>
    </type>
  </parameter>
  <parameter>
    <name value="expansion"/>
    <use value="out"/>
    <min value="1"/>
    <max value="1"/>
    <documentation value="The result of the expansion"/>
    <type>
      <system value="http://hl7.org/fhir/vs/defined-types"/>
      <code value="ValueSet"/>
    </type>
  </parameter>
</OperationDefinition>