<?xml version="1.0" encoding="UTF-8"?>

<OperationDefinition xmlns="http://hl7.org/fhir">
  <text>
    <status value="generated"/>
    <div xmlns="http://www.w3.org/1999/xhtml">
      <h2>Concept Translation</h2>
      <p>Operation: translate</p>
      <div>
        <p>Translate a code from one value set to another, based on the existing value set and concept maps resources, and/or other additional knowledge available to the server. || One (and only one) of the in parameters (code, coding, codeableConcept) must be provided, to identify the code that is to be translated.  || The outcome is an operationOutcome with hints, warnings, or errors, or the translated code in an extension</p>

      </div>
      <p>URL: [base]/ConceptMap/$translate</p>
      <p>Parameters</p>
      <table class="grid">
        <tr>
          <td>
            <b>Name</b>
          </td>
          <td>
            <b>Use</b>
          </td>
          <td>
            <b>Cardinality</b>
          </td>
          <td>
            <b>Type</b>
          </td>
          <td>
            <b>Documentation</b>
          </td>
        </tr>
        <tr>
          <td>code</td>
          <td>in</td>
          <td>0..1</td>
          <td>code</td>
          <td>
            <div>
              <p>The code that is to be translated. If a code is provided, a system must be provided</p>

            </div>
          </td>
        </tr>
        <tr>
          <td>system</td>
          <td>in</td>
          <td>0..1</td>
          <td>uri</td>
          <td>
            <div>
              <p>The system for the code that is to be translated</p>

            </div>
          </td>
        </tr>
        <tr>
          <td>version</td>
          <td>in</td>
          <td>0..1</td>
          <td>string</td>
          <td>
            <div>
              <p>The version of the system, if one was provided in the source data</p>

            </div>
          </td>
        </tr>
        <tr>
          <td>valueSet</td>
          <td>in</td>
          <td>0..1</td>
          <td>Resource(ValueSet)</td>
          <td>
            <div>
              <p>Identifies the value set used when the concept (system/code pair) was chosen.</p>

            </div>
          </td>
        </tr>
        <tr>
          <td>coding</td>
          <td>in</td>
          <td>0..1</td>
          <td>Coding</td>
          <td>
            <div>
              <p>A coding to translate</p>

            </div>
          </td>
        </tr>
        <tr>
          <td>codeableConcept</td>
          <td>in</td>
          <td>0..1</td>
          <td>CodeableConcept</td>
          <td>
            <div>
              <p>A full codeableConcept to validate. The server can translate any of the coding values as it chooses</p>

            </div>
          </td>
        </tr>
        <tr>
          <td>outcome</td>
          <td>out</td>
          <td>1..1</td>
          <td>OperationOutcome</td>
          <td>
            <div>
              <p>If the translation is successful, the translation is represented as an extension (uri = 
                <a href="http://hl7.org/fhir/Profile/general-extensions#translation">http://hl7.org/fhir/Profile/general-extensions#translation</a>) of type Coding on the operation outcome, or else an error must be returned. Hints and warnings may be returned in either case
              </p>

            </div>
          </td>
        </tr>
      </table>
      <div/>
    </div>
  </text>
  <title value="Concept Translation"/>
  <publisher value="HL7 (FHIR Project)"/>
  <telecom>
    <system value="url"/>
    <value value="http://hl7.org/fhir"/>
  </telecom>
  <telecom>
    <system value="email"/>
    <value value="fhir@lists.hl7.org"/>
  </telecom>
  <description value="Translate a code from one value set to another, based on the existing value set and concept maps resources, and/or other additional knowledge available to the server. || One (and only one) of the in parameters (code, coding, codeableConcept) must be provided, to identify the code that is to be translated.  || The outcome is an operationOutcome with hints, warnings, or errors, or the translated code in an extension"/>
  <status value="draft"/>
  <date value="2014-08-09T07:35:26.985+10:00"/>
  <kind value="operation"/>
  <name value="translate"/>
  <system value="false"/>
  <type value="ConceptMap"/>
  <instance value="false"/>
  <parameter>
    <name value="code"/>
    <use value="in"/>
    <min value="0"/>
    <max value="1"/>
    <documentation value="The code that is to be translated. If a code is provided, a system must be provided"/>
    <type>
      <system value="http://hl7.org/fhir/vs/defined-types"/>
      <code value="code"/>
    </type>
  </parameter>
  <parameter>
    <name value="system"/>
    <use value="in"/>
    <min value="0"/>
    <max value="1"/>
    <documentation value="The system for the code that is to be translated"/>
    <type>
      <system value="http://hl7.org/fhir/vs/defined-types"/>
      <code value="uri"/>
    </type>
  </parameter>
  <parameter>
    <name value="version"/>
    <use value="in"/>
    <min value="0"/>
    <max value="1"/>
    <documentation value="The version of the system, if one was provided in the source data"/>
    <type>
      <system value="http://hl7.org/fhir/vs/defined-types"/>
      <code value="string"/>
    </type>
  </parameter>
  <parameter>
    <name value="valueSet"/>
    <use value="in"/>
    <min value="0"/>
    <max value="1"/>
    <documentation value="Identifies the value set used when the concept (system/code pair) was chosen."/>
    <type>
      <system value="http://hl7.org/fhir/vs/defined-types"/>
      <code value="Resource(ValueSet)"/>
    </type>
  </parameter>
  <parameter>
    <name value="coding"/>
    <use value="in"/>
    <min value="0"/>
    <max value="1"/>
    <documentation value="A coding to translate"/>
    <type>
      <system value="http://hl7.org/fhir/vs/defined-types"/>
      <code value="Coding"/>
    </type>
  </parameter>
  <parameter>
    <name value="codeableConcept"/>
    <use value="in"/>
    <min value="0"/>
    <max value="1"/>
    <documentation value="A full codeableConcept to validate. The server can translate any of the coding values as it chooses"/>
    <type>
      <system value="http://hl7.org/fhir/vs/defined-types"/>
      <code value="CodeableConcept"/>
    </type>
  </parameter>
  <parameter>
    <name value="outcome"/>
    <use value="out"/>
    <min value="1"/>
    <max value="1"/>
    <documentation value="If the translation is successful, the translation is represented as an extension (uri = [[[http://hl7.org/fhir/Profile/general-extensions#translation]]]) of type Coding on the operation outcome, or else an error must be returned. Hints and warnings may be returned in either case"/>
    <type>
      <system value="http://hl7.org/fhir/vs/defined-types"/>
      <code value="OperationOutcome"/>
    </type>
  </parameter>
</OperationDefinition>