<?xml version="1.0" encoding="UTF-8"?>

<Procedure xmlns="http://hl7.org/fhir">
  <text>
    <status value="generated"/>
    <div xmlns="http://www.w3.org/1999/xhtml">
      <p>
        <b>Generated Narrative with Details</b>
      </p>
      <p>
        <b>subject</b>: 
        <a href="patient-example-f001-pieter.html">P. van de Heuvel. Generated Summary: 738472983 (usual), ?? (usual); Pieter van de Heuvel ; 
          <span title="Codes: {http://hl7.org/fhir/v3/AdministrativeGender M}">Male</span>; birthDate: 17-Nov 1944; 
          <span title="Codes: {http://hl7.org/fhir/v3/MaritalStatus M}">Getrouwd</span>; multipleBirth; 
          <span title="Codes: {urn:ietf:bcp:47 nl}">Nederlands</span>; active
        </a>
      </p>
      <p>
        <b>type</b>: Heart valve replacement 
        <span style="background: LightGoldenRodYellow ">(Details : {SNOMED CT code &#39;34068001&#39; = &#39;Heart valve replacement&#39;, given as &#39;Heart valve replacement&#39;})</span>
      </p>
      <p>
        <b>bodySite</b>: Heart valve structure 
        <span style="background: LightGoldenRodYellow ">(Details : {SNOMED CT code &#39;17401000&#39; = &#39;Cardiac valve&#39;, given as &#39;Heart valve structure&#39;})</span>
      </p>
      <p>
        <b>indication</b>: Heart valve disorder 
        <span style="background: LightGoldenRodYellow ">(Details )</span>
      </p>
      <h3>Performers</h3>
      <table class="grid">
        <tr>
          <td>
            <b>Person</b>
          </td>
          <td>
            <b>Role</b>
          </td>
        </tr>
        <tr>
          <td>
            <a href="practitioner-example-f002-pv.html">P. Voigt. Generated Summary: 730291637 (official), 174BIP3JH438 (usual); Pieter Voigt (official); 
              <span title="Codes: {urn:oid:2.16.840.1.113883.4.642.1.24 M}">Male</span>; birthDate: 29-Apr 1979; 
              <span title="Codes: {urn:oid:2.16.840.1.113883.2.4.15.111 01.000}">Care role</span>; 
              <span title="Codes: {urn:oid:2.16.840.1.113883.2.4.15.111 01.011}">specialisation</span>
            </a>
          </td>
          <td>Care role 
            <span style="background: LightGoldenRodYellow ">(Details : {urn:oid:2.16.840.1.113883.2.4.15.111 code &#39;01.000&#39; = &#39;01.000&#39;, given as &#39;Arts&#39;})</span>
          </td>
        </tr>
      </table>
      <p>
        <b>date</b>: 26-Jun 2011 --&gt; 27-Jun 2011
      </p>
      <p>
        <b>encounter</b>: 
        <a href="encounter-example-f001-heart.html">Generated Summary: v1451 (official); finished; outpatient; 
          <span title="Codes: {http://snomed.info/sct 270427003}">Patient-initiated encounter</span>; 140 min; 
          <span title="Codes: {http://snomed.info/sct 34068001}">Heart valve replacement</span>; 
          <span title="Codes: {http://snomed.info/sct 310361003}">Non-urgent cardiological admission</span>
        </a>
      </p>
      <p>
        <b>outcome</b>: improved blood circulation
      </p>
      <p>
        <b>report</b>: 
        <a href="diagnosticreport-example-f001-bloodexam.html">Lab results blood test. Generated Summary: 
          <span title="Codes: {http://loinc.org 58410-2}">Complete blood count (hemogram) panel - Blood by Automated count</span>; final_; issued: 15-May 2013 19:32; P. van den Heuvel; Burgers University Medical Centre; nr1239044 (official); 
          <span title="Codes: {http://snomed.info/sct 252275004}, {http://hl7.org/fhir/v2/0074 HM}">Haematology test</span>; diagnostic: 2-Apr 2013; conclusion: Core lab
        </a>
      </p>
      <p>
        <b>followUp</b>: described in care plan
      </p>
    </div>
  </text>
  <subject>
    <reference value="Patient/f001"/>
    <display value="P. van de Heuvel"/>
  </subject>
  <type>
    <coding>
      <system value="http://snomed.info/sct"/>
      <code value="34068001"/>
      <display value="Heart valve replacement"/>
    </coding>
  </type>
  <bodySite>
    <coding>
      <system value="http://snomed.info/sct"/>
      <code value="17401000"/>
      <display value="Heart valve structure"/>
    </coding>
  </bodySite>
  <indication>
    <text value="Heart valve disorder"/>
  </indication>
  <performer>
    <person>
      <reference value="Practitioner/f002"/>
      <display value="P. Voigt"/>
    </person>
    <role>
      <coding>
        <system value="urn:oid:2.16.840.1.113883.2.4.15.111"/><!--   "AssignedRoleType" coding system   -->
        <code value="01.000"/>
        <display value="Arts"/>
      </coding>
      <text value="Care role"/>
    </role>
  </performer>
  <date>
    <start value="2011-06-26"/>
    <end value="2011-06-27"/>
  </date>
  <encounter>
    <reference value="Encounter/f001"/>
  </encounter>
  <outcome value="improved blood circulation"/>
  <report>
    <reference value="DiagnosticReport/f001"/>
    <display value="Lab results blood test"/>
  </report>
  <followUp value="described in care plan"/>
</Procedure>