<?xml version="1.0" encoding="UTF-8"?>

<Procedure xmlns="http://hl7.org/fhir">
  <text>
    <status value="generated"/>
    <div xmlns="http://www.w3.org/1999/xhtml">
      <p>
        <b>Generated Narrative with Details</b>
      </p>
      <p>
        <b>subject</b>: 
        <a href="patient-example-f201-roel.html">Roel. Generated Summary: BSN = 123456789 (official), BSN = 123456789 (official); Roel(official); 
          <span title="Codes: {http://snomed.info/sct 248153007}, {http://hl7.org/fhir/v3/AdministrativeGender M}">Male</span>; birthDate: 13-Mar 1960; 
          <span title="Codes: {http://snomed.info/sct 36629006}, {http://hl7.org/fhir/v3/MaritalStatus M}">Legally married</span>; 
          <span title="Codes: {urn:std:iso:639-1 nl-NL}">Dutch</span>; active
        </a>
      </p>
      <p>
        <b>type</b>: Chemotherapy 
        <span style="background: LightGoldenRodYellow ">(Details : {SNOMED CT code &#39;367336001&#39; = &#39;Chemotherapy&#39;, given as &#39;Chemotherapy&#39;})</span>
      </p>
      <p>
        <b>bodySite</b>: Sphenoid bone 
        <span style="background: LightGoldenRodYellow ">(Details : {SNOMED CT code &#39;272676008&#39; = &#39;Sphenoid bone&#39;, given as &#39;Sphenoid bone&#39;})</span>
      </p>
      <p>
        <b>indication</b>: DiagnosticReport/f201 
        <span style="background: LightGoldenRodYellow ">(Details )</span>
      </p>
      <h3>Performers</h3>
      <table class="grid">
        <tr>
          <td>
            <b>Person</b>
          </td>
          <td>
            <b>Role</b>
          </td>
        </tr>
        <tr>
          <td>
            <a href="practitioner-example-f201-ab.html">Dokter Bronsig. Generated Summary: UZI-nummer = 12345678901 (official); Dokter Bronsig(official); 
              <span title="Codes: {http://snomed.info/sct 248153007}">Male</span>; birthDate: 24-Dec 1956; 
              <span title="Codes: {http://snomed.info/sct 225304007}">Implementation of planned interventions</span>; 
              <span title="Codes: {http://snomed.info/sct 310512001}">Medical oncologist</span>
            </a>
          </td>
          <td>Medical oncologist 
            <span style="background: LightGoldenRodYellow ">(Details : {SNOMED CT code &#39;310512001&#39; = &#39;Medical oncologist&#39;, given as &#39;Medical oncologist&#39;})</span>
          </td>
        </tr>
      </table>
      <p>
        <b>date</b>: 28-Jan 2013 13:31 --&gt; 28-Jan 2013 14:27
      </p>
      <p>
        <b>encounter</b>: 
        <a href="encounter-example-f202-20130128.html">Roel&#39;s encounter on January 28th, 2013. Generated Summary: Roel&#39;s encounter on January 28th, 2013 = Encounter_Roel_20130128 (temp); finished; outpatient; 
          <span title="Codes: {http://snomed.info/sct 367336001}">Chemotherapy</span>; 56 minutes; 
          <span title="Codes: ">The patient is treated for a tumor.</span>; 
          <span title="Codes: {http://snomed.info/sct 103391001}">Urgent</span>
        </a>
      </p>
      <p>
        <b>notes</b>: Eerste neo-adjuvante TPF-kuur bij groot proces in sphenoid met intracraniale uitbreiding.
      </p>
    </div>
  </text>
  <subject><!--  It entails Roel's TPF treatment  -->
    <reference value="Patient/f201"/>
    <display value="Roel"/>
  </subject>
  <type><!--  The procedure is TPF-based chemotherapy  -->
    <coding>
      <system value="http://snomed.info/sct"/>
      <code value="367336001"/>
      <display value="Chemotherapy"/>
    </coding>
  </type>
  <bodySite>
    <coding>
      <system value="http://snomed.info/sct"/>
      <code value="272676008"/>
      <display value="Sphenoid bone"/>
    </coding>
  </bodySite>
  <indication>
    <text value="DiagnosticReport/f201"/>
  </indication><!--  TODO Why can't this be Resource (any) AND String?  -->
  <performer>
    <person>
      <reference value="Practitioner/f201"/>
      <display value="Dokter Bronsig"/>
    </person>
    <role>
      <coding>
        <system value="http://snomed.info/sct"/>
        <code value="310512001"/>
        <display value="Medical oncologist"/>
      </coding>
    </role>
  </performer>
  <date>
    <start value="2013-01-28T13:31:00+01:00"/>
    <end value="2013-01-28T14:27:00+01:00"/>
  </date>
  <encounter>
    <reference value="Encounter/f202"/>
    <display value="Roel&#39;s encounter on January 28th, 2013"/>
  </encounter><!--  No outcomes, reports, complications or follow-ups were available  -->
  <notes value="Eerste neo-adjuvante TPF-kuur bij groot proces in sphenoid met intracraniale uitbreiding."/>
</Procedure>