<?xml version="1.0" encoding="UTF-8"?>

<Supply xmlns="http://hl7.org/fhir">
  <text>
    <status value="generated"/>
    <div xmlns="http://www.w3.org/1999/xhtml">
      <p>
        <b>Generated Narrative with Details</b>
      </p>
      <p>
        <b>kind</b>: Central Supply 
        <span style="background: LightGoldenRodYellow ">(Details : {http://hl7.org/fhir/supply-type code &#39;central&#39; = &#39;Central Supply&#39;, given as &#39;Central Supply&#39;})</span>
      </p>
      <p>
        <b>identifier</b>: 23455
      </p>
      <p>
        <b>status</b>: received
      </p>
      <p>
        <b>orderedItem</b>: 
        <a href="device-example-f001-feedingtube.html">Feeding tube. Generated Summary: 
          <span title="Codes: {http://snomed.info/sct 25062003}">Feeding tube, device</span>
        </a>
      </p>
      <h3>Dispenses</h3>
      <table class="grid">
        <tr>
          <td>
            <b>Identifier</b>
          </td>
          <td>
            <b>Status</b>
          </td>
          <td>
            <b>Type</b>
          </td>
          <td>
            <b>Quantity</b>
          </td>
          <td>
            <b>SuppliedItem</b>
          </td>
          <td>
            <b>Supplier</b>
          </td>
          <td>
            <b>WhenPrepared</b>
          </td>
          <td>
            <b>WhenHandedOver</b>
          </td>
          <td>
            <b>Destination</b>
          </td>
          <td>
            <b>Receiver</b>
          </td>
        </tr>
        <tr>
          <td>12345 (usual)</td>
          <td>dispensed</td>
          <td>Device 
            <span style="background: LightGoldenRodYellow ">(Details : {http://hl7.org/fhir/supply-item-type code &#39;device&#39; = &#39;Device&#39;, given as &#39;Device&#39;})</span>
          </td>
          <td>1 EA
            <span style="background: LightGoldenRodYellow "> (Details: http://unitsofmeasure.org/trac/ code {each} = &#39;{each}&#39;)</span>
          </td>
          <td>
            <a href="device-example-f001-feedingtube.html">Feeding tube. Generated Summary: 
              <span title="Codes: {http://snomed.info/sct 25062003}">Feeding tube, device</span>
            </a>
          </td>
          <td>
            <a href="practitioner-example-f006-rvdb.html">Rob van den Berk . Generated Summary: 937223645 (official), 134IDY41W988 (usual); Rob van den Berk (official); 
              <span title="Codes: {http://hl7.org/fhir/v3/AdministrativeGender M}">Male</span>; birthDate: 7-Dec 1975; 
              <span title="Codes: {urn:oid:2.16.840.1.113883.2.4.15.111 01.000}">Care role</span>; 
              <span title="Codes: {urn:oid:2.16.840.1.113883.2.4.15.111 17.000}">specialisation</span>
            </a>
          </td>
          <td> </td>
          <td>24-Jul 2014 1:23 --&gt; (ongoing)</td>
          <td>
            <a href="location-example-room.html">Neuro Radiology Operation Room . Generated Summary: B1-S.F2.1.00; name: South Wing Neuro OR 1; description: Old South Wing, Neuro Radiology Operation Room 1 on second floor; 
              <span title="Codes: {http://hl7.org/fhir/v3/RoleCode RNEU}">Neuroradiology unit</span>; 
              <span title="Codes: {http://hl7.org/fhir/location-physical-type ro}">Room</span>; suspended
            </a>
          </td>
          <td>
            <a href="practitioner-example-f204-ce.html">Carla Espinosa. Generated Summary: UZI-nummer = 12345678904 (official); Carla Espinosa; 
              <span title="Codes: {http://snomed.info/sct 248152002}">Female</span>; birthDate: 5-Nov 1967; 
              <span title="Codes: {http://snomed.info/sct 224565004}">Renal nurse</span>; 
              <span title="Codes: {http://snomed.info/sct 9632001}">Nursing procedure</span>
            </a>
          </td>
        </tr>
      </table>
    </div>
  </text>
  <kind>
    <coding>
      <system value="http://hl7.org/fhir/supply-type"/>
      <code value="central"/>
      <display value="Central Supply"/>
      <primary value="true"/>
      <valueSet>
        <reference value="http://hl7.org/fhir/vs/supply-type"/>
        <display value="supply-type"/>
      </valueSet>
    </coding>
  </kind>
  <identifier>
    <system value="OR-Supply-Application"/>
    <value value="23455"/>
    <assigner>
      <reference value="Organization/2.16.840.1.113883.19.5"/>
      <display value="Good Health Clinic"/>
    </assigner>
  </identifier>
  <status value="received"/>
  <orderedItem>
    <reference value="Device/f001"/>
    <display value="Feeding tube"/>
  </orderedItem>
  <dispense>
    <identifier>
      <use value="usual"/>
      <system value="MM-Supply-Application"/>
      <value value="12345"/>
      <assigner>
        <reference value="Organization/2.16.840.1.113883.19.5"/>
        <display value="Good Health Clinic"/>
      </assigner>
    </identifier>
    <status value="dispensed"/>
    <type>
      <coding>
        <system value="http://hl7.org/fhir/supply-item-type"/>
        <code value="device"/>
        <display value="Device"/>
        <primary value="true"/>
        <valueSet>
          <reference value="http://hl7.org/fhir/vs/supply-item"/>
          <display value="supply-item"/>
        </valueSet>
      </coding>
    </type>
    <quantity>
      <value value="1"/>
      <units value="EA"/>
      <system value="http://unitsofmeasure.org/trac/"/>
      <code value="{each}"/>
    </quantity>
    <suppliedItem>
      <reference value="Device/f001"/>
      <display value="Feeding tube"/>
    </suppliedItem>
    <supplier>
      <reference value="Practitioner/f006"/>
      <display value="Rob van den Berk "/>
    </supplier>
    <whenHandedOver>
      <start value="2014-07-24T01:23:55-07:00"/>
    </whenHandedOver>
    <destination>
      <reference value="Location/2"/>
      <display value="Neuro Radiology Operation Room "/>
    </destination>
    <receiver>
      <reference value="Practitioner/f204"/>
      <display value="Carla Espinosa"/>
    </receiver>
  </dispense>
</Supply>