{
  "resourceType": "Questionnaire",
  "text": {
    "status": "generated",
    "div": "<div><p><b>Generated Narrative with Details</b></p><p><b>status</b>: draft</p><p><b>date</b>: 9-Aug 2014 7:35</p><p><b>publisher</b>: HL7 FHIR Standard</p><blockquote><p><b>group</b></p><p><b>linkId</b>: AdverseReaction</p><p><b>title</b>: Specific reactions to a substance</p><p><b>text</b>: Records an unexpected reaction suspected to be related to the exposure of the reaction subject to a substance.</p><p><b>required</b>: true</p><blockquote><p><b>group</b></p></blockquote><blockquote><p><b>group</b></p></blockquote><blockquote><p><b>group</b></p></blockquote><blockquote><p><b>group</b></p></blockquote><blockquote><p><b>group</b></p></blockquote><blockquote><p><b>group</b></p></blockquote><blockquote><p><b>group</b></p></blockquote></blockquote></div>"
  },
  "status": "draft",
  "date": "2014-08-09T07:35:26.985+10:00",
  "publisher": "HL7 FHIR Standard",
  "group": {
    "linkId": "AdverseReaction",
    "title": "Specific reactions to a substance",
    "text": "Records an unexpected reaction suspected to be related to the exposure of the reaction subject to a substance.",
    "required": true,
    "group": [
      {
        "linkId": "AdverseReaction.identifier",
        "text": "External Ids for this adverse reaction",
        "repeats": true,
        "question": [
          {
            "linkId": "label",
            "text": "label:",
            "type": "string",
            "required": true
          },
          {
            "linkId": "system",
            "text": "system:",
            "type": "string",
            "required": true
          },
          {
            "linkId": "value",
            "text": "value:",
            "type": "string",
            "required": true
          }
        ]
      },
      {
        "linkId": "AdverseReaction.date",
        "text": "When the reaction occurred",
        "question": [
          {
            "linkId": "dateTime",
            "text": "date/time:",
            "type": "dateTime",
            "required": true
          }
        ]
      },
      {
        "linkId": "AdverseReaction.subject",
        "text": "Who had the reaction",
        "required": true,
        "question": [
          {
            "linkId": "reference",
            "text": "url:",
            "type": "string",
            "required": true
          }
        ]
      },
      {
        "linkId": "AdverseReaction.didNotOccurFlag",
        "text": "Indicates lack of reaction",
        "required": true,
        "question": [
          {
            "linkId": "boolean",
            "text": "value",
            "type": "boolean",
            "required": true
          }
        ]
      },
      {
        "linkId": "AdverseReaction.recorder",
        "text": "Who recorded the reaction"
      },
      {
        "linkId": "AdverseReaction.symptom",
        "title": "What was reaction?",
        "text": "The signs and symptoms that were observed as part of the reaction.",
        "repeats": true,
        "group": [
          {
            "linkId": "AdverseReaction.symptom.code",
            "text": "E.g. Rash, vomiting",
            "required": true,
            "question": [
              {
                "linkId": "text",
                "text": "text:",
                "type": "string",
                "required": true
              },
              {
                "linkId": "coding",
                "text": "code:",
                "type": "open-choice",
                "required": true,
                "repeats": true
              }
            ]
          },
          {
            "linkId": "AdverseReaction.symptom.severity",
            "text": "severe | serious | moderate | minor",
            "question": [
              {
                "linkId": "code",
                "text": "code:",
                "type": "string",
                "required": true
              }
            ]
          }
        ]
      },
      {
        "linkId": "AdverseReaction.exposure",
        "title": "Suspected substance",
        "text": "An exposure to a substance that preceded a reaction occurrence.",
        "repeats": true,
        "group": [
          {
            "linkId": "AdverseReaction.exposure.date",
            "text": "When the exposure occurred",
            "question": [
              {
                "linkId": "dateTime",
                "text": "date/time:",
                "type": "dateTime",
                "required": true
              }
            ]
          },
          {
            "linkId": "AdverseReaction.exposure.type",
            "text": "drugadmin | immuniz | coincidental",
            "question": [
              {
                "linkId": "code",
                "text": "code:",
                "type": "string",
                "required": true
              }
            ]
          },
          {
            "linkId": "AdverseReaction.exposure.causalityExpectation",
            "text": "likely | unlikely | confirmed | unknown",
            "question": [
              {
                "linkId": "code",
                "text": "code:",
                "type": "string",
                "required": true
              }
            ]
          },
          {
            "linkId": "AdverseReaction.exposure.substance",
            "text": "Presumed causative substance",
            "question": [
              {
                "linkId": "reference",
                "text": "url:",
                "type": "string",
                "required": true
              }
            ]
          }
        ]
      }
    ]
  }
}