{
  "resourceType": "Questionnaire",
  "text": {
    "status": "generated",
    "div": "<div><p><b>Generated Narrative with Details</b></p><p><b>status</b>: draft</p><p><b>date</b>: 9-Aug 2014 7:35</p><p><b>publisher</b>: HL7 FHIR Standard</p><blockquote><p><b>group</b></p><p><b>linkId</b>: AllergyIntolerance</p><p><b>title</b>: Drug, food, environmental and others</p><p><b>text</b>: Indicates the patient has a susceptibility to an adverse reaction upon exposure to a specified substance.</p><p><b>required</b>: true</p><blockquote><p><b>group</b></p></blockquote><blockquote><p><b>group</b></p></blockquote><blockquote><p><b>group</b></p></blockquote><blockquote><p><b>group</b></p></blockquote><blockquote><p><b>group</b></p></blockquote><blockquote><p><b>group</b></p></blockquote><blockquote><p><b>group</b></p></blockquote><blockquote><p><b>group</b></p></blockquote><blockquote><p><b>group</b></p></blockquote><blockquote><p><b>group</b></p></blockquote></blockquote></div>"
  },
  "status": "draft",
  "date": "2014-08-09T07:35:26.985+10:00",
  "publisher": "HL7 FHIR Standard",
  "group": {
    "linkId": "AllergyIntolerance",
    "title": "Drug, food, environmental and others",
    "text": "Indicates the patient has a susceptibility to an adverse reaction upon exposure to a specified substance.",
    "required": true,
    "group": [
      {
        "linkId": "AllergyIntolerance.identifier",
        "text": "External Ids for this item",
        "repeats": true,
        "question": [
          {
            "linkId": "label",
            "text": "label:",
            "type": "string",
            "required": true
          },
          {
            "linkId": "system",
            "text": "system:",
            "type": "string",
            "required": true
          },
          {
            "linkId": "value",
            "text": "value:",
            "type": "string",
            "required": true
          }
        ]
      },
      {
        "linkId": "AllergyIntolerance.criticality",
        "text": "fatal | high | medium | low",
        "question": [
          {
            "linkId": "code",
            "text": "code:",
            "type": "string",
            "required": true
          }
        ]
      },
      {
        "linkId": "AllergyIntolerance.sensitivityType",
        "text": "allergy | intolerance | unknown",
        "required": true,
        "question": [
          {
            "linkId": "code",
            "text": "code:",
            "type": "string",
            "required": true
          }
        ]
      },
      {
        "linkId": "AllergyIntolerance.recordedDate",
        "text": "When recorded",
        "question": [
          {
            "linkId": "dateTime",
            "text": "date/time:",
            "type": "dateTime",
            "required": true
          }
        ]
      },
      {
        "linkId": "AllergyIntolerance.status",
        "text": "suspected | confirmed | refuted | resolved",
        "required": true,
        "question": [
          {
            "linkId": "code",
            "text": "code:",
            "type": "string",
            "required": true
          }
        ]
      },
      {
        "linkId": "AllergyIntolerance.subject",
        "text": "Who the sensitivity is for",
        "required": true,
        "question": [
          {
            "linkId": "reference",
            "text": "url:",
            "type": "string",
            "required": true
          }
        ]
      },
      {
        "linkId": "AllergyIntolerance.recorder",
        "text": "Who recorded the sensitivity"
      },
      {
        "linkId": "AllergyIntolerance.substance",
        "text": "The substance that causes the sensitivity",
        "required": true,
        "question": [
          {
            "linkId": "reference",
            "text": "url:",
            "type": "string",
            "required": true
          }
        ]
      },
      {
        "linkId": "AllergyIntolerance.reaction",
        "text": "Reactions associated with the sensitivity",
        "repeats": true,
        "question": [
          {
            "linkId": "reference",
            "text": "url:",
            "type": "string",
            "required": true
          }
        ]
      },
      {
        "linkId": "AllergyIntolerance.sensitivityTest",
        "text": "Observations that confirm or refute",
        "repeats": true,
        "question": [
          {
            "linkId": "reference",
            "text": "url:",
            "type": "string",
            "required": true
          }
        ]
      }
    ]
  }
}