{
  "resourceType": "Questionnaire",
  "text": {
    "status": "generated",
    "div": "<div><p><b>Generated Narrative with Details</b></p><p><b>status</b>: draft</p><p><b>date</b>: 9-Aug 2014 7:35</p><p><b>publisher</b>: HL7 FHIR Standard</p><blockquote><p><b>group</b></p><p><b>linkId</b>: Appointment</p><p><b>title</b>: (informative) A scheduled appointment for a patient and/or practitioner(s) where a service may take place</p><p><b>text</b>: (informative) A scheduled appointment for a patient and/or practitioner(s) where a service may take place.</p><p><b>required</b>: true</p><blockquote><p><b>group</b></p></blockquote><blockquote><p><b>group</b></p></blockquote><blockquote><p><b>group</b></p></blockquote><blockquote><p><b>group</b></p></blockquote><blockquote><p><b>group</b></p></blockquote><blockquote><p><b>group</b></p></blockquote><blockquote><p><b>group</b></p></blockquote><blockquote><p><b>group</b></p></blockquote><blockquote><p><b>group</b></p></blockquote><blockquote><p><b>group</b></p></blockquote><blockquote><p><b>group</b></p></blockquote><blockquote><p><b>group</b></p></blockquote><blockquote><p><b>group</b></p></blockquote><blockquote><p><b>group</b></p></blockquote><blockquote><p><b>group</b></p></blockquote></blockquote></div>"
  },
  "status": "draft",
  "date": "2014-08-09T07:35:26.985+10:00",
  "publisher": "HL7 FHIR Standard",
  "group": {
    "linkId": "Appointment",
    "title": "(informative) A scheduled appointment for a patient and/or practitioner(s) where a service may take place",
    "text": "(informative) A scheduled appointment for a patient and/or practitioner(s) where a service may take place.",
    "required": true,
    "group": [
      {
        "linkId": "Appointment.identifier",
        "text": "External Ids for this item",
        "repeats": true,
        "question": [
          {
            "linkId": "label",
            "text": "label:",
            "type": "string",
            "required": true
          },
          {
            "linkId": "system",
            "text": "system:",
            "type": "string",
            "required": true
          },
          {
            "linkId": "value",
            "text": "value:",
            "type": "string",
            "required": true
          }
        ]
      },
      {
        "linkId": "Appointment.priority",
        "text": "The priority of the appointment. Can be used to make informed decisions if needing to re-prioritize appointments. (The iCal Standard specifies 0 as undefined, 1 as highest, 9 as lowest priority) (Need to change back to CodeableConcept)",
        "question": [
          {
            "linkId": "string",
            "text": "value",
            "type": "integer",
            "required": true
          }
        ]
      },
      {
        "linkId": "Appointment.status",
        "text": "The overall status of the Appointment",
        "question": [
          {
            "linkId": "code",
            "text": "code:",
            "type": "string",
            "required": true
          }
        ]
      },
      {
        "linkId": "Appointment.type",
        "text": "The type of appointments that is being booked (ideally this would be an identifiable service - which is at a location, rather than the location itself)",
        "question": [
          {
            "linkId": "text",
            "text": "text:",
            "type": "string",
            "required": true
          },
          {
            "linkId": "coding",
            "text": "code:",
            "type": "open-choice",
            "required": true,
            "repeats": true
          }
        ]
      },
      {
        "linkId": "Appointment.reason",
        "text": "The reason that this appointment is being scheduled, this is more clinical than administrative",
        "question": [
          {
            "linkId": "text",
            "text": "text:",
            "type": "string",
            "required": true
          },
          {
            "linkId": "coding",
            "text": "code:",
            "type": "open-choice",
            "required": true,
            "repeats": true,
            "options": {
              "reference": "http://hl7.org/fhir/vs/encounter-reason"
            }
          }
        ]
      },
      {
        "linkId": "Appointment.description",
        "text": "The brief description of the appointment as would be shown on a subject line in a meeting request, or appointment list. Detailed or expanded information should be put in the comment field",
        "question": [
          {
            "linkId": "string",
            "text": "value",
            "type": "string",
            "required": true
          }
        ]
      },
      {
        "linkId": "Appointment.start",
        "text": "Date/Time that the appointment is to take place",
        "required": true,
        "question": [
          {
            "linkId": "instant",
            "text": "value:",
            "type": "instant",
            "required": true
          }
        ]
      },
      {
        "linkId": "Appointment.end",
        "text": "Date/Time that the appointment is to conclude",
        "required": true,
        "question": [
          {
            "linkId": "instant",
            "text": "value:",
            "type": "instant",
            "required": true
          }
        ]
      },
      {
        "linkId": "Appointment.slot",
        "text": "The slot that this appointment is filling. If provided then the schedule will not be provided as slots are not recursive, and the start/end values MUST be the same as from the slot",
        "repeats": true,
        "question": [
          {
            "linkId": "reference",
            "text": "url:",
            "type": "string",
            "required": true
          }
        ]
      },
      {
        "linkId": "Appointment.location",
        "text": "The primary location that this appointment is to take place",
        "question": [
          {
            "linkId": "reference",
            "text": "url:",
            "type": "string",
            "required": true
          }
        ]
      },
      {
        "linkId": "Appointment.comment",
        "text": "Additional comments about the appointment",
        "question": [
          {
            "linkId": "string",
            "text": "value",
            "type": "string",
            "required": true
          }
        ]
      },
      {
        "linkId": "Appointment.order",
        "text": "An Order that lead to the creation of this appointment",
        "question": [
          {
            "linkId": "reference",
            "text": "url:",
            "type": "string",
            "required": true
          }
        ]
      },
      {
        "linkId": "Appointment.participant",
        "title": "List of participants involved in the appointment",
        "text": "List of participants involved in the appointment.",
        "required": true,
        "repeats": true,
        "group": [
          {
            "linkId": "Appointment.participant.type",
            "text": "Role of participant in the appointment",
            "repeats": true,
            "question": [
              {
                "linkId": "text",
                "text": "text:",
                "type": "string",
                "required": true
              },
              {
                "linkId": "coding",
                "text": "code:",
                "type": "open-choice",
                "required": true,
                "repeats": true,
                "options": {
                  "reference": "http://hl7.org/fhir/vs/encounter-participant-type"
                }
              }
            ]
          },
          {
            "linkId": "Appointment.participant.individual",
            "text": "A Person of device that is participating in the appointment, usually Practitioner, Patient, RelatedPerson or Device",
            "question": [
              {
                "linkId": "reference",
                "text": "url:",
                "type": "string",
                "required": true
              }
            ]
          },
          {
            "linkId": "Appointment.participant.required",
            "text": "required | optional | information-only",
            "question": [
              {
                "linkId": "code",
                "text": "code:",
                "type": "string",
                "required": true
              }
            ]
          },
          {
            "linkId": "Appointment.participant.status",
            "text": "accepted | declined | tentative | in-process | completed | needs-action",
            "required": true,
            "question": [
              {
                "linkId": "code",
                "text": "code:",
                "type": "string",
                "required": true
              }
            ]
          }
        ]
      },
      {
        "linkId": "Appointment.lastModifiedBy",
        "text": "Who recorded the appointment"
      },
      {
        "linkId": "Appointment.lastModified",
        "text": "Date when the appointment was recorded",
        "question": [
          {
            "linkId": "dateTime",
            "text": "date/time:",
            "type": "dateTime",
            "required": true
          }
        ]
      }
    ]
  }
}