{
  "resourceType": "Questionnaire",
  "text": {
    "status": "generated",
    "div": "<div><p><b>Generated Narrative with Details</b></p><p><b>status</b>: draft</p><p><b>date</b>: 9-Aug 2014 7:35</p><p><b>publisher</b>: HL7 FHIR Standard</p><blockquote><p><b>group</b></p><p><b>linkId</b>: AppointmentResponse</p><p><b>title</b>: (informative) A response to a scheduled appointment for a patient and/or practitioner(s)</p><p><b>text</b>: (informative) A response to a scheduled appointment for a patient and/or practitioner(s).</p><p><b>required</b>: true</p><blockquote><p><b>group</b></p></blockquote><blockquote><p><b>group</b></p></blockquote><blockquote><p><b>group</b></p></blockquote><blockquote><p><b>group</b></p></blockquote><blockquote><p><b>group</b></p></blockquote><blockquote><p><b>group</b></p></blockquote><blockquote><p><b>group</b></p></blockquote><blockquote><p><b>group</b></p></blockquote><blockquote><p><b>group</b></p></blockquote><blockquote><p><b>group</b></p></blockquote></blockquote></div>"
  },
  "status": "draft",
  "date": "2014-08-09T07:35:26.985+10:00",
  "publisher": "HL7 FHIR Standard",
  "group": {
    "linkId": "AppointmentResponse",
    "title": "(informative) A response to a scheduled appointment for a patient and/or practitioner(s)",
    "text": "(informative) A response to a scheduled appointment for a patient and/or practitioner(s).",
    "required": true,
    "group": [
      {
        "linkId": "AppointmentResponse.identifier",
        "text": "External Ids for this item",
        "repeats": true,
        "question": [
          {
            "linkId": "label",
            "text": "label:",
            "type": "string",
            "required": true
          },
          {
            "linkId": "system",
            "text": "system:",
            "type": "string",
            "required": true
          },
          {
            "linkId": "value",
            "text": "value:",
            "type": "string",
            "required": true
          }
        ]
      },
      {
        "linkId": "AppointmentResponse.appointment",
        "text": "Parent appointment that this response is replying to",
        "required": true,
        "question": [
          {
            "linkId": "reference",
            "text": "url:",
            "type": "string",
            "required": true
          }
        ]
      },
      {
        "linkId": "AppointmentResponse.participantType",
        "text": "Role of participant in the appointment",
        "repeats": true,
        "question": [
          {
            "linkId": "text",
            "text": "text:",
            "type": "string",
            "required": true
          },
          {
            "linkId": "coding",
            "text": "code:",
            "type": "open-choice",
            "required": true,
            "repeats": true,
            "options": {
              "reference": "http://hl7.org/fhir/vs/encounter-participant-type"
            }
          }
        ]
      },
      {
        "linkId": "AppointmentResponse.individual",
        "text": "A Person of device that is participating in the appointment, usually Practitioner, Patient, RelatedPerson or Device",
        "repeats": true,
        "question": [
          {
            "linkId": "reference",
            "text": "url:",
            "type": "string",
            "required": true
          }
        ]
      },
      {
        "linkId": "AppointmentResponse.participantStatus",
        "text": "accepted | declined | tentative | in-process | completed | needs-action",
        "required": true,
        "question": [
          {
            "linkId": "code",
            "text": "code:",
            "type": "string",
            "required": true
          }
        ]
      },
      {
        "linkId": "AppointmentResponse.comment",
        "text": "Additional comments about the appointment",
        "question": [
          {
            "linkId": "string",
            "text": "value",
            "type": "string",
            "required": true
          }
        ]
      },
      {
        "linkId": "AppointmentResponse.start",
        "text": "Date/Time that the appointment is to take place",
        "question": [
          {
            "linkId": "instant",
            "text": "value:",
            "type": "instant",
            "required": true
          }
        ]
      },
      {
        "linkId": "AppointmentResponse.end",
        "text": "Date/Time that the appointment is to conclude",
        "question": [
          {
            "linkId": "instant",
            "text": "value:",
            "type": "instant",
            "required": true
          }
        ]
      },
      {
        "linkId": "AppointmentResponse.lastModifiedBy",
        "text": "Who recorded the appointment response"
      },
      {
        "linkId": "AppointmentResponse.lastModified",
        "text": "Date when the response was recorded or last updated",
        "question": [
          {
            "linkId": "dateTime",
            "text": "date/time:",
            "type": "dateTime",
            "required": true
          }
        ]
      }
    ]
  }
}