{
  "resourceType": "Questionnaire",
  "text": {
    "status": "generated",
    "div": "<div><p><b>Generated Narrative with Details</b></p><p><b>status</b>: draft</p><p><b>date</b>: 9-Aug 2014 7:35</p><p><b>publisher</b>: HL7 FHIR Standard</p><blockquote><p><b>group</b></p><p><b>linkId</b>: Availability</p><p><b>title</b>: (informative) A container for slot(s) of time that may be available for booking appointments</p><p><b>text</b>: (informative) A container for slot(s) of time that may be available for booking appointments.</p><p><b>required</b>: true</p><blockquote><p><b>group</b></p></blockquote><blockquote><p><b>group</b></p></blockquote><blockquote><p><b>group</b></p></blockquote><blockquote><p><b>group</b></p></blockquote><blockquote><p><b>group</b></p></blockquote><blockquote><p><b>group</b></p></blockquote></blockquote></div>"
  },
  "status": "draft",
  "date": "2014-08-09T07:35:26.985+10:00",
  "publisher": "HL7 FHIR Standard",
  "group": {
    "linkId": "Availability",
    "title": "(informative) A container for slot(s) of time that may be available for booking appointments",
    "text": "(informative) A container for slot(s) of time that may be available for booking appointments.",
    "required": true,
    "group": [
      {
        "linkId": "Availability.identifier",
        "text": "External Ids for this item",
        "repeats": true,
        "question": [
          {
            "linkId": "label",
            "text": "label:",
            "type": "string",
            "required": true
          },
          {
            "linkId": "system",
            "text": "system:",
            "type": "string",
            "required": true
          },
          {
            "linkId": "value",
            "text": "value:",
            "type": "string",
            "required": true
          }
        ]
      },
      {
        "linkId": "Availability.type",
        "text": "The type(s) of appointments that can be booked into slots attached to this availability resource (ideally this would be an identifiable service - which is at a location, rather than the location itself). (This may be over-ridden by a slot itself)",
        "repeats": true,
        "question": [
          {
            "linkId": "text",
            "text": "text:",
            "type": "string",
            "required": true
          },
          {
            "linkId": "coding",
            "text": "code:",
            "type": "open-choice",
            "required": true,
            "repeats": true,
            "options": {
              "reference": "http://hl7.org/fhir/v3/vs/ActCode"
            }
          }
        ]
      },
      {
        "linkId": "Availability.individual",
        "text": "The resource this availability resource is providing availability information for. These are expected to usually be one of Location, Practitioner, Device, Patient or RelatedPerson",
        "required": true,
        "question": [
          {
            "linkId": "reference",
            "text": "url:",
            "type": "string",
            "required": true
          }
        ]
      },
      {
        "linkId": "Availability.planningHorizon",
        "text": "The period of time that the slots that are attached to this availability resource cover (even if none exist). These  cover the amount of time that an organization's planning horizon; the interval for which they are currently accepting appointments. This does not define a \"template\" for planning outside these dates",
        "question": [
          {
            "linkId": "low",
            "text": "start:",
            "type": "dateTime",
            "required": true
          },
          {
            "linkId": "end",
            "text": "end:",
            "type": "dateTime",
            "required": true
          }
        ]
      },
      {
        "linkId": "Availability.comment",
        "text": "Comments on the availability to describe any extended information. Such as custom constraints on the slot(s) that may be associated",
        "question": [
          {
            "linkId": "string",
            "text": "value",
            "type": "string",
            "required": true
          }
        ]
      },
      {
        "linkId": "Availability.lastModified",
        "text": "When this availability was created, or last revised",
        "question": [
          {
            "linkId": "dateTime",
            "text": "date/time:",
            "type": "dateTime",
            "required": true
          }
        ]
      }
    ]
  }
}