{
  "resourceType": "Questionnaire",
  "text": {
    "status": "generated",
    "div": "<div><p><b>Generated Narrative with Details</b></p><p><b>status</b>: draft</p><p><b>date</b>: 9-Aug 2014 7:35</p><p><b>publisher</b>: HL7 FHIR Standard</p><blockquote><p><b>group</b></p><p><b>linkId</b>: CarePlan</p><p><b>title</b>: Healthcare plan for patient</p><p><b>text</b>: Describes the intention of how one or more practitioners intend to deliver care for a particular patient for a period of time, possibly limited to care for a specific condition or set of conditions.</p><p><b>required</b>: true</p><blockquote><p><b>group</b></p></blockquote><blockquote><p><b>group</b></p></blockquote><blockquote><p><b>group</b></p></blockquote><blockquote><p><b>group</b></p></blockquote><blockquote><p><b>group</b></p></blockquote><blockquote><p><b>group</b></p></blockquote><blockquote><p><b>group</b></p></blockquote><blockquote><p><b>group</b></p></blockquote><blockquote><p><b>group</b></p></blockquote><blockquote><p><b>group</b></p></blockquote></blockquote></div>"
  },
  "status": "draft",
  "date": "2014-08-09T07:35:26.985+10:00",
  "publisher": "HL7 FHIR Standard",
  "group": {
    "linkId": "CarePlan",
    "title": "Healthcare plan for patient",
    "text": "Describes the intention of how one or more practitioners intend to deliver care for a particular patient for a period of time, possibly limited to care for a specific condition or set of conditions.",
    "required": true,
    "group": [
      {
        "linkId": "CarePlan.identifier",
        "text": "External Ids for this plan",
        "repeats": true,
        "question": [
          {
            "linkId": "label",
            "text": "label:",
            "type": "string",
            "required": true
          },
          {
            "linkId": "system",
            "text": "system:",
            "type": "string",
            "required": true
          },
          {
            "linkId": "value",
            "text": "value:",
            "type": "string",
            "required": true
          }
        ]
      },
      {
        "linkId": "CarePlan.patient",
        "text": "Who care plan is for",
        "question": [
          {
            "linkId": "reference",
            "text": "url:",
            "type": "string",
            "required": true
          }
        ]
      },
      {
        "linkId": "CarePlan.status",
        "text": "planned | active | completed",
        "required": true,
        "question": [
          {
            "linkId": "code",
            "text": "code:",
            "type": "string",
            "required": true
          }
        ]
      },
      {
        "linkId": "CarePlan.period",
        "text": "Time period plan covers",
        "question": [
          {
            "linkId": "low",
            "text": "start:",
            "type": "dateTime",
            "required": true
          },
          {
            "linkId": "end",
            "text": "end:",
            "type": "dateTime",
            "required": true
          }
        ]
      },
      {
        "linkId": "CarePlan.modified",
        "text": "When last updated",
        "question": [
          {
            "linkId": "dateTime",
            "text": "date/time:",
            "type": "dateTime",
            "required": true
          }
        ]
      },
      {
        "linkId": "CarePlan.concern",
        "text": "Health issues this plan addresses",
        "repeats": true,
        "question": [
          {
            "linkId": "reference",
            "text": "url:",
            "type": "string",
            "required": true
          }
        ]
      },
      {
        "linkId": "CarePlan.participant",
        "title": "Who's involved in plan?",
        "text": "Identifies all people and organizations who are expected to be involved in the care envisioned by this plan.",
        "repeats": true,
        "group": [
          {
            "linkId": "CarePlan.participant.role",
            "text": "Type of involvement",
            "question": [
              {
                "linkId": "text",
                "text": "text:",
                "type": "string",
                "required": true
              },
              {
                "linkId": "coding",
                "text": "code:",
                "type": "open-choice",
                "required": true,
                "repeats": true
              }
            ]
          },
          {
            "linkId": "CarePlan.participant.member",
            "text": "Who is involved",
            "required": true
          }
        ]
      },
      {
        "linkId": "CarePlan.goal",
        "title": "Desired outcome of plan",
        "text": "Describes the intended objective(s) of carrying out the Care Plan.",
        "repeats": true,
        "group": [
          {
            "linkId": "CarePlan.goal.description",
            "text": "What's the desired outcome?",
            "required": true,
            "question": [
              {
                "linkId": "string",
                "text": "value",
                "type": "string",
                "required": true
              }
            ]
          },
          {
            "linkId": "CarePlan.goal.status",
            "text": "in progress | achieved | sustaining | cancelled",
            "question": [
              {
                "linkId": "code",
                "text": "code:",
                "type": "string",
                "required": true
              }
            ]
          },
          {
            "linkId": "CarePlan.goal.notes",
            "text": "Comments about the goal",
            "question": [
              {
                "linkId": "string",
                "text": "value",
                "type": "string",
                "required": true
              }
            ]
          },
          {
            "linkId": "CarePlan.goal.concern",
            "text": "Health issues this goal addresses",
            "repeats": true,
            "question": [
              {
                "linkId": "reference",
                "text": "url:",
                "type": "string",
                "required": true
              }
            ]
          }
        ]
      },
      {
        "linkId": "CarePlan.activity",
        "title": "Action to occur as part of plan",
        "text": "Identifies a planned action to occur as part of the plan.  For example, a medication to be used, lab tests to perform, self-monitoring, education, etc.",
        "repeats": true,
        "group": [
          {
            "linkId": "CarePlan.activity.goal",
            "text": "Goals this activity relates to",
            "repeats": true
          },
          {
            "linkId": "CarePlan.activity.status",
            "text": "not started | scheduled | in progress | on hold | completed | cancelled",
            "question": [
              {
                "linkId": "code",
                "text": "code:",
                "type": "string",
                "required": true
              }
            ]
          },
          {
            "linkId": "CarePlan.activity.prohibited",
            "text": "Do NOT do",
            "required": true,
            "question": [
              {
                "linkId": "boolean",
                "text": "value",
                "type": "boolean",
                "required": true
              }
            ]
          },
          {
            "linkId": "CarePlan.activity.actionResulting",
            "text": "Appointments, orders, etc.",
            "repeats": true,
            "question": [
              {
                "linkId": "reference",
                "text": "url:",
                "type": "string",
                "required": true
              }
            ]
          },
          {
            "linkId": "CarePlan.activity.notes",
            "text": "Comments about the activity",
            "question": [
              {
                "linkId": "string",
                "text": "value",
                "type": "string",
                "required": true
              }
            ]
          },
          {
            "linkId": "CarePlan.activity.detail",
            "text": "Activity details defined in specific resource"
          },
          {
            "linkId": "CarePlan.activity.simple",
            "title": "Activity details summarised here",
            "text": "A simple summary of details suitable for a general care plan system (e.g. form driven) that doesn't know about specific resources such as procedure etc.",
            "group": [
              {
                "linkId": "CarePlan.activity.simple.category",
                "text": "diet | drug | encounter | observation | procedure | supply | other",
                "required": true,
                "question": [
                  {
                    "linkId": "code",
                    "text": "code:",
                    "type": "string",
                    "required": true
                  }
                ]
              },
              {
                "linkId": "CarePlan.activity.simple.code",
                "text": "Detail type of activity",
                "question": [
                  {
                    "linkId": "text",
                    "text": "text:",
                    "type": "string",
                    "required": true
                  },
                  {
                    "linkId": "coding",
                    "text": "code:",
                    "type": "open-choice",
                    "required": true,
                    "repeats": true
                  }
                ]
              },
              {
                "linkId": "CarePlan.activity.simple.timing[x]",
                "text": "When activity is to occur"
              },
              {
                "linkId": "CarePlan.activity.simple.location",
                "text": "Where it should happen",
                "question": [
                  {
                    "linkId": "reference",
                    "text": "url:",
                    "type": "string",
                    "required": true
                  }
                ]
              },
              {
                "linkId": "CarePlan.activity.simple.performer",
                "text": "Who's responsible?",
                "repeats": true
              },
              {
                "linkId": "CarePlan.activity.simple.product",
                "text": "What's administered/supplied"
              },
              {
                "linkId": "CarePlan.activity.simple.dailyAmount",
                "text": "How much consumed/day?",
                "question": [
                  {
                    "linkId": "comparator",
                    "text": "comp:",
                    "type": "choice",
                    "required": true,
                    "options": {
                      "reference": "http://hl7.org/fhir/vs/quantity-comparator"
                    }
                  },
                  {
                    "linkId": "value",
                    "text": "value:",
                    "type": "decimal",
                    "required": true
                  },
                  {
                    "linkId": "units",
                    "text": "units:",
                    "type": "string",
                    "required": true
                  }
                ]
              },
              {
                "linkId": "CarePlan.activity.simple.quantity",
                "text": "How much is administered/supplied/consumed",
                "question": [
                  {
                    "linkId": "comparator",
                    "text": "comp:",
                    "type": "choice",
                    "required": true,
                    "options": {
                      "reference": "http://hl7.org/fhir/vs/quantity-comparator"
                    }
                  },
                  {
                    "linkId": "value",
                    "text": "value:",
                    "type": "decimal",
                    "required": true
                  },
                  {
                    "linkId": "units",
                    "text": "units:",
                    "type": "string",
                    "required": true
                  }
                ]
              },
              {
                "linkId": "CarePlan.activity.simple.details",
                "text": "Extra info on activity occurrence",
                "question": [
                  {
                    "linkId": "string",
                    "text": "value",
                    "type": "string",
                    "required": true
                  }
                ]
              }
            ]
          }
        ]
      },
      {
        "linkId": "CarePlan.notes",
        "text": "Comments about the plan",
        "question": [
          {
            "linkId": "string",
            "text": "value",
            "type": "string",
            "required": true
          }
        ]
      }
    ]
  }
}