{
  "resourceType": "Questionnaire",
  "text": {
    "status": "generated",
    "div": "<div><p><b>Generated Narrative with Details</b></p><p><b>status</b>: draft</p><p><b>date</b>: 9-Aug 2014 7:35</p><p><b>publisher</b>: HL7 FHIR Standard</p><blockquote><p><b>group</b></p><p><b>linkId</b>: Composition</p><p><b>title</b>: A set of resources composed into a single coherent clinical statement with clinical attestation</p><p><b>text</b>: A set of healthcare-related information that is assembled together into a single logical document that provides a single coherent statement of meaning, establishes its own context and that has clinical attestation with regard to who is making the statement.</p><p><b>required</b>: true</p><blockquote><p><b>group</b></p></blockquote><blockquote><p><b>group</b></p></blockquote><blockquote><p><b>group</b></p></blockquote><blockquote><p><b>group</b></p></blockquote><blockquote><p><b>group</b></p></blockquote><blockquote><p><b>group</b></p></blockquote><blockquote><p><b>group</b></p></blockquote><blockquote><p><b>group</b></p></blockquote><blockquote><p><b>group</b></p></blockquote><blockquote><p><b>group</b></p></blockquote><blockquote><p><b>group</b></p></blockquote><blockquote><p><b>group</b></p></blockquote><blockquote><p><b>group</b></p></blockquote><blockquote><p><b>group</b></p></blockquote></blockquote></div>"
  },
  "status": "draft",
  "date": "2014-08-09T07:35:26.985+10:00",
  "publisher": "HL7 FHIR Standard",
  "group": {
    "linkId": "Composition",
    "title": "A set of resources composed into a single coherent clinical statement with clinical attestation",
    "text": "A set of healthcare-related information that is assembled together into a single logical document that provides a single coherent statement of meaning, establishes its own context and that has clinical attestation with regard to who is making the statement.",
    "required": true,
    "group": [
      {
        "linkId": "Composition.identifier",
        "text": "Logical identifier of composition (version-independent)",
        "question": [
          {
            "linkId": "label",
            "text": "label:",
            "type": "string",
            "required": true
          },
          {
            "linkId": "system",
            "text": "system:",
            "type": "string",
            "required": true
          },
          {
            "linkId": "value",
            "text": "value:",
            "type": "string",
            "required": true
          }
        ]
      },
      {
        "linkId": "Composition.date",
        "text": "Composition editing time",
        "required": true,
        "question": [
          {
            "linkId": "dateTime",
            "text": "date/time:",
            "type": "dateTime",
            "required": true
          }
        ]
      },
      {
        "linkId": "Composition.type",
        "text": "Kind of composition (LOINC if possible)",
        "required": true,
        "question": [
          {
            "linkId": "text",
            "text": "text:",
            "type": "string",
            "required": true
          },
          {
            "linkId": "coding",
            "text": "code:",
            "type": "open-choice",
            "required": true,
            "repeats": true,
            "options": {
              "reference": "http://hl7.org/fhir/vs/doc-codes"
            }
          }
        ]
      },
      {
        "linkId": "Composition.class",
        "text": "Categorization of Composition",
        "question": [
          {
            "linkId": "text",
            "text": "text:",
            "type": "string",
            "required": true
          },
          {
            "linkId": "coding",
            "text": "code:",
            "type": "open-choice",
            "required": true,
            "repeats": true,
            "options": {
              "reference": "http://hl7.org/fhir/vs/xds-typecodes"
            }
          }
        ]
      },
      {
        "linkId": "Composition.title",
        "text": "Human Readable name/title",
        "question": [
          {
            "linkId": "string",
            "text": "value",
            "type": "string",
            "required": true
          }
        ]
      },
      {
        "linkId": "Composition.status",
        "text": "preliminary | final | appended | amended | entered in error",
        "required": true,
        "question": [
          {
            "linkId": "code",
            "text": "code:",
            "type": "string",
            "required": true
          }
        ]
      },
      {
        "linkId": "Composition.confidentiality",
        "text": "As defined by affinity domain",
        "required": true,
        "question": [
          {
            "linkId": "coding",
            "text": "code:",
            "type": "open-choice",
            "required": true,
            "options": {
              "reference": "http://hl7.org/fhir/v3/vs/Confidentiality"
            }
          }
        ]
      },
      {
        "linkId": "Composition.subject",
        "text": "Who and/or what the composition is about",
        "required": true
      },
      {
        "linkId": "Composition.author",
        "text": "Who and/or what authored the composition",
        "required": true,
        "repeats": true
      },
      {
        "linkId": "Composition.attester",
        "title": "Attests to accuracy of composition",
        "text": "A participant who has attested to the accuracy of the composition/document.",
        "repeats": true,
        "group": [
          {
            "linkId": "Composition.attester.mode",
            "text": "personal | professional | legal | official",
            "required": true,
            "repeats": true,
            "question": [
              {
                "linkId": "code",
                "text": "code:",
                "type": "string",
                "required": true
              }
            ]
          },
          {
            "linkId": "Composition.attester.time",
            "text": "When composition attested",
            "question": [
              {
                "linkId": "dateTime",
                "text": "date/time:",
                "type": "dateTime",
                "required": true
              }
            ]
          },
          {
            "linkId": "Composition.attester.party",
            "text": "Who attested the composition"
          }
        ]
      },
      {
        "linkId": "Composition.custodian",
        "text": "Org which maintains the composition",
        "question": [
          {
            "linkId": "reference",
            "text": "url:",
            "type": "string",
            "required": true
          }
        ]
      },
      {
        "linkId": "Composition.event",
        "title": "The clinical event/act/item being documented",
        "text": "The main event/act/item, such as a colonoscopy or an appendectomy, being documented.",
        "group": [
          {
            "linkId": "Composition.event.code",
            "text": "Code(s) that apply to the event being documented",
            "repeats": true,
            "question": [
              {
                "linkId": "text",
                "text": "text:",
                "type": "string",
                "required": true
              },
              {
                "linkId": "coding",
                "text": "code:",
                "type": "open-choice",
                "required": true,
                "repeats": true,
                "options": {
                  "reference": "http://hl7.org/fhir/v3/vs/ActCode"
                }
              }
            ]
          },
          {
            "linkId": "Composition.event.period",
            "text": "The period covered by the documentation",
            "question": [
              {
                "linkId": "low",
                "text": "start:",
                "type": "dateTime",
                "required": true
              },
              {
                "linkId": "end",
                "text": "end:",
                "type": "dateTime",
                "required": true
              }
            ]
          },
          {
            "linkId": "Composition.event.detail",
            "text": "Full details for the event(s) the composition consents",
            "repeats": true,
            "question": [
              {
                "linkId": "reference",
                "text": "url:",
                "type": "string",
                "required": true
              }
            ]
          }
        ]
      },
      {
        "linkId": "Composition.encounter",
        "text": "Context of the conposition",
        "question": [
          {
            "linkId": "reference",
            "text": "url:",
            "type": "string",
            "required": true
          }
        ]
      },
      {
        "linkId": "Composition.section",
        "title": "Composition is broken into sections",
        "text": "The root of the sections that make up the composition.",
        "repeats": true,
        "group": [
          {
            "linkId": "Composition.section.title",
            "text": "Label for section",
            "question": [
              {
                "linkId": "string",
                "text": "value",
                "type": "string",
                "required": true
              }
            ]
          },
          {
            "linkId": "Composition.section.code",
            "text": "Classification of section (recommended)",
            "question": [
              {
                "linkId": "text",
                "text": "text:",
                "type": "string",
                "required": true
              },
              {
                "linkId": "coding",
                "text": "code:",
                "type": "open-choice",
                "required": true,
                "repeats": true,
                "options": {
                  "reference": "http://hl7.org/fhir/vs/doc-section-codes"
                }
              }
            ]
          },
          {
            "linkId": "Composition.section.subject",
            "text": "If section different to composition"
          },
          {
            "linkId": "Composition.section.content",
            "text": "The actual data for the section",
            "question": [
              {
                "linkId": "reference",
                "text": "url:",
                "type": "string",
                "required": true
              }
            ]
          },
          {
            "linkId": "Composition.section.section",
            "title": "Nested Section",
            "text": "A nested sub-section within this section.",
            "repeats": true
          }
        ]
      }
    ]
  }
}