{
  "resourceType": "Questionnaire",
  "text": {
    "status": "generated",
    "div": "<div><p><b>Generated Narrative with Details</b></p><p><b>status</b>: draft</p><p><b>date</b>: 9-Aug 2014 7:35</p><p><b>publisher</b>: HL7 FHIR Standard</p><blockquote><p><b>group</b></p><p><b>linkId</b>: ConceptMap</p><p><b>title</b>: A statement of relationships from one set of concepts to one or more other concepts - either code systems or data elements, or classes in class models</p><p><b>text</b>: A statement of relationships from one set of concepts to one or more other concepts - either code systems or data elements, or classes in class models.</p><p><b>required</b>: true</p><blockquote><p><b>group</b></p></blockquote><blockquote><p><b>group</b></p></blockquote><blockquote><p><b>group</b></p></blockquote><blockquote><p><b>group</b></p></blockquote><blockquote><p><b>group</b></p></blockquote><blockquote><p><b>group</b></p></blockquote><blockquote><p><b>group</b></p></blockquote><blockquote><p><b>group</b></p></blockquote><blockquote><p><b>group</b></p></blockquote><blockquote><p><b>group</b></p></blockquote><blockquote><p><b>group</b></p></blockquote><blockquote><p><b>group</b></p></blockquote><blockquote><p><b>group</b></p></blockquote></blockquote></div>"
  },
  "status": "draft",
  "date": "2014-08-09T07:35:26.985+10:00",
  "publisher": "HL7 FHIR Standard",
  "group": {
    "linkId": "ConceptMap",
    "title": "A statement of relationships from one set of concepts to one or more other concepts - either code systems or data elements, or classes in class models",
    "text": "A statement of relationships from one set of concepts to one or more other concepts - either code systems or data elements, or classes in class models.",
    "required": true,
    "group": [
      {
        "linkId": "ConceptMap.identifier",
        "text": "Logical id to reference this concept map",
        "question": [
          {
            "linkId": "string",
            "text": "value",
            "type": "string",
            "required": true
          }
        ]
      },
      {
        "linkId": "ConceptMap.version",
        "text": "Logical id for this version of the concept map",
        "question": [
          {
            "linkId": "string",
            "text": "value",
            "type": "string",
            "required": true
          }
        ]
      },
      {
        "linkId": "ConceptMap.name",
        "text": "Informal name for this concept map",
        "required": true,
        "question": [
          {
            "linkId": "string",
            "text": "value",
            "type": "string",
            "required": true
          }
        ]
      },
      {
        "linkId": "ConceptMap.publisher",
        "text": "Name of the publisher (Organization or individual)",
        "question": [
          {
            "linkId": "string",
            "text": "value",
            "type": "string",
            "required": true
          }
        ]
      },
      {
        "linkId": "ConceptMap.telecom",
        "text": "Contact information of the publisher",
        "repeats": true,
        "question": [
          {
            "linkId": "type",
            "text": "type:",
            "type": "choice",
            "required": true,
            "options": {
              "reference": "http://hl7.org/fhir/vs/contact-system"
            }
          },
          {
            "linkId": "value",
            "text": "value:",
            "type": "string",
            "required": true
          }
        ]
      },
      {
        "linkId": "ConceptMap.description",
        "text": "Human language description of the concept map",
        "question": [
          {
            "linkId": "string",
            "text": "value",
            "type": "string",
            "required": true
          }
        ]
      },
      {
        "linkId": "ConceptMap.copyright",
        "text": "About the concept map or its content",
        "question": [
          {
            "linkId": "string",
            "text": "value",
            "type": "string",
            "required": true
          }
        ]
      },
      {
        "linkId": "ConceptMap.status",
        "text": "draft | active | retired",
        "required": true,
        "question": [
          {
            "linkId": "code",
            "text": "code:",
            "type": "string",
            "required": true
          }
        ]
      },
      {
        "linkId": "ConceptMap.experimental",
        "text": "If for testing purposes, not real usage",
        "question": [
          {
            "linkId": "boolean",
            "text": "value",
            "type": "boolean",
            "required": true
          }
        ]
      },
      {
        "linkId": "ConceptMap.date",
        "text": "Date for given status",
        "question": [
          {
            "linkId": "dateTime",
            "text": "date/time:",
            "type": "dateTime",
            "required": true
          }
        ]
      },
      {
        "linkId": "ConceptMap.source[x]",
        "text": "Identifies the source of the concepts which are being mapped",
        "required": true
      },
      {
        "linkId": "ConceptMap.target[x]",
        "text": "Provides context to the mappings",
        "required": true
      },
      {
        "linkId": "ConceptMap.element",
        "title": "Mappings for a concept from the source set",
        "text": "Mappings for a concept from the source set.",
        "repeats": true,
        "group": [
          {
            "linkId": "ConceptMap.element.codeSystem",
            "text": "Code System (if value set crosses code systems)",
            "required": true,
            "question": [
              {
                "linkId": "string",
                "text": "url:",
                "type": "string",
                "required": true
              }
            ]
          },
          {
            "linkId": "ConceptMap.element.code",
            "text": "Identifies element being mapped",
            "question": [
              {
                "linkId": "code",
                "text": "code:",
                "type": "choice",
                "required": true
              }
            ]
          },
          {
            "linkId": "ConceptMap.element.dependsOn",
            "title": "Other elements required for this mapping (from context)",
            "text": "A set of additional dependencies for this mapping to hold. This mapping is only applicable if the specified element can be resolved, and it has the specified value.",
            "repeats": true,
            "group": [
              {
                "linkId": "ConceptMap.element.dependsOn.element",
                "text": "Reference to element/field/valueset mapping depends on",
                "required": true,
                "question": [
                  {
                    "linkId": "string",
                    "text": "url:",
                    "type": "string",
                    "required": true
                  }
                ]
              },
              {
                "linkId": "ConceptMap.element.dependsOn.codeSystem",
                "text": "Code System (if necessary)",
                "required": true,
                "question": [
                  {
                    "linkId": "string",
                    "text": "url:",
                    "type": "string",
                    "required": true
                  }
                ]
              },
              {
                "linkId": "ConceptMap.element.dependsOn.code",
                "text": "Value of the referenced element",
                "required": true,
                "question": [
                  {
                    "linkId": "string",
                    "text": "value",
                    "type": "string",
                    "required": true
                  }
                ]
              }
            ]
          },
          {
            "linkId": "ConceptMap.element.map",
            "title": "A concept from the target value set that this concept maps to",
            "text": "A concept from the target value set that this concept maps to.",
            "repeats": true,
            "group": [
              {
                "linkId": "ConceptMap.element.map.codeSystem",
                "text": "System of the target (if necessary)",
                "question": [
                  {
                    "linkId": "string",
                    "text": "url:",
                    "type": "string",
                    "required": true
                  }
                ]
              },
              {
                "linkId": "ConceptMap.element.map.code",
                "text": "Code that identifies the target element",
                "question": [
                  {
                    "linkId": "code",
                    "text": "code:",
                    "type": "choice",
                    "required": true
                  }
                ]
              },
              {
                "linkId": "ConceptMap.element.map.equivalence",
                "text": "equal | equivalent | wider | subsumes | narrower | specialises | inexact | unmatched | disjoint",
                "required": true,
                "question": [
                  {
                    "linkId": "code",
                    "text": "code:",
                    "type": "string",
                    "required": true
                  }
                ]
              },
              {
                "linkId": "ConceptMap.element.map.comments",
                "text": "Description of status/issues in mapping",
                "question": [
                  {
                    "linkId": "string",
                    "text": "value",
                    "type": "string",
                    "required": true
                  }
                ]
              },
              {
                "linkId": "ConceptMap.element.map.product",
                "title": "Other concepts that this mapping also produces",
                "text": "A set of additional outcomes from this mapping to other elements. To properly execute this mapping, the specified element must be mapped to some data element or source that is in context. The mapping may still be useful without a place for the additional data elements, but the equivalence cannot be relied on.",
                "repeats": true
              }
            ]
          }
        ]
      }
    ]
  }
}