{
  "resourceType": "Questionnaire",
  "text": {
    "status": "generated",
    "div": "<div><p><b>Generated Narrative with Details</b></p><p><b>status</b>: draft</p><p><b>date</b>: 9-Aug 2014 7:35</p><p><b>publisher</b>: HL7 FHIR Standard</p><blockquote><p><b>group</b></p><p><b>linkId</b>: Condition</p><p><b>title</b>: Detailed information about conditions, problems or diagnoses</p><p><b>text</b>: Use to record detailed information about conditions, problems or diagnoses recognized by a clinician. There are many uses including: recording a Diagnosis during an Encounter; populating a problem List or a Summary Statement, such as a Discharge Summary.</p><p><b>required</b>: true</p><blockquote><p><b>group</b></p></blockquote><blockquote><p><b>group</b></p></blockquote><blockquote><p><b>group</b></p></blockquote><blockquote><p><b>group</b></p></blockquote><blockquote><p><b>group</b></p></blockquote><blockquote><p><b>group</b></p></blockquote><blockquote><p><b>group</b></p></blockquote><blockquote><p><b>group</b></p></blockquote><blockquote><p><b>group</b></p></blockquote><blockquote><p><b>group</b></p></blockquote><blockquote><p><b>group</b></p></blockquote><blockquote><p><b>group</b></p></blockquote><blockquote><p><b>group</b></p></blockquote><blockquote><p><b>group</b></p></blockquote><blockquote><p><b>group</b></p></blockquote><blockquote><p><b>group</b></p></blockquote><blockquote><p><b>group</b></p></blockquote></blockquote></div>"
  },
  "status": "draft",
  "date": "2014-08-09T07:35:26.985+10:00",
  "publisher": "HL7 FHIR Standard",
  "group": {
    "linkId": "Condition",
    "title": "Detailed information about conditions, problems or diagnoses",
    "text": "Use to record detailed information about conditions, problems or diagnoses recognized by a clinician. There are many uses including: recording a Diagnosis during an Encounter; populating a problem List or a Summary Statement, such as a Discharge Summary.",
    "required": true,
    "group": [
      {
        "linkId": "Condition.identifier",
        "text": "External Ids for this condition",
        "repeats": true,
        "question": [
          {
            "linkId": "label",
            "text": "label:",
            "type": "string",
            "required": true
          },
          {
            "linkId": "system",
            "text": "system:",
            "type": "string",
            "required": true
          },
          {
            "linkId": "value",
            "text": "value:",
            "type": "string",
            "required": true
          }
        ]
      },
      {
        "linkId": "Condition.subject",
        "text": "Who has the condition?",
        "required": true,
        "question": [
          {
            "linkId": "reference",
            "text": "url:",
            "type": "string",
            "required": true
          }
        ]
      },
      {
        "linkId": "Condition.encounter",
        "text": "Encounter when condition first asserted",
        "question": [
          {
            "linkId": "reference",
            "text": "url:",
            "type": "string",
            "required": true
          }
        ]
      },
      {
        "linkId": "Condition.asserter",
        "text": "Person who asserts this condition"
      },
      {
        "linkId": "Condition.dateAsserted",
        "text": "When first detected/suspected/entered",
        "question": [
          {
            "linkId": "dateTime",
            "text": "date/time:",
            "type": "dateTime",
            "required": true
          }
        ]
      },
      {
        "linkId": "Condition.code",
        "text": "Identification of the condition, problem or diagnosis",
        "required": true,
        "question": [
          {
            "linkId": "text",
            "text": "text:",
            "type": "string",
            "required": true
          },
          {
            "linkId": "coding",
            "text": "code:",
            "type": "open-choice",
            "required": true,
            "repeats": true,
            "options": {
              "reference": "http://hl7.org/fhir/vs/condition-code"
            }
          }
        ]
      },
      {
        "linkId": "Condition.category",
        "text": "E.g. complaint | symptom | finding | diagnosis",
        "question": [
          {
            "linkId": "text",
            "text": "text:",
            "type": "string",
            "required": true
          },
          {
            "linkId": "coding",
            "text": "code:",
            "type": "open-choice",
            "required": true,
            "repeats": true,
            "options": {
              "reference": "http://hl7.org/fhir/vs/condition-category"
            }
          }
        ]
      },
      {
        "linkId": "Condition.status",
        "text": "provisional | working | confirmed | refuted",
        "required": true,
        "question": [
          {
            "linkId": "code",
            "text": "code:",
            "type": "string",
            "required": true
          }
        ]
      },
      {
        "linkId": "Condition.certainty",
        "text": "Degree of confidence",
        "question": [
          {
            "linkId": "text",
            "text": "text:",
            "type": "string",
            "required": true
          },
          {
            "linkId": "coding",
            "text": "code:",
            "type": "open-choice",
            "required": true,
            "repeats": true,
            "options": {
              "reference": "http://hl7.org/fhir/vs/condition-certainty"
            }
          }
        ]
      },
      {
        "linkId": "Condition.severity",
        "text": "Subjective severity of condition",
        "question": [
          {
            "linkId": "text",
            "text": "text:",
            "type": "string",
            "required": true
          },
          {
            "linkId": "coding",
            "text": "code:",
            "type": "open-choice",
            "required": true,
            "repeats": true,
            "options": {
              "reference": "http://hl7.org/fhir/vs/condition-severity"
            }
          }
        ]
      },
      {
        "linkId": "Condition.onset[x]",
        "text": "Estimated or actual date, or age"
      },
      {
        "linkId": "Condition.abatement[x]",
        "text": "If/when in resolution/remission"
      },
      {
        "linkId": "Condition.stage",
        "title": "Stage/grade, usually assessed formally",
        "text": "Clinical stage or grade of a condition. May include formal severity assessments.",
        "group": [
          {
            "linkId": "Condition.stage.summary",
            "text": "Simple summary (disease specific)",
            "question": [
              {
                "linkId": "text",
                "text": "text:",
                "type": "string",
                "required": true
              },
              {
                "linkId": "coding",
                "text": "code:",
                "type": "open-choice",
                "required": true,
                "repeats": true
              }
            ]
          },
          {
            "linkId": "Condition.stage.assessment",
            "text": "Formal record of assessment",
            "repeats": true,
            "question": [
              {
                "linkId": "reference",
                "text": "url:",
                "type": "string",
                "required": true
              }
            ]
          }
        ]
      },
      {
        "linkId": "Condition.evidence",
        "title": "Supporting evidence",
        "text": "Supporting Evidence / manifestations that are the basis on which this condition is suspected or confirmed.",
        "repeats": true,
        "group": [
          {
            "linkId": "Condition.evidence.code",
            "text": "Manifestation/symptom",
            "question": [
              {
                "linkId": "text",
                "text": "text:",
                "type": "string",
                "required": true
              },
              {
                "linkId": "coding",
                "text": "code:",
                "type": "open-choice",
                "required": true,
                "repeats": true
              }
            ]
          },
          {
            "linkId": "Condition.evidence.detail",
            "text": "Supporting information found elsewhere",
            "repeats": true,
            "question": [
              {
                "linkId": "reference",
                "text": "url:",
                "type": "string",
                "required": true
              }
            ]
          }
        ]
      },
      {
        "linkId": "Condition.location",
        "title": "Anatomical location, if relevant",
        "text": "The anatomical location where this condition manifests itself.",
        "repeats": true,
        "group": [
          {
            "linkId": "Condition.location.code",
            "text": "Location - may include laterality",
            "question": [
              {
                "linkId": "text",
                "text": "text:",
                "type": "string",
                "required": true
              },
              {
                "linkId": "coding",
                "text": "code:",
                "type": "open-choice",
                "required": true,
                "repeats": true
              }
            ]
          },
          {
            "linkId": "Condition.location.detail",
            "text": "Precise location details",
            "question": [
              {
                "linkId": "string",
                "text": "value",
                "type": "string",
                "required": true
              }
            ]
          }
        ]
      },
      {
        "linkId": "Condition.relatedItem",
        "title": "Causes or precedents for this Condition",
        "text": "Further conditions, problems, diagnoses, procedures or events that are related in some way to this condition, or the substance that caused/triggered this Condition.",
        "repeats": true,
        "group": [
          {
            "linkId": "Condition.relatedItem.type",
            "text": "due-to | following",
            "required": true,
            "question": [
              {
                "linkId": "code",
                "text": "code:",
                "type": "string",
                "required": true
              }
            ]
          },
          {
            "linkId": "Condition.relatedItem.code",
            "text": "Relationship target by means of a predefined code",
            "question": [
              {
                "linkId": "text",
                "text": "text:",
                "type": "string",
                "required": true
              },
              {
                "linkId": "coding",
                "text": "code:",
                "type": "open-choice",
                "required": true,
                "repeats": true,
                "options": {
                  "reference": "http://hl7.org/fhir/vs/condition-code"
                }
              }
            ]
          },
          {
            "linkId": "Condition.relatedItem.target",
            "text": "Relationship target resource"
          }
        ]
      },
      {
        "linkId": "Condition.notes",
        "text": "Additional information about the Condition",
        "question": [
          {
            "linkId": "string",
            "text": "value",
            "type": "string",
            "required": true
          }
        ]
      }
    ]
  }
}