{"resourceType":"Condition","text":{"status":"generated","div":"<div>\n      <p>\n        <b>Generated Narrative with Details</b>\n      </p>\n      <p>\n        <b>subject</b>: \n        <a href=\"patient-example-f201-roel.html\">Roel. Generated Summary: BSN = 123456789 (official), BSN = 123456789 (official); Roel(official); \n          <span title=\"Codes: {http://snomed.info/sct 248153007}, {http://hl7.org/fhir/v3/AdministrativeGender M}\">Male</span>; birthDate: 13-Mar 1960; \n          <span title=\"Codes: {http://snomed.info/sct 36629006}, {http://hl7.org/fhir/v3/MaritalStatus M}\">Legally married</span>; \n          <span title=\"Codes: {urn:std:iso:639-1 nl-NL}\">Dutch</span>; active\n        </a>\n      </p>\n      <p>\n        <b>encounter</b>: \n        <a href=\"encounter-example-f201-20130404.html\">Generated Summary: Roel's encounter on April fourth 2013 = Encounter_Roel_20130404 (temp); finished; outpatient; \n          <span title=\"Codes: {http://snomed.info/sct 11429006}\">Consultation</span>; \n          <span title=\"Codes: \">The patient had fever peaks over the last couple of days. He is worried about these peaks.</span>; \n          <span title=\"Codes: {http://snomed.info/sct 17621005}\">Normal</span>\n        </a>\n      </p>\n      <p>\n        <b>asserter</b>: \n        <a href=\"practitioner-example-f201-ab.html\">Generated Summary: UZI-nummer = 12345678901 (official); Dokter Bronsig(official); \n          <span title=\"Codes: {http://snomed.info/sct 248153007}\">Male</span>; birthDate: 24-Dec 1956; \n          <span title=\"Codes: {http://snomed.info/sct 225304007}\">Implementation of planned interventions</span>; \n          <span title=\"Codes: {http://snomed.info/sct 310512001}\">Medical oncologist</span>\n        </a>\n      </p>\n      <p>\n        <b>dateAsserted</b>: 4-Apr 2013\n      </p>\n      <p>\n        <b>code</b>: Fever \n        <span style=\"background: LightGoldenRodYellow \">(Details : {SNOMED CT code '386661006' = 'Fever', given as 'Fever'})</span>\n      </p>\n      <p>\n        <b>category</b>: Problem \n        <span style=\"background: LightGoldenRodYellow \">(Details : {SNOMED CT code '55607006' = 'Problem', given as 'Problem'}; {http://hl7.org/fhir/condition-category code 'condition' = 'condition', given as 'null'})</span>\n      </p>\n      <p>\n        <b>status</b>: confirmed\n      </p>\n      <p>\n        <b>severity</b>: Mild \n        <span style=\"background: LightGoldenRodYellow \">(Details : {SNOMED CT code '255604002' = 'Mild', given as 'Mild'})</span>\n      </p>\n      <p>\n        <b>onset</b>: 2-Apr 2013\n      </p>\n      <h3>Evidences</h3>\n      <table class=\"grid\">\n        <tr>\n          <td>\n            <b>Code</b>\n          </td>\n          <td>\n            <b>Detail</b>\n          </td>\n        </tr>\n        <tr>\n          <td>degrees C \n            <span style=\"background: LightGoldenRodYellow \">(Details : {SNOMED CT code '258710007' = 'degrees C', given as 'degrees C'})</span>\n          </td>\n          <td>\n            <a href=\"observation-example-f202-temperature.html\">Temperature. Generated Summary: \n              <span title=\"Codes: {http://snomed.info/sct 415945006}, {http://loinc.org 8310-5}\">Body temperature</span>; 39 degrees C; \n              <span title=\"Codes: {http://hl7.org/fhir/v2/0078 H}\">Above high normal</span>; issued: 4-Apr 2013 13:27; enteredInError; questionable; \n              <span title=\"Codes: {http://snomed.info/sct 38266002}\">Entire body as a whole</span>; \n              <span title=\"Codes: {http://snomed.info/sct 89003005}\">Oral temperature taking</span>; Roel; ????\n            </a>\n          </td>\n        </tr>\n      </table>\n      <h3>Locations</h3>\n      <table class=\"grid\">\n        <tr>\n          <td>\n            <b>Code</b>\n          </td>\n          <td>\n            <b>Detail</b>\n          </td>\n        </tr>\n        <tr>\n          <td>Entire body as a whole \n            <span style=\"background: LightGoldenRodYellow \">(Details : {SNOMED CT code '38266002' = 'Total body', given as 'Entire body as a whole'})</span>\n          </td>\n          <td> </td>\n        </tr>\n      </table>\n      <blockquote>\n        <p>\n          <b>relatedItem</b>\n        </p>\n        <p>\n          <b>type</b>: dueto\n        </p>\n        <p>\n          <b>target</b>: \n          <a href=\"procedure-example-f201-tpf.html\">TPF chemokuur. Generated Summary: \n            <span title=\"Codes: {http://snomed.info/sct 367336001}\">Chemotherapy</span>; \n            <span title=\"Codes: {http://snomed.info/sct 272676008}\">Sphenoid bone</span>; \n            <span title=\"Codes: \">DiagnosticReport/f201</span>; date: 28-Jan 2013 13:31 --&gt; 28-Jan 2013 14:27; notes: Eerste neo-adjuvante TPF-kuur bij groot proces in sphenoid met intracraniale uitbreiding.\n          </a>\n        </p>\n      </blockquote>\n      <blockquote>\n        <p>\n          <b>relatedItem</b>\n        </p>\n        <p>\n          <b>type</b>: dueto\n        </p>\n        <p>\n          <b>target</b>: \n          <a href=\"condition-example-f205-infection.html\">bacterial infection. Generated Summary: ????; dateAsserted: 4-Apr 2013; \n            <span title=\"Codes: {http://snomed.info/sct 87628006}\">Bacterial infectious disease</span>; working\n          </a>\n        </p>\n      </blockquote>\n    </div>"},"subject":{"reference":"Patient/f201","display":"Roel"},"encounter":{"reference":"Encounter/f201"},"asserter":{"reference":"Practitioner/f201"},"dateAsserted":"2013-04-04","code":{"coding":[{"system":"http://snomed.info/sct","code":"386661006","display":"Fever"}]},"category":{"coding":[{"system":"http://snomed.info/sct","code":"55607006","display":"Problem"},{"system":"http://hl7.org/fhir/condition-category","code":"condition"}]},"status":"confirmed","severity":{"coding":[{"system":"http://snomed.info/sct","code":"255604002","display":"Mild"}]},"onsetDate":"2013-04-02","evidence":[{"code":{"coding":[{"system":"http://snomed.info/sct","code":"258710007","display":"degrees C"}]},"detail":[{"reference":"Observation/f202","display":"Temperature"}]}],"location":[{"code":{"coding":[{"system":"http://snomed.info/sct","code":"38266002","display":"Entire body as a whole"}]}}],"relatedItem":[{"type":"due-to","target":{"reference":"Procedure/f201","display":"TPF chemokuur"}},{"type":"due-to","target":{"reference":"Condition/f205","display":"bacterial infection"}}]}