{"resourceType":"Conformance","text":{"status":"generated","div":"<div>\n     \n      <p>Prototype Conformance Statement for September 2013 Connectathon</p>\n     \n      <p>The server offers read and search support on the following resource types:</p>\n     \n      <ul>\n      \n        <li>Patient</li>\n      \n        <li>DocumentReference</li>\n      \n        <li>Condition</li>\n      \n        <li>DiagnosticReport</li>\n    \n      </ul>\n    \n    </div>"},"name":"PHR Template","publisher":"FHIR Project","telecom":[{"system":"url","value":"http://hl7.org/fhir"}],"description":"Prototype Conformance Statement for September 2013 Connectathon","date":"2013-06-18","fhirVersion":"0.09","acceptUnknown":false,"format":["json","xml"],"rest":[{"mode":"server","documentation":"Protoype server conformance statement for September 2013 Connectathon","security":{"service":[{"text":"OAuth"}],"description":"We recommend that PHR servers use standard OAuth using a          standard 3rd party provider. We are not testing the ability to provide an          OAuth authentication/authorization service itself, and nor is providing          any security required for the connectathon at all"},"resource":[{"type":"Patient","interaction":[{"code":"read"},{"code":"search-type","documentation":"When a client searches patients with no search criteria, they get a list of all patients they have access too. Servers may elect to offer additional search parameters, but this is not required"}]},{"type":"DocumentReference","interaction":[{"code":"read"},{"code":"search-type"}],"searchParam":[{"name":"_id","type":"token","documentation":"_id parameter always supported. For the connectathon, servers may elect which search parameters are supported"}]},{"type":"Condition","interaction":[{"code":"read"},{"code":"search-type"}],"searchParam":[{"name":"_id","type":"token","documentation":"Standard _id parameter"}]},{"type":"DiagnosticReport","interaction":[{"code":"read"},{"code":"search-type"}],"searchParam":[{"name":"_id","type":"token","documentation":"Standard _id parameter"},{"name":"service","type":"token","documentation":"which diagnostic discipline/department created the report"}]}]}]}