{
  "resourceType": "Questionnaire",
  "text": {
    "status": "generated",
    "div": "<div><p><b>Generated Narrative with Details</b></p><p><b>status</b>: draft</p><p><b>date</b>: 9-Aug 2014 7:35</p><p><b>publisher</b>: HL7 FHIR Standard</p><blockquote><p><b>group</b></p><p><b>linkId</b>: Conformance</p><p><b>title</b>: A conformance statement</p><p><b>text</b>: A conformance statement is a set of requirements for a desired implementation or a description of how a target application fulfills those requirements in a particular implementation.</p><p><b>required</b>: true</p><blockquote><p><b>group</b></p></blockquote><blockquote><p><b>group</b></p></blockquote><blockquote><p><b>group</b></p></blockquote><blockquote><p><b>group</b></p></blockquote><blockquote><p><b>group</b></p></blockquote><blockquote><p><b>group</b></p></blockquote><blockquote><p><b>group</b></p></blockquote><blockquote><p><b>group</b></p></blockquote><blockquote><p><b>group</b></p></blockquote><blockquote><p><b>group</b></p></blockquote><blockquote><p><b>group</b></p></blockquote><blockquote><p><b>group</b></p></blockquote><blockquote><p><b>group</b></p></blockquote><blockquote><p><b>group</b></p></blockquote><blockquote><p><b>group</b></p></blockquote><blockquote><p><b>group</b></p></blockquote><blockquote><p><b>group</b></p></blockquote><blockquote><p><b>group</b></p></blockquote></blockquote></div>"
  },
  "status": "draft",
  "date": "2014-08-09T07:35:26.985+10:00",
  "publisher": "HL7 FHIR Standard",
  "group": {
    "linkId": "Conformance",
    "title": "A conformance statement",
    "text": "A conformance statement is a set of requirements for a desired implementation or a description of how a target application fulfills those requirements in a particular implementation.",
    "required": true,
    "group": [
      {
        "linkId": "Conformance.identifier",
        "text": "Logical id to reference this statement",
        "question": [
          {
            "linkId": "string",
            "text": "value",
            "type": "string",
            "required": true
          }
        ]
      },
      {
        "linkId": "Conformance.version",
        "text": "Logical id for this version of the statement",
        "question": [
          {
            "linkId": "string",
            "text": "value",
            "type": "string",
            "required": true
          }
        ]
      },
      {
        "linkId": "Conformance.name",
        "text": "Informal name for this conformance statement",
        "question": [
          {
            "linkId": "string",
            "text": "value",
            "type": "string",
            "required": true
          }
        ]
      },
      {
        "linkId": "Conformance.publisher",
        "text": "Publishing Organization",
        "required": true,
        "question": [
          {
            "linkId": "string",
            "text": "value",
            "type": "string",
            "required": true
          }
        ]
      },
      {
        "linkId": "Conformance.telecom",
        "text": "Contacts for Organization",
        "repeats": true,
        "question": [
          {
            "linkId": "type",
            "text": "type:",
            "type": "choice",
            "required": true,
            "options": {
              "reference": "http://hl7.org/fhir/vs/contact-system"
            }
          },
          {
            "linkId": "value",
            "text": "value:",
            "type": "string",
            "required": true
          }
        ]
      },
      {
        "linkId": "Conformance.description",
        "text": "Human description of the conformance statement",
        "question": [
          {
            "linkId": "string",
            "text": "value",
            "type": "string",
            "required": true
          }
        ]
      },
      {
        "linkId": "Conformance.status",
        "text": "draft | active | retired",
        "question": [
          {
            "linkId": "code",
            "text": "code:",
            "type": "string",
            "required": true
          }
        ]
      },
      {
        "linkId": "Conformance.experimental",
        "text": "If for testing purposes, not real usage",
        "question": [
          {
            "linkId": "boolean",
            "text": "value",
            "type": "boolean",
            "required": true
          }
        ]
      },
      {
        "linkId": "Conformance.date",
        "text": "Publication Date",
        "required": true,
        "question": [
          {
            "linkId": "dateTime",
            "text": "date/time:",
            "type": "dateTime",
            "required": true
          }
        ]
      },
      {
        "linkId": "Conformance.software",
        "title": "Software that is covered by this conformance statement",
        "text": "Software that is covered by this conformance statement.  It is used when the profile describes the capabilities of a particular software version, independent of an installation.",
        "group": [
          {
            "linkId": "Conformance.software.name",
            "text": "A name the software is known by",
            "required": true,
            "question": [
              {
                "linkId": "string",
                "text": "value",
                "type": "string",
                "required": true
              }
            ]
          },
          {
            "linkId": "Conformance.software.version",
            "text": "Version covered by this statement",
            "question": [
              {
                "linkId": "string",
                "text": "value",
                "type": "string",
                "required": true
              }
            ]
          },
          {
            "linkId": "Conformance.software.releaseDate",
            "text": "Date this version released",
            "question": [
              {
                "linkId": "dateTime",
                "text": "date/time:",
                "type": "dateTime",
                "required": true
              }
            ]
          }
        ]
      },
      {
        "linkId": "Conformance.implementation",
        "title": "If this describes a specific instance",
        "text": "Identifies a specific implementation instance that is described by the conformance statement - i.e. a particular installation, rather than the capabilities of a software program.",
        "group": [
          {
            "linkId": "Conformance.implementation.description",
            "text": "Describes this specific instance",
            "required": true,
            "question": [
              {
                "linkId": "string",
                "text": "value",
                "type": "string",
                "required": true
              }
            ]
          },
          {
            "linkId": "Conformance.implementation.url",
            "text": "Base URL for the installation",
            "question": [
              {
                "linkId": "string",
                "text": "url:",
                "type": "string",
                "required": true
              }
            ]
          }
        ]
      },
      {
        "linkId": "Conformance.fhirVersion",
        "text": "FHIR Version",
        "required": true,
        "question": [
          {
            "linkId": "string",
            "text": "value",
            "type": "string",
            "required": true
          }
        ]
      },
      {
        "linkId": "Conformance.acceptUnknown",
        "text": "True if application accepts unknown elements",
        "required": true,
        "question": [
          {
            "linkId": "boolean",
            "text": "value",
            "type": "boolean",
            "required": true
          }
        ]
      },
      {
        "linkId": "Conformance.format",
        "text": "formats supported (xml | json | mime type)",
        "required": true,
        "repeats": true,
        "question": [
          {
            "linkId": "code",
            "text": "code:",
            "type": "choice",
            "required": true
          }
        ]
      },
      {
        "linkId": "Conformance.profile",
        "text": "Profiles supported by the system",
        "repeats": true,
        "question": [
          {
            "linkId": "reference",
            "text": "url:",
            "type": "string",
            "required": true
          }
        ]
      },
      {
        "linkId": "Conformance.rest",
        "title": "If the endpoint is a RESTful one",
        "text": "A definition of the restful capabilities of the solution, if any.",
        "repeats": true,
        "group": [
          {
            "linkId": "Conformance.rest.mode",
            "text": "client | server",
            "required": true,
            "question": [
              {
                "linkId": "code",
                "text": "code:",
                "type": "string",
                "required": true
              }
            ]
          },
          {
            "linkId": "Conformance.rest.documentation",
            "text": "General description of implementation",
            "question": [
              {
                "linkId": "string",
                "text": "value",
                "type": "string",
                "required": true
              }
            ]
          },
          {
            "linkId": "Conformance.rest.security",
            "title": "Information about security of implementation",
            "text": "Information about security of implementation.",
            "group": [
              {
                "linkId": "Conformance.rest.security.cors",
                "text": "Adds CORS Headers (http://enable-cors.org/)",
                "question": [
                  {
                    "linkId": "boolean",
                    "text": "value",
                    "type": "boolean",
                    "required": true
                  }
                ]
              },
              {
                "linkId": "Conformance.rest.security.service",
                "text": "OAuth | OAuth2 | NTLM | Basic | Kerberos",
                "repeats": true,
                "question": [
                  {
                    "linkId": "text",
                    "text": "text:",
                    "type": "string",
                    "required": true
                  },
                  {
                    "linkId": "coding",
                    "text": "code:",
                    "type": "open-choice",
                    "required": true,
                    "repeats": true,
                    "options": {
                      "reference": "http://hl7.org/fhir/vs/restful-security-service"
                    }
                  }
                ]
              },
              {
                "linkId": "Conformance.rest.security.description",
                "text": "General description of how security works",
                "question": [
                  {
                    "linkId": "string",
                    "text": "value",
                    "type": "string",
                    "required": true
                  }
                ]
              },
              {
                "linkId": "Conformance.rest.security.certificate",
                "title": "Certificates associated with security profiles",
                "text": "Certificates associated with security profiles.",
                "repeats": true,
                "group": [
                  {
                    "linkId": "Conformance.rest.security.certificate.type",
                    "text": "Mime type for certificate",
                    "question": [
                      {
                        "linkId": "code",
                        "text": "code:",
                        "type": "choice",
                        "required": true
                      }
                    ]
                  },
                  {
                    "linkId": "Conformance.rest.security.certificate.blob",
                    "text": "Actual certificate"
                  }
                ]
              }
            ]
          },
          {
            "linkId": "Conformance.rest.resource",
            "title": "Resource served on the REST interface",
            "text": "A specification of the restful capabilities of the solution for a specific resource type.",
            "required": true,
            "repeats": true,
            "group": [
              {
                "linkId": "Conformance.rest.resource.type",
                "text": "A resource type that is supported",
                "required": true,
                "question": [
                  {
                    "linkId": "code",
                    "text": "code:",
                    "type": "string",
                    "required": true
                  }
                ]
              },
              {
                "linkId": "Conformance.rest.resource.profile",
                "text": "What structural features are supported",
                "question": [
                  {
                    "linkId": "reference",
                    "text": "url:",
                    "type": "string",
                    "required": true
                  }
                ]
              },
              {
                "linkId": "Conformance.rest.resource.interaction",
                "title": "What operations are supported?",
                "text": "Identifies a restful operation supported by the solution.",
                "required": true,
                "repeats": true,
                "group": [
                  {
                    "linkId": "Conformance.rest.resource.interaction.code",
                    "text": "read | vread | update | delete | history-instance | validate | history-type | create | search-type",
                    "required": true,
                    "question": [
                      {
                        "linkId": "code",
                        "text": "code:",
                        "type": "string",
                        "required": true
                      }
                    ]
                  },
                  {
                    "linkId": "Conformance.rest.resource.interaction.documentation",
                    "text": "Anything special about operation behavior",
                    "question": [
                      {
                        "linkId": "string",
                        "text": "value",
                        "type": "string",
                        "required": true
                      }
                    ]
                  }
                ]
              },
              {
                "linkId": "Conformance.rest.resource.readHistory",
                "text": "Whether vRead can return past versions",
                "question": [
                  {
                    "linkId": "boolean",
                    "text": "value",
                    "type": "boolean",
                    "required": true
                  }
                ]
              },
              {
                "linkId": "Conformance.rest.resource.updateCreate",
                "text": "If allows/uses update to a new location",
                "question": [
                  {
                    "linkId": "boolean",
                    "text": "value",
                    "type": "boolean",
                    "required": true
                  }
                ]
              },
              {
                "linkId": "Conformance.rest.resource.searchInclude",
                "text": "_include values supported by the server",
                "repeats": true,
                "question": [
                  {
                    "linkId": "string",
                    "text": "value",
                    "type": "string",
                    "required": true
                  }
                ]
              },
              {
                "linkId": "Conformance.rest.resource.searchParam",
                "title": "Additional search params defined",
                "text": "Additional search parameters for implementations to support and/or make use of.",
                "repeats": true,
                "group": [
                  {
                    "linkId": "Conformance.rest.resource.searchParam.name",
                    "text": "Name of search parameter",
                    "required": true,
                    "question": [
                      {
                        "linkId": "string",
                        "text": "value",
                        "type": "string",
                        "required": true
                      }
                    ]
                  },
                  {
                    "linkId": "Conformance.rest.resource.searchParam.definition",
                    "text": "Source of definition for parameter",
                    "question": [
                      {
                        "linkId": "string",
                        "text": "url:",
                        "type": "string",
                        "required": true
                      }
                    ]
                  },
                  {
                    "linkId": "Conformance.rest.resource.searchParam.type",
                    "text": "number | date | string | token | reference | composite | quantity",
                    "required": true,
                    "question": [
                      {
                        "linkId": "code",
                        "text": "code:",
                        "type": "string",
                        "required": true
                      }
                    ]
                  },
                  {
                    "linkId": "Conformance.rest.resource.searchParam.documentation",
                    "text": "Server-specific usage",
                    "question": [
                      {
                        "linkId": "string",
                        "text": "value",
                        "type": "string",
                        "required": true
                      }
                    ]
                  },
                  {
                    "linkId": "Conformance.rest.resource.searchParam.target",
                    "text": "Types of resource (if a resource reference)",
                    "repeats": true,
                    "question": [
                      {
                        "linkId": "code",
                        "text": "code:",
                        "type": "string",
                        "required": true
                      }
                    ]
                  },
                  {
                    "linkId": "Conformance.rest.resource.searchParam.chain",
                    "text": "Chained names supported",
                    "repeats": true,
                    "question": [
                      {
                        "linkId": "string",
                        "text": "value",
                        "type": "string",
                        "required": true
                      }
                    ]
                  }
                ]
              }
            ]
          },
          {
            "linkId": "Conformance.rest.interaction",
            "title": "What operations are supported?",
            "text": "A specification of restful operations supported by the system.",
            "repeats": true,
            "group": [
              {
                "linkId": "Conformance.rest.interaction.code",
                "text": "transaction | search-system | history-system",
                "required": true,
                "question": [
                  {
                    "linkId": "code",
                    "text": "code:",
                    "type": "string",
                    "required": true
                  }
                ]
              },
              {
                "linkId": "Conformance.rest.interaction.documentation",
                "text": "Anything special about operation behavior",
                "question": [
                  {
                    "linkId": "string",
                    "text": "value",
                    "type": "string",
                    "required": true
                  }
                ]
              }
            ]
          },
          {
            "linkId": "Conformance.rest.operation",
            "title": "Definition of an operation or a custom query",
            "text": "Definition of an operation or a named query and with it's parameters and their meaning and type.",
            "repeats": true,
            "group": [
              {
                "linkId": "Conformance.rest.operation.name",
                "text": "Name by which the operation/query is invoked",
                "required": true,
                "question": [
                  {
                    "linkId": "string",
                    "text": "value",
                    "type": "string",
                    "required": true
                  }
                ]
              },
              {
                "linkId": "Conformance.rest.operation.definition",
                "text": "The the operation/query is defined",
                "required": true,
                "question": [
                  {
                    "linkId": "reference",
                    "text": "url:",
                    "type": "string",
                    "required": true
                  }
                ]
              }
            ]
          },
          {
            "linkId": "Conformance.rest.documentMailbox",
            "text": "How documents are accepted in /Mailbox",
            "repeats": true,
            "question": [
              {
                "linkId": "string",
                "text": "url:",
                "type": "string",
                "required": true
              }
            ]
          }
        ]
      },
      {
        "linkId": "Conformance.messaging",
        "title": "If messaging is supported",
        "text": "A description of the messaging capabilities of the solution.",
        "repeats": true,
        "group": [
          {
            "linkId": "Conformance.messaging.endpoint",
            "text": "Actual endpoint being described",
            "question": [
              {
                "linkId": "string",
                "text": "url:",
                "type": "string",
                "required": true
              }
            ]
          },
          {
            "linkId": "Conformance.messaging.reliableCache",
            "text": "Reliable Message Cache Length",
            "question": [
              {
                "linkId": "string",
                "text": "value",
                "type": "integer",
                "required": true
              }
            ]
          },
          {
            "linkId": "Conformance.messaging.documentation",
            "text": "Messaging interface behavior details",
            "question": [
              {
                "linkId": "string",
                "text": "value",
                "type": "string",
                "required": true
              }
            ]
          },
          {
            "linkId": "Conformance.messaging.event",
            "title": "Declare support for this event",
            "text": "A description of the solution's support for an event at this end point.",
            "required": true,
            "repeats": true,
            "group": [
              {
                "linkId": "Conformance.messaging.event.code",
                "text": "Event type",
                "required": true,
                "question": [
                  {
                    "linkId": "coding",
                    "text": "code:",
                    "type": "open-choice",
                    "required": true,
                    "options": {
                      "reference": "http://hl7.org/fhir/vs/message-events"
                    }
                  }
                ]
              },
              {
                "linkId": "Conformance.messaging.event.category",
                "text": "Consequence | Currency | Notification",
                "question": [
                  {
                    "linkId": "code",
                    "text": "code:",
                    "type": "string",
                    "required": true
                  }
                ]
              },
              {
                "linkId": "Conformance.messaging.event.mode",
                "text": "sender | receiver",
                "required": true,
                "question": [
                  {
                    "linkId": "code",
                    "text": "code:",
                    "type": "string",
                    "required": true
                  }
                ]
              },
              {
                "linkId": "Conformance.messaging.event.protocol",
                "text": "http | ftp | mllp +",
                "repeats": true,
                "question": [
                  {
                    "linkId": "coding",
                    "text": "code:",
                    "type": "open-choice",
                    "required": true,
                    "options": {
                      "reference": "http://hl7.org/fhir/vs/message-transport"
                    }
                  }
                ]
              },
              {
                "linkId": "Conformance.messaging.event.focus",
                "text": "Resource that's focus of message",
                "required": true,
                "question": [
                  {
                    "linkId": "code",
                    "text": "code:",
                    "type": "string",
                    "required": true
                  }
                ]
              },
              {
                "linkId": "Conformance.messaging.event.request",
                "text": "Profile that describes the request",
                "required": true,
                "question": [
                  {
                    "linkId": "reference",
                    "text": "url:",
                    "type": "string",
                    "required": true
                  }
                ]
              },
              {
                "linkId": "Conformance.messaging.event.response",
                "text": "Profile that describes the response",
                "required": true,
                "question": [
                  {
                    "linkId": "reference",
                    "text": "url:",
                    "type": "string",
                    "required": true
                  }
                ]
              },
              {
                "linkId": "Conformance.messaging.event.documentation",
                "text": "Endpoint-specific event documentation",
                "question": [
                  {
                    "linkId": "string",
                    "text": "value",
                    "type": "string",
                    "required": true
                  }
                ]
              }
            ]
          }
        ]
      },
      {
        "linkId": "Conformance.document",
        "title": "Document definition",
        "text": "A document definition.",
        "repeats": true,
        "group": [
          {
            "linkId": "Conformance.document.mode",
            "text": "producer | consumer",
            "required": true,
            "question": [
              {
                "linkId": "code",
                "text": "code:",
                "type": "string",
                "required": true
              }
            ]
          },
          {
            "linkId": "Conformance.document.documentation",
            "text": "Description of document support",
            "question": [
              {
                "linkId": "string",
                "text": "value",
                "type": "string",
                "required": true
              }
            ]
          },
          {
            "linkId": "Conformance.document.profile",
            "text": "Constraint on a resource used in the document",
            "required": true,
            "question": [
              {
                "linkId": "reference",
                "text": "url:",
                "type": "string",
                "required": true
              }
            ]
          }
        ]
      }
    ]
  }
}