{
  "resourceType": "ValueSet",
  "text": {
    "status": "generated",
    "div": "<div><h2>ConformanceStatementStatus</h2><p>The status of this conformance statement</p><p>This value set defines its own terms in the system http://hl7.org/fhir/conformance-statement-status</p><table><tr><td><b>Code</b></td><td><b>Display</b></td><td><b>Definition</b></td></tr><tr><td>draft<a name=\"draft\"> </a></td><td/><td>This conformance statement is still under development.</td></tr><tr><td>active<a name=\"active\"> </a></td><td/><td>This conformance statement is ready for use in production systems.</td></tr><tr><td>retired<a name=\"retired\"> </a></td><td/><td>This conformance statement has been withdrawn or superceded and should no longer be used.</td></tr></table></div>"
  },
  "identifier": "http://hl7.org/fhir/vs/conformance-statement-status",
  "name": "ConformanceStatementStatus",
  "publisher": "HL7 (FHIR Project)",
  "telecom": [
    {
      "system": "url",
      "value": "http://hl7.org/fhir"
    },
    {
      "system": "email",
      "value": "fhir@lists.hl7.org"
    }
  ],
  "description": "The status of this conformance statement",
  "status": "draft",
  "date": "2014-08-09T07:35:36.912+10:00",
  "define": {
    "system": "http://hl7.org/fhir/conformance-statement-status",
    "caseSensitive": true,
    "concept": [
      {
        "code": "draft",
        "definition": "This conformance statement is still under development."
      },
      {
        "code": "active",
        "definition": "This conformance statement is ready for use in production systems."
      },
      {
        "code": "retired",
        "definition": "This conformance statement has been withdrawn or superceded and should no longer be used."
      }
    ]
  }
}