{"resourceType":"Contraindication","text":{"status":"generated","div":"<div>\n      \n      <p>\n        <b>Severity: High</b> - Risk of internal bleeding\n      </p>\n      \n      <p>Those who take acetaminophen along with the widely used blood-thinning drug warfarin may face the risk of serious internal bleeding. People on warfarin who take acetaminophen for at least seven days in a row should be closely watched for bleeding.</p>\n      \n      <ul>\n        \n        <li>\n          <a href=\"MedicationStatement/tylenol\">500 mg Acetaminophen tablet 1/day, PRN since 2010</a>\n        </li>\n        \n        <li>\n          <a href=\"MedicationPrescription/warfarin\">Warfarin 1 MG TAB prescribed Jan. 5, 2014</a>\n        </li>\n      \n      </ul>\n      \n      <p>Mitigation: Jan 5, 2014 by Dr. Adam Careful: </p>\n      \n      <p>Asked patient to discontinue regular use of Tylenol and to consult with clinician if they need to resume to allow appropriate INR monitoring</p>\n    \n    </div>"},"category":{"coding":[{"system":"http://hl7.org/fhir/v3/ActCode","code":"DRG","display":"Drug Interaction Alert"}]},"severity":"H","implicated":[{"reference":"MedicationStatement/tylenol","display":"500 mg Acetaminophen tablet 1/day, PRN since 2010"},{"reference":"MedicationPrescription/warfarin","display":"Warfarin 1 MG TAB prescribed Jan. 5, 2014"}],"detail":"Risk of internal bleeding.  Those who take acetaminophen along with the widely used blood-thinning drug warfarin may face the risk of serious internal bleeding. People on warfarin who take acetaminophen for at least seven days in a row should be closely watched for bleeding.","date":"2014-01-05","author":{"reference":"Device/dsp"},"mitigation":[{"action":{"coding":[{"system":"http://hl7.org/fhir/v3/ActCode","code":"30","display":"Stopped Concurrent Therapy"}],"text":"Asked patient to discontinue regular use of Tylenol and to consult with clinician if they need to resume to allow appropriate INR monitoring"},"date":"2014-01-05","author":{"reference":"Practitioner/example","display":"Dr. Adam Careful"}}]}