{
  "resourceType": "Questionnaire",
  "text": {
    "status": "generated",
    "div": "<div><p><b>Generated Narrative with Details</b></p><p><b>status</b>: draft</p><p><b>date</b>: 9-Aug 2014 7:35</p><p><b>publisher</b>: HL7 FHIR Standard</p><blockquote><p><b>group</b></p><p><b>linkId</b>: DataElement</p><p><b>title</b>: Resource data element</p><p><b>text</b>: The formal description of a single piece of information that can be gathered and reported.</p><p><b>required</b>: true</p><blockquote><p><b>group</b></p></blockquote><blockquote><p><b>group</b></p></blockquote><blockquote><p><b>group</b></p></blockquote><blockquote><p><b>group</b></p></blockquote><blockquote><p><b>group</b></p></blockquote><blockquote><p><b>group</b></p></blockquote><blockquote><p><b>group</b></p></blockquote><blockquote><p><b>group</b></p></blockquote><blockquote><p><b>group</b></p></blockquote><blockquote><p><b>group</b></p></blockquote><blockquote><p><b>group</b></p></blockquote><blockquote><p><b>group</b></p></blockquote><blockquote><p><b>group</b></p></blockquote><blockquote><p><b>group</b></p></blockquote><blockquote><p><b>group</b></p></blockquote><blockquote><p><b>group</b></p></blockquote><blockquote><p><b>group</b></p></blockquote><blockquote><p><b>group</b></p></blockquote><blockquote><p><b>group</b></p></blockquote><blockquote><p><b>group</b></p></blockquote></blockquote></div>"
  },
  "status": "draft",
  "date": "2014-08-09T07:35:26.985+10:00",
  "publisher": "HL7 FHIR Standard",
  "group": {
    "linkId": "DataElement",
    "title": "Resource data element",
    "text": "The formal description of a single piece of information that can be gathered and reported.",
    "required": true,
    "group": [
      {
        "linkId": "DataElement.identifier",
        "text": "Logical id to reference this data element",
        "question": [
          {
            "linkId": "label",
            "text": "label:",
            "type": "string",
            "required": true
          },
          {
            "linkId": "system",
            "text": "system:",
            "type": "string",
            "required": true
          },
          {
            "linkId": "value",
            "text": "value:",
            "type": "string",
            "required": true
          }
        ]
      },
      {
        "linkId": "DataElement.version",
        "text": "Logical id for this version of the data element",
        "question": [
          {
            "linkId": "string",
            "text": "value",
            "type": "string",
            "required": true
          }
        ]
      },
      {
        "linkId": "DataElement.publisher",
        "text": "Name of the publisher (Organization or individual)",
        "question": [
          {
            "linkId": "string",
            "text": "value",
            "type": "string",
            "required": true
          }
        ]
      },
      {
        "linkId": "DataElement.telecom",
        "text": "Contact information of the publisher",
        "repeats": true,
        "question": [
          {
            "linkId": "type",
            "text": "type:",
            "type": "choice",
            "required": true,
            "options": {
              "reference": "http://hl7.org/fhir/vs/contact-system"
            }
          },
          {
            "linkId": "value",
            "text": "value:",
            "type": "string",
            "required": true
          }
        ]
      },
      {
        "linkId": "DataElement.status",
        "text": "draft | active | retired",
        "required": true,
        "question": [
          {
            "linkId": "code",
            "text": "code:",
            "type": "string",
            "required": true
          }
        ]
      },
      {
        "linkId": "DataElement.date",
        "text": "Date for this version of the data element",
        "question": [
          {
            "linkId": "dateTime",
            "text": "date/time:",
            "type": "dateTime",
            "required": true
          }
        ]
      },
      {
        "linkId": "DataElement.name",
        "text": "Descriptive label for this element definition",
        "question": [
          {
            "linkId": "string",
            "text": "value",
            "type": "string",
            "required": true
          }
        ]
      },
      {
        "linkId": "DataElement.category",
        "text": "Assist with indexing and finding",
        "repeats": true,
        "question": [
          {
            "linkId": "text",
            "text": "text:",
            "type": "string",
            "required": true
          },
          {
            "linkId": "coding",
            "text": "code:",
            "type": "open-choice",
            "required": true,
            "repeats": true
          }
        ]
      },
      {
        "linkId": "DataElement.code",
        "text": "Identifying concept",
        "repeats": true,
        "question": [
          {
            "linkId": "coding",
            "text": "code:",
            "type": "open-choice",
            "required": true
          }
        ]
      },
      {
        "linkId": "DataElement.question",
        "text": "How to ask for element",
        "question": [
          {
            "linkId": "string",
            "text": "value",
            "type": "string",
            "required": true
          }
        ]
      },
      {
        "linkId": "DataElement.definition",
        "text": "Full formal definition in human language",
        "question": [
          {
            "linkId": "string",
            "text": "value",
            "type": "string",
            "required": true
          }
        ]
      },
      {
        "linkId": "DataElement.comments",
        "text": "Comments about the use of this element",
        "question": [
          {
            "linkId": "string",
            "text": "value",
            "type": "string",
            "required": true
          }
        ]
      },
      {
        "linkId": "DataElement.requirements",
        "text": "Why is this needed?",
        "question": [
          {
            "linkId": "string",
            "text": "value",
            "type": "string",
            "required": true
          }
        ]
      },
      {
        "linkId": "DataElement.synonym",
        "text": "Other names",
        "repeats": true,
        "question": [
          {
            "linkId": "string",
            "text": "value",
            "type": "string",
            "required": true
          }
        ]
      },
      {
        "linkId": "DataElement.type",
        "text": "Name of Data type",
        "question": [
          {
            "linkId": "code",
            "text": "code:",
            "type": "string",
            "required": true
          }
        ]
      },
      {
        "linkId": "DataElement.example[x]",
        "text": "Example value: [as defined for type]"
      },
      {
        "linkId": "DataElement.maxLength",
        "text": "Length for strings",
        "question": [
          {
            "linkId": "string",
            "text": "value",
            "type": "integer",
            "required": true
          }
        ]
      },
      {
        "linkId": "DataElement.units",
        "text": "Units to use for measured value",
        "question": [
          {
            "linkId": "text",
            "text": "text:",
            "type": "string",
            "required": true
          },
          {
            "linkId": "coding",
            "text": "code:",
            "type": "open-choice",
            "required": true,
            "repeats": true,
            "options": {
              "reference": "http://hl7.org/fhir/vs/units"
            }
          }
        ]
      },
      {
        "linkId": "DataElement.binding",
        "title": "ValueSet details if this is coded",
        "text": "Binds to a value set if this element is coded (code, Coding, CodeableConcept).",
        "group": [
          {
            "linkId": "DataElement.binding.isExtensible",
            "text": "Can additional codes be used?",
            "required": true,
            "question": [
              {
                "linkId": "boolean",
                "text": "value",
                "type": "boolean",
                "required": true
              }
            ]
          },
          {
            "linkId": "DataElement.binding.conformance",
            "text": "required | preferred | example",
            "question": [
              {
                "linkId": "code",
                "text": "code:",
                "type": "string",
                "required": true
              }
            ]
          },
          {
            "linkId": "DataElement.binding.description",
            "text": "Human explanation of the value set",
            "question": [
              {
                "linkId": "string",
                "text": "value",
                "type": "string",
                "required": true
              }
            ]
          },
          {
            "linkId": "DataElement.binding.valueSet",
            "text": "Source of value set",
            "question": [
              {
                "linkId": "reference",
                "text": "url:",
                "type": "string",
                "required": true
              }
            ]
          }
        ]
      },
      {
        "linkId": "DataElement.mapping",
        "title": "Map element to another set of definitions",
        "text": "Identifies a concept from an external specification that roughly corresponds to this element.",
        "repeats": true,
        "group": [
          {
            "linkId": "DataElement.mapping.uri",
            "text": "Identifies what this mapping refers to",
            "question": [
              {
                "linkId": "string",
                "text": "url:",
                "type": "string",
                "required": true
              }
            ]
          },
          {
            "linkId": "DataElement.mapping.name",
            "text": "Names what this mapping refers to",
            "question": [
              {
                "linkId": "string",
                "text": "value",
                "type": "string",
                "required": true
              }
            ]
          },
          {
            "linkId": "DataElement.mapping.comments",
            "text": "Versions, Issues, Scope limitations etc",
            "question": [
              {
                "linkId": "string",
                "text": "value",
                "type": "string",
                "required": true
              }
            ]
          },
          {
            "linkId": "DataElement.mapping.map",
            "text": "Details of the mapping",
            "required": true,
            "question": [
              {
                "linkId": "string",
                "text": "value",
                "type": "string",
                "required": true
              }
            ]
          }
        ]
      }
    ]
  }
}