{
  "resourceType": "Questionnaire",
  "text": {
    "status": "generated",
    "div": "<div><p><b>Generated Narrative with Details</b></p><p><b>status</b>: draft</p><p><b>date</b>: 9-Aug 2014 7:35</p><p><b>publisher</b>: HL7 FHIR Standard</p><blockquote><p><b>group</b></p><p><b>linkId</b>: Device</p><p><b>title</b>: An instance of a manufactured thing that is used in the provision of healthcare</p><p><b>text</b>: This resource identifies an instance of a manufactured thing that is used in the provision of healthcare without being substantially changed through that activity. The device may be a machine, an insert, a computer, an application, etc. This includes durable (reusable) medical equipment as well as disposable equipment used for diagnostic, treatment, and research for healthcare and public health.</p><p><b>required</b>: true</p><blockquote><p><b>group</b></p></blockquote><blockquote><p><b>group</b></p></blockquote><blockquote><p><b>group</b></p></blockquote><blockquote><p><b>group</b></p></blockquote><blockquote><p><b>group</b></p></blockquote><blockquote><p><b>group</b></p></blockquote><blockquote><p><b>group</b></p></blockquote><blockquote><p><b>group</b></p></blockquote><blockquote><p><b>group</b></p></blockquote><blockquote><p><b>group</b></p></blockquote><blockquote><p><b>group</b></p></blockquote><blockquote><p><b>group</b></p></blockquote><blockquote><p><b>group</b></p></blockquote></blockquote></div>"
  },
  "status": "draft",
  "date": "2014-08-09T07:35:26.985+10:00",
  "publisher": "HL7 FHIR Standard",
  "group": {
    "linkId": "Device",
    "title": "An instance of a manufactured thing that is used in the provision of healthcare",
    "text": "This resource identifies an instance of a manufactured thing that is used in the provision of healthcare without being substantially changed through that activity. The device may be a machine, an insert, a computer, an application, etc. This includes durable (reusable) medical equipment as well as disposable equipment used for diagnostic, treatment, and research for healthcare and public health.",
    "required": true,
    "group": [
      {
        "linkId": "Device.identifier",
        "text": "Instance id from manufacturer, owner and others",
        "repeats": true,
        "question": [
          {
            "linkId": "label",
            "text": "label:",
            "type": "string",
            "required": true
          },
          {
            "linkId": "system",
            "text": "system:",
            "type": "string",
            "required": true
          },
          {
            "linkId": "value",
            "text": "value:",
            "type": "string",
            "required": true
          }
        ]
      },
      {
        "linkId": "Device.type",
        "text": "What kind of device this is",
        "required": true,
        "question": [
          {
            "linkId": "text",
            "text": "text:",
            "type": "string",
            "required": true
          },
          {
            "linkId": "coding",
            "text": "code:",
            "type": "open-choice",
            "required": true,
            "repeats": true
          }
        ]
      },
      {
        "linkId": "Device.manufacturer",
        "text": "Name of device manufacturer",
        "question": [
          {
            "linkId": "string",
            "text": "value",
            "type": "string",
            "required": true
          }
        ]
      },
      {
        "linkId": "Device.model",
        "text": "Model id assigned by the manufacturer",
        "question": [
          {
            "linkId": "string",
            "text": "value",
            "type": "string",
            "required": true
          }
        ]
      },
      {
        "linkId": "Device.version",
        "text": "Version number (i.e. software)",
        "question": [
          {
            "linkId": "string",
            "text": "value",
            "type": "string",
            "required": true
          }
        ]
      },
      {
        "linkId": "Device.expiry",
        "text": "Date of expiry of this device (if applicable)",
        "question": [
          {
            "linkId": "dateTime",
            "text": "date/time:",
            "type": "dateTime",
            "required": true
          }
        ]
      },
      {
        "linkId": "Device.udi",
        "text": "FDA Mandated Unique Device Identifier",
        "question": [
          {
            "linkId": "string",
            "text": "value",
            "type": "string",
            "required": true
          }
        ]
      },
      {
        "linkId": "Device.lotNumber",
        "text": "Lot number of manufacture",
        "question": [
          {
            "linkId": "string",
            "text": "value",
            "type": "string",
            "required": true
          }
        ]
      },
      {
        "linkId": "Device.owner",
        "text": "Organization responsible for device",
        "question": [
          {
            "linkId": "reference",
            "text": "url:",
            "type": "string",
            "required": true
          }
        ]
      },
      {
        "linkId": "Device.location",
        "text": "Where the resource is found",
        "question": [
          {
            "linkId": "reference",
            "text": "url:",
            "type": "string",
            "required": true
          }
        ]
      },
      {
        "linkId": "Device.patient",
        "text": "If the resource is affixed to a person",
        "question": [
          {
            "linkId": "reference",
            "text": "url:",
            "type": "string",
            "required": true
          }
        ]
      },
      {
        "linkId": "Device.contact",
        "text": "Details for human/organization for support",
        "repeats": true,
        "question": [
          {
            "linkId": "type",
            "text": "type:",
            "type": "choice",
            "required": true,
            "options": {
              "reference": "http://hl7.org/fhir/vs/contact-system"
            }
          },
          {
            "linkId": "value",
            "text": "value:",
            "type": "string",
            "required": true
          }
        ]
      },
      {
        "linkId": "Device.url",
        "text": "Network address to contact device",
        "question": [
          {
            "linkId": "string",
            "text": "url:",
            "type": "string",
            "required": true
          }
        ]
      }
    ]
  }
}