{
  "resourceType": "Questionnaire",
  "text": {
    "status": "generated",
    "div": "<div><p><b>Generated Narrative with Details</b></p><p><b>status</b>: draft</p><p><b>date</b>: 9-Aug 2014 7:35</p><p><b>publisher</b>: HL7 FHIR Standard</p><blockquote><p><b>group</b></p><p><b>linkId</b>: DeviceObservationReport</p><p><b>title</b>: Describes the data produced by a device at a point in time</p><p><b>text</b>: Describes the data produced by a device at a point in time.</p><p><b>required</b>: true</p><blockquote><p><b>group</b></p></blockquote><blockquote><p><b>group</b></p></blockquote><blockquote><p><b>group</b></p></blockquote><blockquote><p><b>group</b></p></blockquote><blockquote><p><b>group</b></p></blockquote></blockquote></div>"
  },
  "status": "draft",
  "date": "2014-08-09T07:35:26.985+10:00",
  "publisher": "HL7 FHIR Standard",
  "group": {
    "linkId": "DeviceObservationReport",
    "title": "Describes the data produced by a device at a point in time",
    "text": "Describes the data produced by a device at a point in time.",
    "required": true,
    "group": [
      {
        "linkId": "DeviceObservationReport.instant",
        "text": "When the data values are reported",
        "required": true,
        "question": [
          {
            "linkId": "instant",
            "text": "value:",
            "type": "instant",
            "required": true
          }
        ]
      },
      {
        "linkId": "DeviceObservationReport.identifier",
        "text": "As assigned by the source device",
        "question": [
          {
            "linkId": "label",
            "text": "label:",
            "type": "string",
            "required": true
          },
          {
            "linkId": "system",
            "text": "system:",
            "type": "string",
            "required": true
          },
          {
            "linkId": "value",
            "text": "value:",
            "type": "string",
            "required": true
          }
        ]
      },
      {
        "linkId": "DeviceObservationReport.source",
        "text": "Identifies/describes where the data came from",
        "required": true,
        "question": [
          {
            "linkId": "reference",
            "text": "url:",
            "type": "string",
            "required": true
          }
        ]
      },
      {
        "linkId": "DeviceObservationReport.subject",
        "text": "Subject of the measurement"
      },
      {
        "linkId": "DeviceObservationReport.virtualDevice",
        "title": "A medical-related subsystem of a medical device",
        "text": "A medical-related subsystem of a medical device.",
        "repeats": true,
        "group": [
          {
            "linkId": "DeviceObservationReport.virtualDevice.code",
            "text": "Describes the compartment",
            "question": [
              {
                "linkId": "text",
                "text": "text:",
                "type": "string",
                "required": true
              },
              {
                "linkId": "coding",
                "text": "code:",
                "type": "open-choice",
                "required": true,
                "repeats": true
              }
            ]
          },
          {
            "linkId": "DeviceObservationReport.virtualDevice.channel",
            "title": "Groups related data items",
            "text": "Groups together physiological measurement data and derived data.",
            "repeats": true,
            "group": [
              {
                "linkId": "DeviceObservationReport.virtualDevice.channel.code",
                "text": "Describes the channel",
                "question": [
                  {
                    "linkId": "text",
                    "text": "text:",
                    "type": "string",
                    "required": true
                  },
                  {
                    "linkId": "coding",
                    "text": "code:",
                    "type": "open-choice",
                    "required": true,
                    "repeats": true
                  }
                ]
              },
              {
                "linkId": "DeviceObservationReport.virtualDevice.channel.metric",
                "title": "Piece of data reported by device",
                "text": "A piece of measured or derived data that is reported by the machine.",
                "repeats": true,
                "group": [
                  {
                    "linkId": "DeviceObservationReport.virtualDevice.channel.metric.observation",
                    "text": "The data for the metric",
                    "required": true,
                    "question": [
                      {
                        "linkId": "reference",
                        "text": "url:",
                        "type": "string",
                        "required": true
                      }
                    ]
                  }
                ]
              }
            ]
          }
        ]
      }
    ]
  }
}