{"resourceType":"DiagnosticReport","text":{"status":"generated","div":"<div>\n      <p>\n        <b>Generated Narrative with Details</b>\n      </p>\n      <p>\n        <b>name</b>: Complete blood count (hemogram) panel - Blood by Automated count \n        <span style=\"background: LightGoldenRodYellow \">(Details : {LOINC code '58410-2' = 'Complete blood count (hemogram) panel - Blood by Automated count', given as 'Complete blood count (hemogram) panel - Blood by Automated count'})</span>\n      </p>\n      <p>\n        <b>status</b>: final_\n      </p>\n      <p>\n        <b>issued</b>: 15-May 2013 19:32\n      </p>\n      <p>\n        <b>subject</b>: \n        <a href=\"patient-example-f001-pieter.html\">P. van den Heuvel. Generated Summary: 738472983 (usual), ?? (usual); Pieter van de Heuvel ; \n          <span title=\"Codes: {http://hl7.org/fhir/v3/AdministrativeGender M}\">Male</span>; birthDate: 17-Nov 1944; \n          <span title=\"Codes: {http://hl7.org/fhir/v3/MaritalStatus M}\">Getrouwd</span>; multipleBirth; \n          <span title=\"Codes: {urn:ietf:bcp:47 nl}\">Nederlands</span>; active\n        </a>\n      </p>\n      <p>\n        <b>performer</b>: \n        <a href=\"organization-example-f001-burgers.html\">Burgers University Medical Centre. Generated Summary: 91654 (official), 17-0112278 (usual); name: Burgers University Medical Center; \n          <span title=\"Codes: {urn:oid:2.16.840.1.113883.2.4.15.1060 V6}, {http://hl7.org/fhir/organization-type prov}\">University Medical Hospital</span>\n        </a>\n      </p>\n      <p>\n        <b>identifier</b>: nr1239044 (official)\n      </p>\n      <p>\n        <b>requestDetail</b>: P. van den Heuvel; L2381 (official); clinicalNotes: patient almost fainted during procedure\n      </p>\n      <p>\n        <b>serviceCategory</b>: Haematology test \n        <span style=\"background: LightGoldenRodYellow \">(Details : {SNOMED CT code '252275004' = 'Hematology test', given as 'Haematology test'}; {http://hl7.org/fhir/v2/0074 code 'HM' = 'Hematology', given as 'null'})</span>\n      </p>\n      <p>\n        <b>diagnostic</b>: 2-Apr 2013\n      </p>\n      <p>\n        <b>result</b>: \n      </p>\n      <ul>\n        <li>\n          <a href=\"observation-example-f001-glucose.html\">Generated Summary: \n            <span title=\"Codes: {http://loinc.org 15074-8}\">Glucose [Moles/volume] in Blood</span>; 6.3 mmol/l; \n            <span title=\"Codes: {http://hl7.org/fhir/v2/0078 A}\">abnormal</span>; applies: 2-Apr 2013 9:30 --&gt; 5-Apr 2013 9:30; issued: 3-Apr 2013 15:30; \n            <span title=\"Codes: {http://snomed.info/sct 308046002}\">Superficial forearm vein</span>; \n            <span title=\"Codes: {http://snomed.info/sct 120220003}\">Injection to forearm</span>; 6323 (official); P. van de Heuvel; A. Langeveld\n          </a>\n        </li>\n        <li>\n          <a href=\"observation-example-f002-excess.html\">Generated Summary: \n            <span title=\"Codes: {http://loinc.org 11555-0}\">Base excess in Blood by calculation</span>; 12.6 mmol/l; \n            <span title=\"Codes: {http://hl7.org/fhir/v2/0078 A}\">abnormal</span>; applies: 2-Apr 2013 10:30 --&gt; 5-Apr 2013 10:30; issued: 3-Apr 2013 15:30; \n            <span title=\"Codes: {http://snomed.info/sct 308046002}\">Superficial forearm vein</span>; \n            <span title=\"Codes: {http://snomed.info/sct 120220003}\">Injection to forearm</span>; 6324 (official); P. van de Heuvel; A. Langeveld\n          </a>\n        </li>\n        <li>\n          <a href=\"observation-example-f003-co2.html\">Generated Summary: \n            <span title=\"Codes: {http://loinc.org 11557-6}\">Carbon dioxide in blood</span>; 6.2 kPa; \n            <span title=\"Codes: {http://hl7.org/fhir/v2/0078 A}\">abnormal</span>; applies: 2-Apr 2013 10:30 --&gt; 5-Apr 2013 10:30; issued: 3-Apr 2013 15:30; \n            <span title=\"Codes: {http://snomed.info/id 308046002}\">Superficial forearm vein</span>; \n            <span title=\"Codes: {http://snomed.info/id 120220003}\">Injection to forearm</span>; 6325 (official); P. van de Heuvel; A. Langeveld\n          </a>\n        </li>\n        <li>\n          <a href=\"observation-example-f004-erythrocyte.html\">Generated Summary: \n            <span title=\"Codes: {http://loinc.org 789-8}\">Erythrocytes [#/volume] in Blood by Automated count</span>; 4.12 10^12/L; \n            <span title=\"Codes: {http://hl7.org/fhir/v2/0078 A}\">abnormal</span>; applies: 2-Apr 2013 10:30 --&gt; 5-Apr 2013 10:30; issued: 3-Apr 2013 15:30; \n            <span title=\"Codes: {http://snomed.info/id 308046002}\">Superficial forearm vein</span>; \n            <span title=\"Codes: {http://snomed.info/id 120220003}\">Injection to forearm</span>; 6326 (official); P. van de Heuvel; A. Langeveld\n          </a>\n        </li>\n        <li>\n          <a href=\"observation-example-f005-hemoglobin.html\">Generated Summary: \n            <span title=\"Codes: {http://loinc.org 30350-3}\">Hemoglobin [Mass/volume] in Venous blood</span>; 7.2 g/dl; \n            <span title=\"Codes: {http://hl7.org/fhir/v2/0078 L}\">low</span>; applies: 2-Apr 2013 10:30 --&gt; 5-Apr 2013 10:30; issued: 3-Apr 2013 15:30; \n            <span title=\"Codes: {http://snomed.info/sct 308046002}\">Superficial forearm vein</span>; \n            <span title=\"Codes: {http://snomed.info/sct 120220003}\">Injection to forearm</span>; 6327 (official); P. van de Heuvel; A. Langeveld\n          </a>\n        </li>\n      </ul>\n      <p>\n        <b>conclusion</b>: Core lab\n      </p>\n    </div>"},"contained":[{"resourceType":"DiagnosticOrder","_id":"req","subject":{"reference":"Patient/f001","display":"P. van den Heuvel"},"orderer":{"reference":"Practitioner/f001","display":"E.van den Broek"},"identifier":[{"use":"official","system":"http://www.bmc.nl/zorgportal/identifiers/labresults","value":"L2381"}],"encounter":{"reference":"Encounter/f001"},"clinicalNotes":"patient almost fainted during procedure","item":[{"code":{"coding":[{"system":"http://loinc.org","code":"58410-2","display":"Complete blood count (hemogram) panel - Blood by Automated count"}]},"bodySite":{"coding":[{"system":"http://snomed.info/sct","code":"14975008","display":"Forearm structure"}]}}]}],"name":{"coding":[{"system":"http://loinc.org","code":"58410-2","display":"Complete blood count (hemogram) panel - Blood by Automated count"}]},"status":"final","issued":"2013-05-15T19:32:52+01:00","subject":{"reference":"Patient/f001","display":"P. van den Heuvel"},"performer":{"reference":"Organization/f001","display":"Burgers University Medical Centre"},"identifier":{"use":"official","system":"http://www.bmc.nl/zorgportal/identifiers/reports","value":"nr1239044"},"requestDetail":[{"reference":"#req"}],"serviceCategory":{"coding":[{"system":"http://snomed.info/sct","code":"252275004","display":"Haematology test"},{"system":"http://hl7.org/fhir/v2/0074","code":"HM"}]},"diagnosticDateTime":"2013-04-02","result":[{"reference":"Observation/f001"},{"reference":"Observation/f002"},{"reference":"Observation/f003"},{"reference":"Observation/f004"},{"reference":"Observation/f005"}],"conclusion":"Core lab"}