{
  "resourceType": "Questionnaire",
  "text": {
    "status": "generated",
    "div": "<div><p><b>Generated Narrative with Details</b></p><p><b>status</b>: draft</p><p><b>date</b>: 9-Aug 2014 7:35</p><p><b>publisher</b>: HL7 FHIR Standard</p><blockquote><p><b>group</b></p><p><b>linkId</b>: DiagnosticOrder</p><p><b>title</b>: A request for a diagnostic service</p><p><b>text</b>: A request for a diagnostic investigation service to be performed.</p><p><b>required</b>: true</p><blockquote><p><b>group</b></p></blockquote><blockquote><p><b>group</b></p></blockquote><blockquote><p><b>group</b></p></blockquote><blockquote><p><b>group</b></p></blockquote><blockquote><p><b>group</b></p></blockquote><blockquote><p><b>group</b></p></blockquote><blockquote><p><b>group</b></p></blockquote><blockquote><p><b>group</b></p></blockquote><blockquote><p><b>group</b></p></blockquote><blockquote><p><b>group</b></p></blockquote><blockquote><p><b>group</b></p></blockquote></blockquote></div>"
  },
  "status": "draft",
  "date": "2014-08-09T07:35:26.985+10:00",
  "publisher": "HL7 FHIR Standard",
  "group": {
    "linkId": "DiagnosticOrder",
    "title": "A request for a diagnostic service",
    "text": "A request for a diagnostic investigation service to be performed.",
    "required": true,
    "group": [
      {
        "linkId": "DiagnosticOrder.subject",
        "text": "Who and/or what test is about",
        "required": true
      },
      {
        "linkId": "DiagnosticOrder.orderer",
        "text": "Who ordered the test",
        "question": [
          {
            "linkId": "reference",
            "text": "url:",
            "type": "string",
            "required": true
          }
        ]
      },
      {
        "linkId": "DiagnosticOrder.identifier",
        "text": "Identifiers assigned to this order",
        "repeats": true,
        "question": [
          {
            "linkId": "label",
            "text": "label:",
            "type": "string",
            "required": true
          },
          {
            "linkId": "system",
            "text": "system:",
            "type": "string",
            "required": true
          },
          {
            "linkId": "value",
            "text": "value:",
            "type": "string",
            "required": true
          }
        ]
      },
      {
        "linkId": "DiagnosticOrder.encounter",
        "text": "The encounter that this diagnostic order is associated with",
        "question": [
          {
            "linkId": "reference",
            "text": "url:",
            "type": "string",
            "required": true
          }
        ]
      },
      {
        "linkId": "DiagnosticOrder.clinicalNotes",
        "text": "Explanation/Justification for test",
        "question": [
          {
            "linkId": "string",
            "text": "value",
            "type": "string",
            "required": true
          }
        ]
      },
      {
        "linkId": "DiagnosticOrder.supportingInformation",
        "text": "Supporting observations or conditions for this request",
        "repeats": true
      },
      {
        "linkId": "DiagnosticOrder.specimen",
        "text": "If the whole order relates to specific specimens",
        "repeats": true,
        "question": [
          {
            "linkId": "reference",
            "text": "url:",
            "type": "string",
            "required": true
          }
        ]
      },
      {
        "linkId": "DiagnosticOrder.status",
        "text": "requested | received | accepted | in progress | review | completed | suspended | rejected | failed",
        "question": [
          {
            "linkId": "code",
            "text": "code:",
            "type": "string",
            "required": true
          }
        ]
      },
      {
        "linkId": "DiagnosticOrder.priority",
        "text": "routine | urgent | stat | asap",
        "question": [
          {
            "linkId": "code",
            "text": "code:",
            "type": "string",
            "required": true
          }
        ]
      },
      {
        "linkId": "DiagnosticOrder.event",
        "title": "A list of events of interest in the lifecycle",
        "text": "A summary of the events of interest that have occurred as the request is processed. E.g. when the order was made, various processing steps (specimens received), when it was completed.",
        "repeats": true,
        "group": [
          {
            "linkId": "DiagnosticOrder.event.status",
            "text": "requested | received | accepted | in progress | review | completed | suspended | rejected | failed",
            "required": true,
            "question": [
              {
                "linkId": "code",
                "text": "code:",
                "type": "string",
                "required": true
              }
            ]
          },
          {
            "linkId": "DiagnosticOrder.event.description",
            "text": "More information about the event and it's context",
            "question": [
              {
                "linkId": "text",
                "text": "text:",
                "type": "string",
                "required": true
              },
              {
                "linkId": "coding",
                "text": "code:",
                "type": "open-choice",
                "required": true,
                "repeats": true,
                "options": {
                  "reference": "http://hl7.org/fhir/vs/diagnostic-order-event"
                }
              }
            ]
          },
          {
            "linkId": "DiagnosticOrder.event.dateTime",
            "text": "The date at which the event happened",
            "required": true,
            "question": [
              {
                "linkId": "dateTime",
                "text": "date/time:",
                "type": "dateTime",
                "required": true
              }
            ]
          },
          {
            "linkId": "DiagnosticOrder.event.actor",
            "text": "Who recorded or did this"
          }
        ]
      },
      {
        "linkId": "DiagnosticOrder.item",
        "title": "The items the orderer requested",
        "text": "The specific diagnostic investigations that are requested as part of this request. Sometimes, there can only be one item per request, but in most contexts, more than one investigation can be requested.",
        "repeats": true,
        "group": [
          {
            "linkId": "DiagnosticOrder.item.code",
            "text": "Code to indicate the item (test or panel) being ordered",
            "required": true,
            "question": [
              {
                "linkId": "text",
                "text": "text:",
                "type": "string",
                "required": true
              },
              {
                "linkId": "coding",
                "text": "code:",
                "type": "open-choice",
                "required": true,
                "repeats": true,
                "options": {
                  "reference": "http://hl7.org/fhir/vs/diagnostic-requests"
                }
              }
            ]
          },
          {
            "linkId": "DiagnosticOrder.item.specimen",
            "text": "If this item relates to specific specimens",
            "repeats": true,
            "question": [
              {
                "linkId": "reference",
                "text": "url:",
                "type": "string",
                "required": true
              }
            ]
          },
          {
            "linkId": "DiagnosticOrder.item.bodySite",
            "text": "Location of requested test (if applicable)",
            "question": [
              {
                "linkId": "text",
                "text": "text:",
                "type": "string",
                "required": true
              },
              {
                "linkId": "coding",
                "text": "code:",
                "type": "open-choice",
                "required": true,
                "repeats": true,
                "options": {
                  "reference": "http://hl7.org/fhir/vs/body-site"
                }
              }
            ]
          },
          {
            "linkId": "DiagnosticOrder.item.status",
            "text": "requested | received | accepted | in progress | review | completed | suspended | rejected | failed",
            "question": [
              {
                "linkId": "code",
                "text": "code:",
                "type": "string",
                "required": true
              }
            ]
          },
          {
            "linkId": "DiagnosticOrder.item.event",
            "title": "Events specific to this item",
            "text": "A summary of the events of interest that have occurred as this item of the request is processed.",
            "repeats": true
          }
        ]
      }
    ]
  }
}