{"resourceType":"DiagnosticReport","text":{"status":"generated","div":"<div>\n      <p>\n        <b>Generated Narrative with Details</b>\n      </p>\n      <p>\n        <b>name</b>: Blood culture for bacteria, including anaerobic screen \n        <span style=\"background: LightGoldenRodYellow \">(Details : {SNOMED CT code '104177005' = 'Blood culture for bacteria, including anaerobic screen', given as 'Blood culture for bacteria, including anaerobic screen'})</span>\n      </p>\n      <p>\n        <b>status</b>: final_\n      </p>\n      <p>\n        <b>issued</b>: 11-Mar 2013 10:28\n      </p>\n      <p>\n        <b>subject</b>: \n        <a href=\"patient-example-f201-roel.html\">Roel. Generated Summary: BSN = 123456789 (official), BSN = 123456789 (official); Roel(official); \n          <span title=\"Codes: {http://snomed.info/sct 248153007}, {http://hl7.org/fhir/v3/AdministrativeGender M}\">Male</span>; birthDate: 13-Mar 1960; \n          <span title=\"Codes: {http://snomed.info/sct 36629006}, {http://hl7.org/fhir/v3/MaritalStatus M}\">Legally married</span>; \n          <span title=\"Codes: {urn:std:iso:639-1 nl-NL}\">Dutch</span>; active\n        </a>\n      </p>\n      <p>\n        <b>performer</b>: \n        <a href=\"organization-example-f201-aumc.html\">AUMC. Generated Summary: Zorginstelling naam = Artis University Medical Center (official); name: Artis University Medical Center (AUMC); \n          <span title=\"Codes: {http://snomed.info/sct 405608006}, {urn:oid:2.16.840.1.113883.2.4.15.1060 V6}, {http://hl7.org/fhir/organization-type prov}\">Academic Medical Center</span>; active\n        </a>\n      </p>\n      <p>\n        <b>requestDetail</b>: Roel\n      </p>\n      <p>\n        <b>serviceCategory</b>: Laboratory test \n        <span style=\"background: LightGoldenRodYellow \">(Details : {SNOMED CT code '15220000' = 'Laboratory test', given as 'Laboratory test'}; {http://hl7.org/fhir/v2/0074 code 'LAB' = 'Laboratory', given as 'null'})</span>\n      </p>\n      <p>\n        <b>diagnostic</b>: 11-Mar 2013 3:45\n      </p>\n      <p>\n        <b>result</b>: \n        <a href=\"observation-example-f206-staphylococcus.html\">Results for staphylococcus analysis on Roel's blood culture. Generated Summary: \n          <span title=\"Codes: {http://snomed.info/sct 104177005}\">Blood culture for bacteria, including anaerobic screen</span>; \n          <span title=\"Codes: {http://snomed.info/sct 3092008}\">Staphylococcus aureus</span>; \n          <span title=\"Codes: {http://hl7.org/fhir/v2/0078 POS}\">Positive</span>; issued: 11-Mar 2013 10:28; \n          <span title=\"Codes: {http://snomed.info/sct 104177005}\">Blood culture for bacteria, including anaerobic screen</span>; Roel; Luigi Maas\n        </a>\n      </p>\n      <p>\n        <b>conclusion</b>: Blood culture tested positive on staphylococcus aureus\n      </p>\n      <p>\n        <b>codedDiagnosis</b>: Bacteremia due to staphylococcus \n        <span style=\"background: LightGoldenRodYellow \">(Details : {SNOMED CT code '428763004' = 'Staphylococcus aureus bacteremia', given as 'Bacteremia due to staphylococcus'})</span>\n      </p>\n    </div>"},"contained":[{"resourceType":"DiagnosticOrder","_id":"req","subject":{"reference":"Patient/f201","display":"Roel"},"orderer":{"reference":"Practitioner/f201","display":"Dokter Bronsig"},"encounter":{"reference":"Encounter/f203","display":"Roel's encounter on March eleventh 2013"}}],"name":{"coding":[{"system":"http://snomed.info/sct","code":"104177005","display":"Blood culture for bacteria, including anaerobic screen"}]},"status":"final","issued":"2013-03-11T10:28:00+01:00","subject":{"reference":"Patient/f201","display":"Roel"},"performer":{"reference":"Organization/f201","display":"AUMC"},"requestDetail":[{"reference":"#req"}],"serviceCategory":{"coding":[{"system":"http://snomed.info/sct","code":"15220000","display":"Laboratory test"},{"system":"http://hl7.org/fhir/v2/0074","code":"LAB"}]},"diagnosticDateTime":"2013-03-11T03:45:00+01:00","result":[{"reference":"Observation/f206","display":"Results for staphylococcus analysis on Roel's blood culture"}],"conclusion":"Blood culture tested positive on staphylococcus aureus","codedDiagnosis":[{"coding":[{"system":"http://snomed.info/sct","code":"428763004","display":"Bacteremia due to staphylococcus"}]}]}