{
  "resourceType": "Questionnaire",
  "text": {
    "status": "generated",
    "div": "<div><p><b>Generated Narrative with Details</b></p><p><b>status</b>: draft</p><p><b>date</b>: 9-Aug 2014 7:35</p><p><b>publisher</b>: HL7 FHIR Standard</p><blockquote><p><b>group</b></p><p><b>linkId</b>: DiagnosticReport</p><p><b>title</b>: A Diagnostic report - a combination of request information, atomic results, images, interpretation, as well as formatted reports</p><p><b>text</b>: The findings and interpretation of diagnostic  tests performed on patients, groups of patients, devices, and locations, and/or specimens derived from these. The report includes clinical context such as requesting and provider information, and some mix of atomic results, images, textual and coded interpretation, and formatted representation of diagnostic reports.</p><p><b>required</b>: true</p><blockquote><p><b>group</b></p></blockquote><blockquote><p><b>group</b></p></blockquote><blockquote><p><b>group</b></p></blockquote><blockquote><p><b>group</b></p></blockquote><blockquote><p><b>group</b></p></blockquote><blockquote><p><b>group</b></p></blockquote><blockquote><p><b>group</b></p></blockquote><blockquote><p><b>group</b></p></blockquote><blockquote><p><b>group</b></p></blockquote><blockquote><p><b>group</b></p></blockquote><blockquote><p><b>group</b></p></blockquote><blockquote><p><b>group</b></p></blockquote><blockquote><p><b>group</b></p></blockquote><blockquote><p><b>group</b></p></blockquote><blockquote><p><b>group</b></p></blockquote><blockquote><p><b>group</b></p></blockquote></blockquote></div>"
  },
  "status": "draft",
  "date": "2014-08-09T07:35:26.985+10:00",
  "publisher": "HL7 FHIR Standard",
  "group": {
    "linkId": "DiagnosticReport",
    "title": "A Diagnostic report - a combination of request information, atomic results, images, interpretation, as well as formatted reports",
    "text": "The findings and interpretation of diagnostic  tests performed on patients, groups of patients, devices, and locations, and/or specimens derived from these. The report includes clinical context such as requesting and provider information, and some mix of atomic results, images, textual and coded interpretation, and formatted representation of diagnostic reports.",
    "required": true,
    "group": [
      {
        "linkId": "DiagnosticReport.name",
        "text": "Name/Code for this diagnostic report",
        "required": true,
        "question": [
          {
            "linkId": "text",
            "text": "text:",
            "type": "string",
            "required": true
          },
          {
            "linkId": "coding",
            "text": "code:",
            "type": "open-choice",
            "required": true,
            "repeats": true,
            "options": {
              "reference": "http://hl7.org/fhir/vs/report-names"
            }
          }
        ]
      },
      {
        "linkId": "DiagnosticReport.status",
        "text": "registered | partial | final | corrected +",
        "required": true,
        "question": [
          {
            "linkId": "code",
            "text": "code:",
            "type": "string",
            "required": true
          }
        ]
      },
      {
        "linkId": "DiagnosticReport.issued",
        "text": "Date this version was released",
        "required": true,
        "question": [
          {
            "linkId": "dateTime",
            "text": "date/time:",
            "type": "dateTime",
            "required": true
          }
        ]
      },
      {
        "linkId": "DiagnosticReport.subject",
        "text": "The subject of the report, usually, but not always, the patient",
        "required": true
      },
      {
        "linkId": "DiagnosticReport.performer",
        "text": "Responsible Diagnostic Service",
        "required": true
      },
      {
        "linkId": "DiagnosticReport.identifier",
        "text": "Id for external references to this report",
        "question": [
          {
            "linkId": "label",
            "text": "label:",
            "type": "string",
            "required": true
          },
          {
            "linkId": "system",
            "text": "system:",
            "type": "string",
            "required": true
          },
          {
            "linkId": "value",
            "text": "value:",
            "type": "string",
            "required": true
          }
        ]
      },
      {
        "linkId": "DiagnosticReport.requestDetail",
        "text": "What was requested",
        "repeats": true,
        "question": [
          {
            "linkId": "reference",
            "text": "url:",
            "type": "string",
            "required": true
          }
        ]
      },
      {
        "linkId": "DiagnosticReport.serviceCategory",
        "text": "Biochemistry, Hematology etc.",
        "question": [
          {
            "linkId": "text",
            "text": "text:",
            "type": "string",
            "required": true
          },
          {
            "linkId": "coding",
            "text": "code:",
            "type": "open-choice",
            "required": true,
            "repeats": true,
            "options": {
              "reference": "http://hl7.org/fhir/vs/diagnostic-service-sections"
            }
          }
        ]
      },
      {
        "linkId": "DiagnosticReport.diagnostic[x]",
        "text": "Physiologically Relevant time/time-period for report",
        "required": true
      },
      {
        "linkId": "DiagnosticReport.specimen",
        "text": "Specimens this report is based on",
        "repeats": true,
        "question": [
          {
            "linkId": "reference",
            "text": "url:",
            "type": "string",
            "required": true
          }
        ]
      },
      {
        "linkId": "DiagnosticReport.result",
        "text": "Observations - simple, or complex nested groups",
        "repeats": true,
        "question": [
          {
            "linkId": "reference",
            "text": "url:",
            "type": "string",
            "required": true
          }
        ]
      },
      {
        "linkId": "DiagnosticReport.imagingStudy",
        "text": "Reference to full details of imaging associated with the diagnostic report",
        "repeats": true,
        "question": [
          {
            "linkId": "reference",
            "text": "url:",
            "type": "string",
            "required": true
          }
        ]
      },
      {
        "linkId": "DiagnosticReport.image",
        "title": "Key images associated with this report",
        "text": "A list of key images associated with this report. The images are generally created during the diagnostic process, and may be directly of the patient, or of treated specimens (i.e. slides of interest).",
        "repeats": true,
        "group": [
          {
            "linkId": "DiagnosticReport.image.comment",
            "text": "Comment about the image (e.g. explanation)",
            "question": [
              {
                "linkId": "string",
                "text": "value",
                "type": "string",
                "required": true
              }
            ]
          },
          {
            "linkId": "DiagnosticReport.image.link",
            "text": "Reference to the image source",
            "required": true,
            "question": [
              {
                "linkId": "reference",
                "text": "url:",
                "type": "string",
                "required": true
              }
            ]
          }
        ]
      },
      {
        "linkId": "DiagnosticReport.conclusion",
        "text": "Clinical Interpretation of test results",
        "question": [
          {
            "linkId": "string",
            "text": "value",
            "type": "string",
            "required": true
          }
        ]
      },
      {
        "linkId": "DiagnosticReport.codedDiagnosis",
        "text": "Codes for the conclusion",
        "repeats": true,
        "question": [
          {
            "linkId": "text",
            "text": "text:",
            "type": "string",
            "required": true
          },
          {
            "linkId": "coding",
            "text": "code:",
            "type": "open-choice",
            "required": true,
            "repeats": true,
            "options": {
              "reference": "http://hl7.org/fhir/vs/clinical-findings"
            }
          }
        ]
      },
      {
        "linkId": "DiagnosticReport.presentedForm",
        "text": "Entire Report as issued",
        "repeats": true
      }
    ]
  }
}