{
  "resourceType": "Questionnaire",
  "text": {
    "status": "generated",
    "div": "<div><p><b>Generated Narrative with Details</b></p><p><b>status</b>: draft</p><p><b>date</b>: 9-Aug 2014 7:35</p><p><b>publisher</b>: HL7 FHIR Standard</p><blockquote><p><b>group</b></p><p><b>linkId</b>: DocumentReference</p><p><b>title</b>: A reference to a document</p><p><b>text</b>: A reference to a document.</p><p><b>required</b>: true</p><blockquote><p><b>group</b></p></blockquote><blockquote><p><b>group</b></p></blockquote><blockquote><p><b>group</b></p></blockquote><blockquote><p><b>group</b></p></blockquote><blockquote><p><b>group</b></p></blockquote><blockquote><p><b>group</b></p></blockquote><blockquote><p><b>group</b></p></blockquote><blockquote><p><b>group</b></p></blockquote><blockquote><p><b>group</b></p></blockquote><blockquote><p><b>group</b></p></blockquote><blockquote><p><b>group</b></p></blockquote><blockquote><p><b>group</b></p></blockquote><blockquote><p><b>group</b></p></blockquote><blockquote><p><b>group</b></p></blockquote><blockquote><p><b>group</b></p></blockquote><blockquote><p><b>group</b></p></blockquote><blockquote><p><b>group</b></p></blockquote><blockquote><p><b>group</b></p></blockquote><blockquote><p><b>group</b></p></blockquote><blockquote><p><b>group</b></p></blockquote><blockquote><p><b>group</b></p></blockquote><blockquote><p><b>group</b></p></blockquote><blockquote><p><b>group</b></p></blockquote><blockquote><p><b>group</b></p></blockquote></blockquote></div>"
  },
  "status": "draft",
  "date": "2014-08-09T07:35:26.985+10:00",
  "publisher": "HL7 FHIR Standard",
  "group": {
    "linkId": "DocumentReference",
    "title": "A reference to a document",
    "text": "A reference to a document.",
    "required": true,
    "group": [
      {
        "linkId": "DocumentReference.masterIdentifier",
        "text": "Master Version Specific Identifier",
        "required": true,
        "question": [
          {
            "linkId": "label",
            "text": "label:",
            "type": "string",
            "required": true
          },
          {
            "linkId": "system",
            "text": "system:",
            "type": "string",
            "required": true
          },
          {
            "linkId": "value",
            "text": "value:",
            "type": "string",
            "required": true
          }
        ]
      },
      {
        "linkId": "DocumentReference.identifier",
        "text": "Other identifiers for the document",
        "repeats": true,
        "question": [
          {
            "linkId": "label",
            "text": "label:",
            "type": "string",
            "required": true
          },
          {
            "linkId": "system",
            "text": "system:",
            "type": "string",
            "required": true
          },
          {
            "linkId": "value",
            "text": "value:",
            "type": "string",
            "required": true
          }
        ]
      },
      {
        "linkId": "DocumentReference.subject",
        "text": "Who|what is the subject of the document",
        "required": true
      },
      {
        "linkId": "DocumentReference.type",
        "text": "What kind of document this is (LOINC if possible)",
        "required": true,
        "question": [
          {
            "linkId": "text",
            "text": "text:",
            "type": "string",
            "required": true
          },
          {
            "linkId": "coding",
            "text": "code:",
            "type": "open-choice",
            "required": true,
            "repeats": true,
            "options": {
              "reference": "http://hl7.org/fhir/vs/doc-codes"
            }
          }
        ]
      },
      {
        "linkId": "DocumentReference.class",
        "text": "Categorization of Document",
        "question": [
          {
            "linkId": "text",
            "text": "text:",
            "type": "string",
            "required": true
          },
          {
            "linkId": "coding",
            "text": "code:",
            "type": "open-choice",
            "required": true,
            "repeats": true,
            "options": {
              "reference": "http://hl7.org/fhir/vs/xds-typecodes"
            }
          }
        ]
      },
      {
        "linkId": "DocumentReference.author",
        "text": "Who and/or what authored the document",
        "required": true,
        "repeats": true
      },
      {
        "linkId": "DocumentReference.custodian",
        "text": "Org which maintains the document",
        "question": [
          {
            "linkId": "reference",
            "text": "url:",
            "type": "string",
            "required": true
          }
        ]
      },
      {
        "linkId": "DocumentReference.policyManager",
        "text": "Manages access policies for the document",
        "question": [
          {
            "linkId": "string",
            "text": "url:",
            "type": "string",
            "required": true
          }
        ]
      },
      {
        "linkId": "DocumentReference.authenticator",
        "text": "Who/What authenticated the document"
      },
      {
        "linkId": "DocumentReference.created",
        "text": "Document creation time",
        "question": [
          {
            "linkId": "dateTime",
            "text": "date/time:",
            "type": "dateTime",
            "required": true
          }
        ]
      },
      {
        "linkId": "DocumentReference.indexed",
        "text": "When this document reference created",
        "required": true,
        "question": [
          {
            "linkId": "instant",
            "text": "value:",
            "type": "instant",
            "required": true
          }
        ]
      },
      {
        "linkId": "DocumentReference.status",
        "text": "current | superceded | entered in error",
        "required": true,
        "question": [
          {
            "linkId": "code",
            "text": "code:",
            "type": "string",
            "required": true
          }
        ]
      },
      {
        "linkId": "DocumentReference.docStatus",
        "text": "preliminary | final | appended | amended | entered in error",
        "question": [
          {
            "linkId": "text",
            "text": "text:",
            "type": "string",
            "required": true
          },
          {
            "linkId": "coding",
            "text": "code:",
            "type": "open-choice",
            "required": true,
            "repeats": true,
            "options": {
              "reference": "http://hl7.org/fhir/vs/composition-status"
            }
          }
        ]
      },
      {
        "linkId": "DocumentReference.relatesTo",
        "title": "Relationships to other documents",
        "text": "Relationships that this document has with other document references that already exist.",
        "repeats": true,
        "group": [
          {
            "linkId": "DocumentReference.relatesTo.code",
            "text": "replaces | transforms | signs | appends",
            "required": true,
            "question": [
              {
                "linkId": "code",
                "text": "code:",
                "type": "string",
                "required": true
              }
            ]
          },
          {
            "linkId": "DocumentReference.relatesTo.target",
            "text": "Target of the relationship",
            "required": true,
            "question": [
              {
                "linkId": "reference",
                "text": "url:",
                "type": "string",
                "required": true
              }
            ]
          }
        ]
      },
      {
        "linkId": "DocumentReference.description",
        "text": "Human-readable description (title)",
        "question": [
          {
            "linkId": "string",
            "text": "value",
            "type": "string",
            "required": true
          }
        ]
      },
      {
        "linkId": "DocumentReference.confidentiality",
        "text": "Sensitivity of source document",
        "repeats": true,
        "question": [
          {
            "linkId": "text",
            "text": "text:",
            "type": "string",
            "required": true
          },
          {
            "linkId": "coding",
            "text": "code:",
            "type": "open-choice",
            "required": true,
            "repeats": true,
            "options": {
              "reference": "http://hl7.org/fhir/v3/vs/Confidentiality"
            }
          }
        ]
      },
      {
        "linkId": "DocumentReference.primaryLanguage",
        "text": "The marked primary language for the document",
        "question": [
          {
            "linkId": "code",
            "text": "code:",
            "type": "choice",
            "required": true
          }
        ]
      },
      {
        "linkId": "DocumentReference.mimeType",
        "text": "Mime type, + maybe character encoding",
        "required": true,
        "question": [
          {
            "linkId": "code",
            "text": "code:",
            "type": "choice",
            "required": true
          }
        ]
      },
      {
        "linkId": "DocumentReference.format",
        "text": "Format/content rules for the document",
        "repeats": true,
        "question": [
          {
            "linkId": "string",
            "text": "url:",
            "type": "string",
            "required": true
          }
        ]
      },
      {
        "linkId": "DocumentReference.size",
        "text": "Size of the document in bytes",
        "question": [
          {
            "linkId": "string",
            "text": "value",
            "type": "integer",
            "required": true
          }
        ]
      },
      {
        "linkId": "DocumentReference.hash",
        "text": "HexBinary representation of SHA1",
        "question": [
          {
            "linkId": "string",
            "text": "value",
            "type": "string",
            "required": true
          }
        ]
      },
      {
        "linkId": "DocumentReference.location",
        "text": "Where to access the document",
        "question": [
          {
            "linkId": "string",
            "text": "url:",
            "type": "string",
            "required": true
          }
        ]
      },
      {
        "linkId": "DocumentReference.service",
        "title": "If access is not fully described by location",
        "text": "A description of a service call that can be used to retrieve the document.",
        "group": [
          {
            "linkId": "DocumentReference.service.type",
            "text": "Type of service (i.e. XDS.b)",
            "required": true,
            "question": [
              {
                "linkId": "text",
                "text": "text:",
                "type": "string",
                "required": true
              },
              {
                "linkId": "coding",
                "text": "code:",
                "type": "open-choice",
                "required": true,
                "repeats": true,
                "options": {
                  "reference": "http://hl7.org/fhir/vs/documentreference-service-types"
                }
              }
            ]
          },
          {
            "linkId": "DocumentReference.service.address",
            "text": "Where service is located (usually a URL)",
            "question": [
              {
                "linkId": "string",
                "text": "value",
                "type": "string",
                "required": true
              }
            ]
          },
          {
            "linkId": "DocumentReference.service.parameter",
            "title": "Service call parameters",
            "text": "A list of named parameters that is used in the service call.",
            "repeats": true,
            "group": [
              {
                "linkId": "DocumentReference.service.parameter.name",
                "text": "Parameter name in service call",
                "required": true,
                "question": [
                  {
                    "linkId": "string",
                    "text": "value",
                    "type": "string",
                    "required": true
                  }
                ]
              },
              {
                "linkId": "DocumentReference.service.parameter.value",
                "text": "Parameter value for the name",
                "question": [
                  {
                    "linkId": "string",
                    "text": "value",
                    "type": "string",
                    "required": true
                  }
                ]
              }
            ]
          }
        ]
      },
      {
        "linkId": "DocumentReference.context",
        "title": "Clinical context of document",
        "text": "The clinical context in which the document was prepared.",
        "group": [
          {
            "linkId": "DocumentReference.context.event",
            "text": "Main Clinical Acts Documented",
            "repeats": true,
            "question": [
              {
                "linkId": "text",
                "text": "text:",
                "type": "string",
                "required": true
              },
              {
                "linkId": "coding",
                "text": "code:",
                "type": "open-choice",
                "required": true,
                "repeats": true,
                "options": {
                  "reference": "http://hl7.org/fhir/v3/vs/ActCode"
                }
              }
            ]
          },
          {
            "linkId": "DocumentReference.context.period",
            "text": "Time of service that is being documented",
            "question": [
              {
                "linkId": "low",
                "text": "start:",
                "type": "dateTime",
                "required": true
              },
              {
                "linkId": "end",
                "text": "end:",
                "type": "dateTime",
                "required": true
              }
            ]
          },
          {
            "linkId": "DocumentReference.context.facilityType",
            "text": "Kind of facility where patient was seen",
            "question": [
              {
                "linkId": "text",
                "text": "text:",
                "type": "string",
                "required": true
              },
              {
                "linkId": "coding",
                "text": "code:",
                "type": "open-choice",
                "required": true,
                "repeats": true,
                "options": {
                  "reference": "http://hl7.org/fhir/vs/xds-facilitycodes"
                }
              }
            ]
          }
        ]
      }
    ]
  }
}