{
  "resourceType": "Questionnaire",
  "text": {
    "status": "generated",
    "div": "<div><p><b>Generated Narrative with Details</b></p><p><b>status</b>: draft</p><p><b>date</b>: 9-Aug 2014 7:35</p><p><b>publisher</b>: HL7 FHIR Standard</p><blockquote><p><b>group</b></p><p><b>linkId</b>: DocumentManifest</p><p><b>title</b>: A manifest that defines a set of documents</p><p><b>text</b>: A manifest that defines a set of documents.</p><p><b>required</b>: true</p><blockquote><p><b>group</b></p></blockquote><blockquote><p><b>group</b></p></blockquote><blockquote><p><b>group</b></p></blockquote><blockquote><p><b>group</b></p></blockquote><blockquote><p><b>group</b></p></blockquote><blockquote><p><b>group</b></p></blockquote><blockquote><p><b>group</b></p></blockquote><blockquote><p><b>group</b></p></blockquote><blockquote><p><b>group</b></p></blockquote><blockquote><p><b>group</b></p></blockquote><blockquote><p><b>group</b></p></blockquote><blockquote><p><b>group</b></p></blockquote><blockquote><p><b>group</b></p></blockquote></blockquote></div>"
  },
  "status": "draft",
  "date": "2014-08-09T07:35:26.985+10:00",
  "publisher": "HL7 FHIR Standard",
  "group": {
    "linkId": "DocumentManifest",
    "title": "A manifest that defines a set of documents",
    "text": "A manifest that defines a set of documents.",
    "required": true,
    "group": [
      {
        "linkId": "DocumentManifest.masterIdentifier",
        "text": "Unique Identifier for the set of documents",
        "required": true,
        "question": [
          {
            "linkId": "label",
            "text": "label:",
            "type": "string",
            "required": true
          },
          {
            "linkId": "system",
            "text": "system:",
            "type": "string",
            "required": true
          },
          {
            "linkId": "value",
            "text": "value:",
            "type": "string",
            "required": true
          }
        ]
      },
      {
        "linkId": "DocumentManifest.identifier",
        "text": "Other identifiers for the manifest",
        "repeats": true,
        "question": [
          {
            "linkId": "label",
            "text": "label:",
            "type": "string",
            "required": true
          },
          {
            "linkId": "system",
            "text": "system:",
            "type": "string",
            "required": true
          },
          {
            "linkId": "value",
            "text": "value:",
            "type": "string",
            "required": true
          }
        ]
      },
      {
        "linkId": "DocumentManifest.subject",
        "text": "The subject of the set of documents",
        "required": true,
        "repeats": true
      },
      {
        "linkId": "DocumentManifest.recipient",
        "text": "Intended to get notified about this set of documents",
        "repeats": true
      },
      {
        "linkId": "DocumentManifest.type",
        "text": "What kind of document set this is",
        "question": [
          {
            "linkId": "text",
            "text": "text:",
            "type": "string",
            "required": true
          },
          {
            "linkId": "coding",
            "text": "code:",
            "type": "open-choice",
            "required": true,
            "repeats": true,
            "options": {
              "reference": "http://hl7.org/fhir/vs/docset-codes"
            }
          }
        ]
      },
      {
        "linkId": "DocumentManifest.author",
        "text": "Who and/or what authored the document",
        "repeats": true
      },
      {
        "linkId": "DocumentManifest.created",
        "text": "When this document manifest created",
        "question": [
          {
            "linkId": "dateTime",
            "text": "date/time:",
            "type": "dateTime",
            "required": true
          }
        ]
      },
      {
        "linkId": "DocumentManifest.source",
        "text": "The source system/application/software",
        "question": [
          {
            "linkId": "string",
            "text": "url:",
            "type": "string",
            "required": true
          }
        ]
      },
      {
        "linkId": "DocumentManifest.status",
        "text": "current | superceded | entered in error",
        "required": true,
        "question": [
          {
            "linkId": "code",
            "text": "code:",
            "type": "string",
            "required": true
          }
        ]
      },
      {
        "linkId": "DocumentManifest.supercedes",
        "text": "If this document manifest replaces another",
        "question": [
          {
            "linkId": "reference",
            "text": "url:",
            "type": "string",
            "required": true
          }
        ]
      },
      {
        "linkId": "DocumentManifest.description",
        "text": "Human-readable description (title)",
        "question": [
          {
            "linkId": "string",
            "text": "value",
            "type": "string",
            "required": true
          }
        ]
      },
      {
        "linkId": "DocumentManifest.confidentiality",
        "text": "Sensitivity of set of documents",
        "question": [
          {
            "linkId": "text",
            "text": "text:",
            "type": "string",
            "required": true
          },
          {
            "linkId": "coding",
            "text": "code:",
            "type": "open-choice",
            "required": true,
            "repeats": true,
            "options": {
              "reference": "http://hl7.org/fhir/v3/vs/Confidentiality"
            }
          }
        ]
      },
      {
        "linkId": "DocumentManifest.content",
        "text": "Contents of this set of documents",
        "required": true,
        "repeats": true
      }
    ]
  }
}