{
  "resourceType": "Questionnaire",
  "text": {
    "status": "generated",
    "div": "<div><p><b>Generated Narrative with Details</b></p><p><b>status</b>: draft</p><p><b>date</b>: 9-Aug 2014 7:35</p><p><b>publisher</b>: HL7 FHIR Standard</p><blockquote><p><b>group</b></p><p><b>linkId</b>: Encounter</p><p><b>title</b>: An interaction during which services are provided to the patient</p><p><b>text</b>: An interaction between a patient and healthcare provider(s) for the purpose of providing healthcare service(s) or assessing the health status of a patient.</p><p><b>required</b>: true</p><blockquote><p><b>group</b></p></blockquote><blockquote><p><b>group</b></p></blockquote><blockquote><p><b>group</b></p></blockquote><blockquote><p><b>group</b></p></blockquote><blockquote><p><b>group</b></p></blockquote><blockquote><p><b>group</b></p></blockquote><blockquote><p><b>group</b></p></blockquote><blockquote><p><b>group</b></p></blockquote><blockquote><p><b>group</b></p></blockquote><blockquote><p><b>group</b></p></blockquote><blockquote><p><b>group</b></p></blockquote><blockquote><p><b>group</b></p></blockquote><blockquote><p><b>group</b></p></blockquote><blockquote><p><b>group</b></p></blockquote><blockquote><p><b>group</b></p></blockquote><blockquote><p><b>group</b></p></blockquote></blockquote></div>"
  },
  "status": "draft",
  "date": "2014-08-09T07:35:26.985+10:00",
  "publisher": "HL7 FHIR Standard",
  "group": {
    "linkId": "Encounter",
    "title": "An interaction during which services are provided to the patient",
    "text": "An interaction between a patient and healthcare provider(s) for the purpose of providing healthcare service(s) or assessing the health status of a patient.",
    "required": true,
    "group": [
      {
        "linkId": "Encounter.identifier",
        "text": "Identifier(s) by which this encounter is known",
        "repeats": true,
        "question": [
          {
            "linkId": "label",
            "text": "label:",
            "type": "string",
            "required": true
          },
          {
            "linkId": "system",
            "text": "system:",
            "type": "string",
            "required": true
          },
          {
            "linkId": "value",
            "text": "value:",
            "type": "string",
            "required": true
          }
        ]
      },
      {
        "linkId": "Encounter.status",
        "text": "planned | in progress | onleave | finished | cancelled",
        "required": true,
        "question": [
          {
            "linkId": "code",
            "text": "code:",
            "type": "string",
            "required": true
          }
        ]
      },
      {
        "linkId": "Encounter.class",
        "text": "inpatient | outpatient | ambulatory | emergency +",
        "required": true,
        "question": [
          {
            "linkId": "code",
            "text": "code:",
            "type": "string",
            "required": true
          }
        ]
      },
      {
        "linkId": "Encounter.type",
        "text": "Specific type of encounter",
        "repeats": true,
        "question": [
          {
            "linkId": "text",
            "text": "text:",
            "type": "string",
            "required": true
          },
          {
            "linkId": "coding",
            "text": "code:",
            "type": "open-choice",
            "required": true,
            "repeats": true,
            "options": {
              "reference": "http://hl7.org/fhir/vs/encounter-type"
            }
          }
        ]
      },
      {
        "linkId": "Encounter.subject",
        "text": "The patient present at the encounter",
        "question": [
          {
            "linkId": "reference",
            "text": "url:",
            "type": "string",
            "required": true
          }
        ]
      },
      {
        "linkId": "Encounter.participant",
        "title": "List of participants involved in the encounter",
        "text": "The main practitioner responsible for providing the service.",
        "repeats": true,
        "group": [
          {
            "linkId": "Encounter.participant.type",
            "text": "Role of participant in encounter",
            "repeats": true,
            "question": [
              {
                "linkId": "text",
                "text": "text:",
                "type": "string",
                "required": true
              },
              {
                "linkId": "coding",
                "text": "code:",
                "type": "open-choice",
                "required": true,
                "repeats": true,
                "options": {
                  "reference": "http://hl7.org/fhir/vs/encounter-participant-type"
                }
              }
            ]
          },
          {
            "linkId": "Encounter.participant.individual",
            "text": "Persons involved in the encounter other than the patient"
          }
        ]
      },
      {
        "linkId": "Encounter.fulfills",
        "text": "The appointment that scheduled this encounter",
        "question": [
          {
            "linkId": "reference",
            "text": "url:",
            "type": "string",
            "required": true
          }
        ]
      },
      {
        "linkId": "Encounter.period",
        "text": "The start and end time of the encounter",
        "question": [
          {
            "linkId": "low",
            "text": "start:",
            "type": "dateTime",
            "required": true
          },
          {
            "linkId": "end",
            "text": "end:",
            "type": "dateTime",
            "required": true
          }
        ]
      },
      {
        "linkId": "Encounter.length",
        "text": "Quantity of time the encounter lasted"
      },
      {
        "linkId": "Encounter.reason",
        "text": "Reason the encounter takes place (code)",
        "question": [
          {
            "linkId": "text",
            "text": "text:",
            "type": "string",
            "required": true
          },
          {
            "linkId": "coding",
            "text": "code:",
            "type": "open-choice",
            "required": true,
            "repeats": true,
            "options": {
              "reference": "http://hl7.org/fhir/vs/encounter-reason"
            }
          }
        ]
      },
      {
        "linkId": "Encounter.indication",
        "text": "Reason the encounter takes place (resource)",
        "question": [
          {
            "linkId": "reference",
            "text": "url:",
            "type": "string",
            "required": true
          }
        ]
      },
      {
        "linkId": "Encounter.priority",
        "text": "Indicates the urgency of the encounter",
        "question": [
          {
            "linkId": "text",
            "text": "text:",
            "type": "string",
            "required": true
          },
          {
            "linkId": "coding",
            "text": "code:",
            "type": "open-choice",
            "required": true,
            "repeats": true,
            "options": {
              "reference": "http://hl7.org/fhir/vs/encounter-priority"
            }
          }
        ]
      },
      {
        "linkId": "Encounter.hospitalization",
        "title": "Details about an admission to a clinic",
        "text": "Details about an admission to a clinic.",
        "group": [
          {
            "linkId": "Encounter.hospitalization.preAdmissionIdentifier",
            "text": "Pre-admission identifier",
            "question": [
              {
                "linkId": "label",
                "text": "label:",
                "type": "string",
                "required": true
              },
              {
                "linkId": "system",
                "text": "system:",
                "type": "string",
                "required": true
              },
              {
                "linkId": "value",
                "text": "value:",
                "type": "string",
                "required": true
              }
            ]
          },
          {
            "linkId": "Encounter.hospitalization.origin",
            "text": "The location from which the patient came before admission",
            "question": [
              {
                "linkId": "reference",
                "text": "url:",
                "type": "string",
                "required": true
              }
            ]
          },
          {
            "linkId": "Encounter.hospitalization.admitSource",
            "text": "From where patient was admitted (physician referral, transfer)",
            "question": [
              {
                "linkId": "text",
                "text": "text:",
                "type": "string",
                "required": true
              },
              {
                "linkId": "coding",
                "text": "code:",
                "type": "open-choice",
                "required": true,
                "repeats": true,
                "options": {
                  "reference": "http://hl7.org/fhir/vs/encounter-admit-source"
                }
              }
            ]
          },
          {
            "linkId": "Encounter.hospitalization.period",
            "text": "Period during which the patient was admitted",
            "question": [
              {
                "linkId": "low",
                "text": "start:",
                "type": "dateTime",
                "required": true
              },
              {
                "linkId": "end",
                "text": "end:",
                "type": "dateTime",
                "required": true
              }
            ]
          },
          {
            "linkId": "Encounter.hospitalization.accomodation",
            "title": "Where the patient stays during this encounter",
            "text": "Where the patient stays during this encounter.",
            "repeats": true,
            "group": [
              {
                "linkId": "Encounter.hospitalization.accomodation.bed",
                "text": "The bed that is assigned to the patient",
                "question": [
                  {
                    "linkId": "reference",
                    "text": "url:",
                    "type": "string",
                    "required": true
                  }
                ]
              },
              {
                "linkId": "Encounter.hospitalization.accomodation.period",
                "text": "Period during which the patient was assigned the bed",
                "question": [
                  {
                    "linkId": "low",
                    "text": "start:",
                    "type": "dateTime",
                    "required": true
                  },
                  {
                    "linkId": "end",
                    "text": "end:",
                    "type": "dateTime",
                    "required": true
                  }
                ]
              }
            ]
          },
          {
            "linkId": "Encounter.hospitalization.diet",
            "text": "Dietary restrictions for the patient",
            "question": [
              {
                "linkId": "text",
                "text": "text:",
                "type": "string",
                "required": true
              },
              {
                "linkId": "coding",
                "text": "code:",
                "type": "open-choice",
                "required": true,
                "repeats": true,
                "options": {
                  "reference": "http://hl7.org/fhir/vs/encounter-diet"
                }
              }
            ]
          },
          {
            "linkId": "Encounter.hospitalization.specialCourtesy",
            "text": "Special courtesies (VIP, board member)",
            "repeats": true,
            "question": [
              {
                "linkId": "text",
                "text": "text:",
                "type": "string",
                "required": true
              },
              {
                "linkId": "coding",
                "text": "code:",
                "type": "open-choice",
                "required": true,
                "repeats": true,
                "options": {
                  "reference": "http://hl7.org/fhir/vs/encounter-special-courtesy"
                }
              }
            ]
          },
          {
            "linkId": "Encounter.hospitalization.specialArrangement",
            "text": "Wheelchair, translator, stretcher, etc",
            "repeats": true,
            "question": [
              {
                "linkId": "text",
                "text": "text:",
                "type": "string",
                "required": true
              },
              {
                "linkId": "coding",
                "text": "code:",
                "type": "open-choice",
                "required": true,
                "repeats": true,
                "options": {
                  "reference": "http://hl7.org/fhir/vs/encounter-special-arrangements"
                }
              }
            ]
          },
          {
            "linkId": "Encounter.hospitalization.destination",
            "text": "Location to which the patient is discharged",
            "question": [
              {
                "linkId": "reference",
                "text": "url:",
                "type": "string",
                "required": true
              }
            ]
          },
          {
            "linkId": "Encounter.hospitalization.dischargeDisposition",
            "text": "Category or kind of location after discharge",
            "question": [
              {
                "linkId": "text",
                "text": "text:",
                "type": "string",
                "required": true
              },
              {
                "linkId": "coding",
                "text": "code:",
                "type": "open-choice",
                "required": true,
                "repeats": true,
                "options": {
                  "reference": "http://hl7.org/fhir/vs/encounter-discharge-disposition"
                }
              }
            ]
          },
          {
            "linkId": "Encounter.hospitalization.dischargeDiagnosis",
            "text": "The final diagnosis given a patient before release from the hospital after all testing, surgery, and workup are complete",
            "question": [
              {
                "linkId": "reference",
                "text": "url:",
                "type": "string",
                "required": true
              }
            ]
          },
          {
            "linkId": "Encounter.hospitalization.reAdmission",
            "text": "Is this hospitalization a readmission?",
            "question": [
              {
                "linkId": "boolean",
                "text": "value",
                "type": "boolean",
                "required": true
              }
            ]
          }
        ]
      },
      {
        "linkId": "Encounter.location",
        "title": "List of locations the patient has been at",
        "text": "List of locations at which the patient has been.",
        "repeats": true,
        "group": [
          {
            "linkId": "Encounter.location.location",
            "text": "Location the encounter takes place",
            "required": true,
            "question": [
              {
                "linkId": "reference",
                "text": "url:",
                "type": "string",
                "required": true
              }
            ]
          },
          {
            "linkId": "Encounter.location.period",
            "text": "Time period during which the patient was present at the location",
            "question": [
              {
                "linkId": "low",
                "text": "start:",
                "type": "dateTime",
                "required": true
              },
              {
                "linkId": "end",
                "text": "end:",
                "type": "dateTime",
                "required": true
              }
            ]
          }
        ]
      },
      {
        "linkId": "Encounter.serviceProvider",
        "text": "Department or team providing care",
        "question": [
          {
            "linkId": "reference",
            "text": "url:",
            "type": "string",
            "required": true
          }
        ]
      },
      {
        "linkId": "Encounter.partOf",
        "text": "Another Encounter this encounter is part of",
        "question": [
          {
            "linkId": "reference",
            "text": "url:",
            "type": "string",
            "required": true
          }
        ]
      }
    ]
  }
}