{
  "resourceType": "Questionnaire",
  "text": {
    "status": "generated",
    "div": "<div><p><b>Generated Narrative with Details</b></p><p><b>status</b>: draft</p><p><b>date</b>: 9-Aug 2014 7:35</p><p><b>publisher</b>: HL7 FHIR Standard</p><blockquote><p><b>group</b></p><p><b>linkId</b>: FamilyHistory</p><p><b>title</b>: Information about patient's relatives, relevant for patient</p><p><b>text</b>: Significant health events and conditions for people related to the subject relevant in the context of care for the subject.</p><p><b>required</b>: true</p><blockquote><p><b>group</b></p></blockquote><blockquote><p><b>group</b></p></blockquote><blockquote><p><b>group</b></p></blockquote><blockquote><p><b>group</b></p></blockquote><blockquote><p><b>group</b></p></blockquote></blockquote></div>"
  },
  "status": "draft",
  "date": "2014-08-09T07:35:26.985+10:00",
  "publisher": "HL7 FHIR Standard",
  "group": {
    "linkId": "FamilyHistory",
    "title": "Information about patient's relatives, relevant for patient",
    "text": "Significant health events and conditions for people related to the subject relevant in the context of care for the subject.",
    "required": true,
    "group": [
      {
        "linkId": "FamilyHistory.identifier",
        "text": "External Id(s) for this record",
        "repeats": true,
        "question": [
          {
            "linkId": "label",
            "text": "label:",
            "type": "string",
            "required": true
          },
          {
            "linkId": "system",
            "text": "system:",
            "type": "string",
            "required": true
          },
          {
            "linkId": "value",
            "text": "value:",
            "type": "string",
            "required": true
          }
        ]
      },
      {
        "linkId": "FamilyHistory.subject",
        "text": "Patient history is about",
        "required": true,
        "question": [
          {
            "linkId": "reference",
            "text": "url:",
            "type": "string",
            "required": true
          }
        ]
      },
      {
        "linkId": "FamilyHistory.date",
        "text": "When history was captured/updated",
        "question": [
          {
            "linkId": "dateTime",
            "text": "date/time:",
            "type": "dateTime",
            "required": true
          }
        ]
      },
      {
        "linkId": "FamilyHistory.note",
        "text": "Additional details not covered elsewhere",
        "question": [
          {
            "linkId": "string",
            "text": "value",
            "type": "string",
            "required": true
          }
        ]
      },
      {
        "linkId": "FamilyHistory.relation",
        "title": "Relative described by history",
        "text": "The related person. Each FamilyHistory resource contains the entire family history for a single person.",
        "repeats": true,
        "group": [
          {
            "linkId": "FamilyHistory.relation.name",
            "text": "The family member described",
            "question": [
              {
                "linkId": "string",
                "text": "value",
                "type": "string",
                "required": true
              }
            ]
          },
          {
            "linkId": "FamilyHistory.relation.relationship",
            "text": "Relationship to the subject",
            "required": true,
            "question": [
              {
                "linkId": "text",
                "text": "text:",
                "type": "string",
                "required": true
              },
              {
                "linkId": "coding",
                "text": "code:",
                "type": "open-choice",
                "required": true,
                "repeats": true,
                "options": {
                  "reference": "http://hl7.org/fhir/v3/vs/FamilyMember"
                }
              }
            ]
          },
          {
            "linkId": "FamilyHistory.relation.born[x]",
            "text": "(approximate) date of birth"
          },
          {
            "linkId": "FamilyHistory.relation.age[x]",
            "text": "(approximate) age"
          },
          {
            "linkId": "FamilyHistory.relation.deceased[x]",
            "text": "Dead? How old/when?"
          },
          {
            "linkId": "FamilyHistory.relation.note",
            "text": "General note about related person",
            "question": [
              {
                "linkId": "string",
                "text": "value",
                "type": "string",
                "required": true
              }
            ]
          },
          {
            "linkId": "FamilyHistory.relation.condition",
            "title": "Condition that the related person had",
            "text": "The significant Conditions (or condition) that the family member had. This is a repeating section to allow a system to represent more than one condition per resource, though there is nothing stopping multiple resources - one per condition.",
            "repeats": true,
            "group": [
              {
                "linkId": "FamilyHistory.relation.condition.type",
                "text": "Condition suffered by relation",
                "required": true,
                "question": [
                  {
                    "linkId": "text",
                    "text": "text:",
                    "type": "string",
                    "required": true
                  },
                  {
                    "linkId": "coding",
                    "text": "code:",
                    "type": "open-choice",
                    "required": true,
                    "repeats": true
                  }
                ]
              },
              {
                "linkId": "FamilyHistory.relation.condition.outcome",
                "text": "deceased | permanent disability | etc.",
                "question": [
                  {
                    "linkId": "text",
                    "text": "text:",
                    "type": "string",
                    "required": true
                  },
                  {
                    "linkId": "coding",
                    "text": "code:",
                    "type": "open-choice",
                    "required": true,
                    "repeats": true
                  }
                ]
              },
              {
                "linkId": "FamilyHistory.relation.condition.onset[x]",
                "text": "When condition first manifested"
              },
              {
                "linkId": "FamilyHistory.relation.condition.note",
                "text": "Extra information about condition",
                "question": [
                  {
                    "linkId": "string",
                    "text": "value",
                    "type": "string",
                    "required": true
                  }
                ]
              }
            ]
          }
        ]
      }
    ]
  }
}