{
  "resourceType": "Profile",
  "text": {
    "status": "generated",
    "div": "<div>to do</div>"
  },
  "url": "http://hl7.org/fhir/Profile/general-extensions",
  "name": "General Extensions for use by FHIR Implementers",
  "publisher": "HL7 FHIR project",
  "telecom": [
    {
      "system": "url",
      "value": "http://hl7.org/fhir"
    }
  ],
  "description": "A set of general extensions defined for the convenience of implementers that use FHIR resources",
  "status": "draft",
  "date": "2013-12-05",
  "mapping": [
    {
      "identity": "rim",
      "uri": "http://hl7.org/v3",
      "name": "RIM"
    }
  ],
  "extensionDefn": [
    {
      "code": "data-absent-reason",
      "display": "unknown | asked | temp | notasked | masked | unsupported | astext | error",
      "contextType": "datatype",
      "context": [
        "*"
      ],
      "element": [
        {
          "path": "data-absent-reason",
          "definition": {
            "short": "unknown | asked | temp | notasked | masked | unsupported | astext | error",
            "formal": "Provides a reason why the expected value or elements in the element that is extended are missing.",
            "min": 0,
            "max": "1",
            "type": [
              {
                "code": "code"
              }
            ],
            "mustSupport": false,
            "isModifier": false,
            "binding": {
              "name": "DataAbsentReason",
              "isExtensible": false,
              "description": "Used to specify why the normally expected content of the data element is missing",
              "referenceResource": {
                "reference": "http://hl7.org/fhir/vs/data-absent-reason"
              }
            },
            "mapping": [
              {
                "identity": "rim",
                "map": "ANY.nullFlavor"
              }
            ]
          }
        }
      ]
    },
    {
      "code": "birthPlace",
      "display": "Place of Birth for patient",
      "contextType": "resource",
      "context": [
        "Patient"
      ],
      "element": [
        {
          "path": "birthPlace",
          "definition": {
            "short": "Place of Birth for patient",
            "formal": "The registered place of birth of the patient.",
            "min": 0,
            "max": "1",
            "type": [
              {
                "code": "Address"
              }
            ],
            "mustSupport": false,
            "isModifier": false
          }
        }
      ]
    },
    {
      "code": "translation",
      "display": "Result of translate Operation",
      "contextType": "datatype",
      "context": [
        "OperationOutcome"
      ],
      "element": [
        {
          "path": "translation",
          "definition": {
            "short": "Result of translate Operation",
            "formal": "A Coding that is the result of a translation operation, if the operation is successful.",
            "comments": "See the ConceptMap operation \"translate\".",
            "min": 0,
            "max": "1",
            "type": [
              {
                "code": "Coding"
              }
            ],
            "mustSupport": false,
            "isModifier": false
          }
        }
      ]
    },
    {
      "code": "codedSource",
      "display": "Source coded value for the operation",
      "contextType": "resource",
      "context": [
        "MessageHeader"
      ],
      "element": [
        {
          "path": "codedSource",
          "definition": {
            "short": "Source coded value for the operation",
            "formal": "Coded value that is source for the operation (conceptmap-translate, or valueset-validate).",
            "min": 0,
            "max": "1",
            "type": [
              {
                "code": "Coding"
              },
              {
                "code": "CodeableConcept"
              }
            ],
            "mustSupport": false,
            "isModifier": false
          }
        }
      ]
    }
  ]
}