{
  "resourceType": "Questionnaire",
  "text": {
    "status": "generated",
    "div": "<div><p><b>Generated Narrative with Details</b></p><p><b>status</b>: draft</p><p><b>date</b>: 9-Aug 2014 7:35</p><p><b>publisher</b>: HL7 FHIR Standard</p><blockquote><p><b>group</b></p><p><b>linkId</b>: Group</p><p><b>title</b>: Group of multiple entities</p><p><b>text</b>: Represents a defined collection of entities that may be discussed or acted upon collectively but which are not expected to act collectively and are not formally or legally recognized.  I.e. A collection of entities that isn't an Organization.</p><p><b>required</b>: true</p><blockquote><p><b>group</b></p></blockquote><blockquote><p><b>group</b></p></blockquote><blockquote><p><b>group</b></p></blockquote><blockquote><p><b>group</b></p></blockquote><blockquote><p><b>group</b></p></blockquote><blockquote><p><b>group</b></p></blockquote><blockquote><p><b>group</b></p></blockquote><blockquote><p><b>group</b></p></blockquote></blockquote></div>"
  },
  "status": "draft",
  "date": "2014-08-09T07:35:26.985+10:00",
  "publisher": "HL7 FHIR Standard",
  "group": {
    "linkId": "Group",
    "title": "Group of multiple entities",
    "text": "Represents a defined collection of entities that may be discussed or acted upon collectively but which are not expected to act collectively and are not formally or legally recognized.  I.e. A collection of entities that isn't an Organization.",
    "required": true,
    "group": [
      {
        "linkId": "Group.identifier",
        "text": "Unique id",
        "question": [
          {
            "linkId": "label",
            "text": "label:",
            "type": "string",
            "required": true
          },
          {
            "linkId": "system",
            "text": "system:",
            "type": "string",
            "required": true
          },
          {
            "linkId": "value",
            "text": "value:",
            "type": "string",
            "required": true
          }
        ]
      },
      {
        "linkId": "Group.type",
        "text": "person | animal | practitioner | device | medication | substance",
        "required": true,
        "question": [
          {
            "linkId": "code",
            "text": "code:",
            "type": "string",
            "required": true
          }
        ]
      },
      {
        "linkId": "Group.actual",
        "text": "Descriptive or actual",
        "required": true,
        "question": [
          {
            "linkId": "boolean",
            "text": "value",
            "type": "boolean",
            "required": true
          }
        ]
      },
      {
        "linkId": "Group.code",
        "text": "Kind of Group members",
        "question": [
          {
            "linkId": "text",
            "text": "text:",
            "type": "string",
            "required": true
          },
          {
            "linkId": "coding",
            "text": "code:",
            "type": "open-choice",
            "required": true,
            "repeats": true
          }
        ]
      },
      {
        "linkId": "Group.name",
        "text": "Label for Group",
        "question": [
          {
            "linkId": "string",
            "text": "value",
            "type": "string",
            "required": true
          }
        ]
      },
      {
        "linkId": "Group.quantity",
        "text": "Number of members",
        "question": [
          {
            "linkId": "string",
            "text": "value",
            "type": "integer",
            "required": true
          }
        ]
      },
      {
        "linkId": "Group.characteristic",
        "title": "Trait of group members",
        "text": "Identifies the traits shared by members of the group.",
        "repeats": true,
        "group": [
          {
            "linkId": "Group.characteristic.code",
            "text": "Kind of characteristic",
            "required": true,
            "question": [
              {
                "linkId": "text",
                "text": "text:",
                "type": "string",
                "required": true
              },
              {
                "linkId": "coding",
                "text": "code:",
                "type": "open-choice",
                "required": true,
                "repeats": true
              }
            ]
          },
          {
            "linkId": "Group.characteristic.value[x]",
            "text": "Value held by characteristic",
            "required": true
          },
          {
            "linkId": "Group.characteristic.exclude",
            "text": "Group includes or excludes",
            "required": true,
            "question": [
              {
                "linkId": "boolean",
                "text": "value",
                "type": "boolean",
                "required": true
              }
            ]
          }
        ]
      },
      {
        "linkId": "Group.member",
        "text": "Who is in group",
        "repeats": true
      }
    ]
  }
}