{
  "resourceType": "Questionnaire",
  "text": {
    "status": "generated",
    "div": "<div><p><b>Generated Narrative with Details</b></p><p><b>status</b>: draft</p><p><b>date</b>: 9-Aug 2014 7:35</p><p><b>publisher</b>: HL7 FHIR Standard</p><blockquote><p><b>group</b></p><p><b>linkId</b>: ImagingStudy</p><p><b>title</b>: A set of images produced in single study (one or more series of references images)</p><p><b>text</b>: Manifest of a set of images produced in study. The set of images may include every image in the study, or it may be an incomplete sample, such as a list of key images.</p><p><b>required</b>: true</p><blockquote><p><b>group</b></p></blockquote><blockquote><p><b>group</b></p></blockquote><blockquote><p><b>group</b></p></blockquote><blockquote><p><b>group</b></p></blockquote><blockquote><p><b>group</b></p></blockquote><blockquote><p><b>group</b></p></blockquote><blockquote><p><b>group</b></p></blockquote><blockquote><p><b>group</b></p></blockquote><blockquote><p><b>group</b></p></blockquote><blockquote><p><b>group</b></p></blockquote><blockquote><p><b>group</b></p></blockquote><blockquote><p><b>group</b></p></blockquote><blockquote><p><b>group</b></p></blockquote><blockquote><p><b>group</b></p></blockquote><blockquote><p><b>group</b></p></blockquote><blockquote><p><b>group</b></p></blockquote><blockquote><p><b>group</b></p></blockquote></blockquote></div>"
  },
  "status": "draft",
  "date": "2014-08-09T07:35:26.985+10:00",
  "publisher": "HL7 FHIR Standard",
  "group": {
    "linkId": "ImagingStudy",
    "title": "A set of images produced in single study (one or more series of references images)",
    "text": "Manifest of a set of images produced in study. The set of images may include every image in the study, or it may be an incomplete sample, such as a list of key images.",
    "required": true,
    "group": [
      {
        "linkId": "ImagingStudy.dateTime",
        "text": "When the study was performed",
        "question": [
          {
            "linkId": "dateTime",
            "text": "date/time:",
            "type": "dateTime",
            "required": true
          }
        ]
      },
      {
        "linkId": "ImagingStudy.subject",
        "text": "Who the images are of",
        "required": true,
        "question": [
          {
            "linkId": "reference",
            "text": "url:",
            "type": "string",
            "required": true
          }
        ]
      },
      {
        "linkId": "ImagingStudy.uid",
        "text": "Formal identifier for the study (0020,000D)",
        "required": true,
        "question": [
          {
            "linkId": "string",
            "text": "value",
            "type": "string",
            "required": true
          }
        ]
      },
      {
        "linkId": "ImagingStudy.accessionNo",
        "text": "Accession Number (0008,0050)",
        "question": [
          {
            "linkId": "label",
            "text": "label:",
            "type": "string",
            "required": true
          },
          {
            "linkId": "system",
            "text": "system:",
            "type": "string",
            "required": true
          },
          {
            "linkId": "value",
            "text": "value:",
            "type": "string",
            "required": true
          }
        ]
      },
      {
        "linkId": "ImagingStudy.identifier",
        "text": "Other identifiers for the study (0020,0010)",
        "repeats": true,
        "question": [
          {
            "linkId": "label",
            "text": "label:",
            "type": "string",
            "required": true
          },
          {
            "linkId": "system",
            "text": "system:",
            "type": "string",
            "required": true
          },
          {
            "linkId": "value",
            "text": "value:",
            "type": "string",
            "required": true
          }
        ]
      },
      {
        "linkId": "ImagingStudy.order",
        "text": "Order(s) that caused this study to be performed",
        "repeats": true,
        "question": [
          {
            "linkId": "reference",
            "text": "url:",
            "type": "string",
            "required": true
          }
        ]
      },
      {
        "linkId": "ImagingStudy.modality",
        "text": "All series.modality if actual acquisition modalities",
        "repeats": true,
        "question": [
          {
            "linkId": "code",
            "text": "code:",
            "type": "string",
            "required": true
          }
        ]
      },
      {
        "linkId": "ImagingStudy.referrer",
        "text": "Referring physician (0008,0090)",
        "question": [
          {
            "linkId": "reference",
            "text": "url:",
            "type": "string",
            "required": true
          }
        ]
      },
      {
        "linkId": "ImagingStudy.availability",
        "text": "ONLINE | OFFLINE | NEARLINE | UNAVAILABLE (0008,0056)",
        "question": [
          {
            "linkId": "code",
            "text": "code:",
            "type": "string",
            "required": true
          }
        ]
      },
      {
        "linkId": "ImagingStudy.url",
        "text": "Retrieve URI (0008,1190)",
        "question": [
          {
            "linkId": "string",
            "text": "url:",
            "type": "string",
            "required": true
          }
        ]
      },
      {
        "linkId": "ImagingStudy.numberOfSeries",
        "text": "Number of Study Related Series (0020,1206)",
        "required": true,
        "question": [
          {
            "linkId": "string",
            "text": "value",
            "type": "integer",
            "required": true
          }
        ]
      },
      {
        "linkId": "ImagingStudy.numberOfInstances",
        "text": "Number of Study Related Instances (0020,1208)",
        "required": true,
        "question": [
          {
            "linkId": "string",
            "text": "value",
            "type": "integer",
            "required": true
          }
        ]
      },
      {
        "linkId": "ImagingStudy.clinicalInformation",
        "text": "Diagnoses etc with request (0040,1002)",
        "question": [
          {
            "linkId": "string",
            "text": "value",
            "type": "string",
            "required": true
          }
        ]
      },
      {
        "linkId": "ImagingStudy.procedure",
        "text": "Type of procedure performed (0008,1032)",
        "repeats": true,
        "question": [
          {
            "linkId": "coding",
            "text": "code:",
            "type": "open-choice",
            "required": true
          }
        ]
      },
      {
        "linkId": "ImagingStudy.interpreter",
        "text": "Who interpreted images (0008,1060)",
        "question": [
          {
            "linkId": "reference",
            "text": "url:",
            "type": "string",
            "required": true
          }
        ]
      },
      {
        "linkId": "ImagingStudy.description",
        "text": "Institution-generated description (0008,1030)",
        "question": [
          {
            "linkId": "string",
            "text": "value",
            "type": "string",
            "required": true
          }
        ]
      },
      {
        "linkId": "ImagingStudy.series",
        "title": "Each study has one or more series of instances",
        "text": "Each study has one or more series of image instances.",
        "repeats": true,
        "group": [
          {
            "linkId": "ImagingStudy.series.number",
            "text": "Number of this series in overall sequence (0020,0011)",
            "question": [
              {
                "linkId": "string",
                "text": "value",
                "type": "integer",
                "required": true
              }
            ]
          },
          {
            "linkId": "ImagingStudy.series.modality",
            "text": "The modality of the instances in the series (0008,0060)",
            "required": true,
            "question": [
              {
                "linkId": "code",
                "text": "code:",
                "type": "string",
                "required": true
              }
            ]
          },
          {
            "linkId": "ImagingStudy.series.uid",
            "text": "Formal identifier for this series (0020,000E)",
            "required": true,
            "question": [
              {
                "linkId": "string",
                "text": "value",
                "type": "string",
                "required": true
              }
            ]
          },
          {
            "linkId": "ImagingStudy.series.description",
            "text": "A description of the series (0008,103E)",
            "question": [
              {
                "linkId": "string",
                "text": "value",
                "type": "string",
                "required": true
              }
            ]
          },
          {
            "linkId": "ImagingStudy.series.numberOfInstances",
            "text": "Number of Series Related Instances (0020,1209)",
            "required": true,
            "question": [
              {
                "linkId": "string",
                "text": "value",
                "type": "integer",
                "required": true
              }
            ]
          },
          {
            "linkId": "ImagingStudy.series.availability",
            "text": "ONLINE | OFFLINE | NEARLINE | UNAVAILABLE (0008,0056)",
            "question": [
              {
                "linkId": "code",
                "text": "code:",
                "type": "string",
                "required": true
              }
            ]
          },
          {
            "linkId": "ImagingStudy.series.url",
            "text": "Retrieve URI (0008,1115 > 0008,1190)",
            "question": [
              {
                "linkId": "string",
                "text": "url:",
                "type": "string",
                "required": true
              }
            ]
          },
          {
            "linkId": "ImagingStudy.series.bodySite",
            "text": "Body part examined (Map from 0018,0015)",
            "question": [
              {
                "linkId": "coding",
                "text": "code:",
                "type": "open-choice",
                "required": true,
                "options": {
                  "reference": "http://hl7.org/fhir/vs/body-site"
                }
              }
            ]
          },
          {
            "linkId": "ImagingStudy.series.dateTime",
            "text": "When the series started",
            "question": [
              {
                "linkId": "dateTime",
                "text": "date/time:",
                "type": "dateTime",
                "required": true
              }
            ]
          },
          {
            "linkId": "ImagingStudy.series.instance",
            "title": "A single instance taken from a patient (image or other)",
            "text": "A single image taken from a patient.",
            "required": true,
            "repeats": true,
            "group": [
              {
                "linkId": "ImagingStudy.series.instance.number",
                "text": "The number of this instance in the series (0020,0013)",
                "question": [
                  {
                    "linkId": "string",
                    "text": "value",
                    "type": "integer",
                    "required": true
                  }
                ]
              },
              {
                "linkId": "ImagingStudy.series.instance.uid",
                "text": "Formal identifier for this instance (0008,0018)",
                "required": true,
                "question": [
                  {
                    "linkId": "string",
                    "text": "value",
                    "type": "string",
                    "required": true
                  }
                ]
              },
              {
                "linkId": "ImagingStudy.series.instance.sopclass",
                "text": "DICOM class type (0008,0016)",
                "required": true,
                "question": [
                  {
                    "linkId": "string",
                    "text": "value",
                    "type": "string",
                    "required": true
                  }
                ]
              },
              {
                "linkId": "ImagingStudy.series.instance.type",
                "text": "Type of instance (image etc) (0004,1430)",
                "question": [
                  {
                    "linkId": "string",
                    "text": "value",
                    "type": "string",
                    "required": true
                  }
                ]
              },
              {
                "linkId": "ImagingStudy.series.instance.title",
                "text": "Description (0070,0080 | 0040,A043 > 0008,0104 | 0042,0010 | 0008,0008)",
                "question": [
                  {
                    "linkId": "string",
                    "text": "value",
                    "type": "string",
                    "required": true
                  }
                ]
              },
              {
                "linkId": "ImagingStudy.series.instance.url",
                "text": "WADO-RS service where instance is available  (0008,1199 > 0008,1190)",
                "question": [
                  {
                    "linkId": "string",
                    "text": "url:",
                    "type": "string",
                    "required": true
                  }
                ]
              },
              {
                "linkId": "ImagingStudy.series.instance.attachment",
                "text": "A FHIR resource with content for this instance",
                "question": [
                  {
                    "linkId": "reference",
                    "text": "url:",
                    "type": "string",
                    "required": true
                  }
                ]
              }
            ]
          }
        ]
      }
    ]
  }
}