{
  "resourceType": "Questionnaire",
  "text": {
    "status": "generated",
    "div": "<div><p><b>Generated Narrative with Details</b></p><p><b>status</b>: draft</p><p><b>date</b>: 9-Aug 2014 7:35</p><p><b>publisher</b>: HL7 FHIR Standard</p><blockquote><p><b>group</b></p><p><b>linkId</b>: Immunization</p><p><b>title</b>: Immunization event information</p><p><b>text</b>: Immunization event information.</p><p><b>required</b>: true</p><blockquote><p><b>group</b></p></blockquote><blockquote><p><b>group</b></p></blockquote><blockquote><p><b>group</b></p></blockquote><blockquote><p><b>group</b></p></blockquote><blockquote><p><b>group</b></p></blockquote><blockquote><p><b>group</b></p></blockquote><blockquote><p><b>group</b></p></blockquote><blockquote><p><b>group</b></p></blockquote><blockquote><p><b>group</b></p></blockquote><blockquote><p><b>group</b></p></blockquote><blockquote><p><b>group</b></p></blockquote><blockquote><p><b>group</b></p></blockquote><blockquote><p><b>group</b></p></blockquote><blockquote><p><b>group</b></p></blockquote><blockquote><p><b>group</b></p></blockquote><blockquote><p><b>group</b></p></blockquote><blockquote><p><b>group</b></p></blockquote><blockquote><p><b>group</b></p></blockquote></blockquote></div>"
  },
  "status": "draft",
  "date": "2014-08-09T07:35:26.985+10:00",
  "publisher": "HL7 FHIR Standard",
  "group": {
    "linkId": "Immunization",
    "title": "Immunization event information",
    "text": "Immunization event information.",
    "required": true,
    "group": [
      {
        "linkId": "Immunization.identifier",
        "text": "Business identifier",
        "repeats": true,
        "question": [
          {
            "linkId": "label",
            "text": "label:",
            "type": "string",
            "required": true
          },
          {
            "linkId": "system",
            "text": "system:",
            "type": "string",
            "required": true
          },
          {
            "linkId": "value",
            "text": "value:",
            "type": "string",
            "required": true
          }
        ]
      },
      {
        "linkId": "Immunization.date",
        "text": "Vaccination administration date",
        "required": true,
        "question": [
          {
            "linkId": "dateTime",
            "text": "date/time:",
            "type": "dateTime",
            "required": true
          }
        ]
      },
      {
        "linkId": "Immunization.vaccineType",
        "text": "Vaccine product administered",
        "required": true,
        "question": [
          {
            "linkId": "text",
            "text": "text:",
            "type": "string",
            "required": true
          },
          {
            "linkId": "coding",
            "text": "code:",
            "type": "open-choice",
            "required": true,
            "repeats": true,
            "options": {
              "reference": "http://hl7.org/fhir/v3/vs/VaccineType"
            }
          }
        ]
      },
      {
        "linkId": "Immunization.subject",
        "text": "Who was immunized?",
        "required": true,
        "question": [
          {
            "linkId": "reference",
            "text": "url:",
            "type": "string",
            "required": true
          }
        ]
      },
      {
        "linkId": "Immunization.refusedIndicator",
        "text": "Was immunization refused?",
        "required": true,
        "question": [
          {
            "linkId": "boolean",
            "text": "value",
            "type": "boolean",
            "required": true
          }
        ]
      },
      {
        "linkId": "Immunization.reported",
        "text": "Is this a self-reported record?",
        "required": true,
        "question": [
          {
            "linkId": "boolean",
            "text": "value",
            "type": "boolean",
            "required": true
          }
        ]
      },
      {
        "linkId": "Immunization.performer",
        "text": "Who administered vaccine?",
        "question": [
          {
            "linkId": "reference",
            "text": "url:",
            "type": "string",
            "required": true
          }
        ]
      },
      {
        "linkId": "Immunization.requester",
        "text": "Who ordered vaccination?",
        "question": [
          {
            "linkId": "reference",
            "text": "url:",
            "type": "string",
            "required": true
          }
        ]
      },
      {
        "linkId": "Immunization.manufacturer",
        "text": "Vaccine manufacturer",
        "question": [
          {
            "linkId": "reference",
            "text": "url:",
            "type": "string",
            "required": true
          }
        ]
      },
      {
        "linkId": "Immunization.location",
        "text": "Where did vaccination occur?",
        "question": [
          {
            "linkId": "reference",
            "text": "url:",
            "type": "string",
            "required": true
          }
        ]
      },
      {
        "linkId": "Immunization.lotNumber",
        "text": "Vaccine lot number",
        "question": [
          {
            "linkId": "string",
            "text": "value",
            "type": "string",
            "required": true
          }
        ]
      },
      {
        "linkId": "Immunization.expirationDate",
        "text": "Vaccine expiration date",
        "question": [
          {
            "linkId": "dateTime",
            "text": "date/time:",
            "type": "dateTime",
            "required": true
          }
        ]
      },
      {
        "linkId": "Immunization.site",
        "text": "Body site vaccine  was administered",
        "question": [
          {
            "linkId": "text",
            "text": "text:",
            "type": "string",
            "required": true
          },
          {
            "linkId": "coding",
            "text": "code:",
            "type": "open-choice",
            "required": true,
            "repeats": true,
            "options": {
              "reference": "http://hl7.org/fhir/vs/immunization-site"
            }
          }
        ]
      },
      {
        "linkId": "Immunization.route",
        "text": "How vaccine entered body",
        "question": [
          {
            "linkId": "text",
            "text": "text:",
            "type": "string",
            "required": true
          },
          {
            "linkId": "coding",
            "text": "code:",
            "type": "open-choice",
            "required": true,
            "repeats": true,
            "options": {
              "reference": "http://hl7.org/fhir/vs/immunization-route"
            }
          }
        ]
      },
      {
        "linkId": "Immunization.doseQuantity",
        "text": "Amount of vaccine administered",
        "question": [
          {
            "linkId": "comparator",
            "text": "comp:",
            "type": "choice",
            "required": true,
            "options": {
              "reference": "http://hl7.org/fhir/vs/quantity-comparator"
            }
          },
          {
            "linkId": "value",
            "text": "value:",
            "type": "decimal",
            "required": true
          },
          {
            "linkId": "units",
            "text": "units:",
            "type": "string",
            "required": true
          }
        ]
      },
      {
        "linkId": "Immunization.explanation",
        "title": "Administration / refusal reasons",
        "text": "Reasons why a vaccine was administered or refused.",
        "group": [
          {
            "linkId": "Immunization.explanation.reason",
            "text": "Why immunization occurred",
            "repeats": true,
            "question": [
              {
                "linkId": "text",
                "text": "text:",
                "type": "string",
                "required": true
              },
              {
                "linkId": "coding",
                "text": "code:",
                "type": "open-choice",
                "required": true,
                "repeats": true,
                "options": {
                  "reference": "http://hl7.org/fhir/vs/immunization-reason"
                }
              }
            ]
          },
          {
            "linkId": "Immunization.explanation.refusalReason",
            "text": "Why immunization did not occur",
            "repeats": true,
            "question": [
              {
                "linkId": "text",
                "text": "text:",
                "type": "string",
                "required": true
              },
              {
                "linkId": "coding",
                "text": "code:",
                "type": "open-choice",
                "required": true,
                "repeats": true,
                "options": {
                  "reference": "http://hl7.org/fhir/vs/no-immunization-reason"
                }
              }
            ]
          }
        ]
      },
      {
        "linkId": "Immunization.reaction",
        "title": "Details of a reaction that follows immunization",
        "text": "Categorical data indicating that an adverse event is associated in time to an immunization.",
        "repeats": true,
        "group": [
          {
            "linkId": "Immunization.reaction.date",
            "text": "When did reaction start?",
            "question": [
              {
                "linkId": "dateTime",
                "text": "date/time:",
                "type": "dateTime",
                "required": true
              }
            ]
          },
          {
            "linkId": "Immunization.reaction.detail",
            "text": "Additional information on reaction"
          },
          {
            "linkId": "Immunization.reaction.reported",
            "text": "Was reaction self-reported?",
            "question": [
              {
                "linkId": "boolean",
                "text": "value",
                "type": "boolean",
                "required": true
              }
            ]
          }
        ]
      },
      {
        "linkId": "Immunization.vaccinationProtocol",
        "title": "What protocol was followed",
        "text": "Contains information about the protocol(s) under which the vaccine was administered.",
        "repeats": true,
        "group": [
          {
            "linkId": "Immunization.vaccinationProtocol.doseSequence",
            "text": "What dose number within series?",
            "required": true,
            "question": [
              {
                "linkId": "string",
                "text": "value",
                "type": "integer",
                "required": true
              }
            ]
          },
          {
            "linkId": "Immunization.vaccinationProtocol.description",
            "text": "Details of vaccine protocol",
            "question": [
              {
                "linkId": "string",
                "text": "value",
                "type": "string",
                "required": true
              }
            ]
          },
          {
            "linkId": "Immunization.vaccinationProtocol.authority",
            "text": "Who is responsible for protocol",
            "question": [
              {
                "linkId": "reference",
                "text": "url:",
                "type": "string",
                "required": true
              }
            ]
          },
          {
            "linkId": "Immunization.vaccinationProtocol.series",
            "text": "Name of vaccine series",
            "question": [
              {
                "linkId": "string",
                "text": "value",
                "type": "string",
                "required": true
              }
            ]
          },
          {
            "linkId": "Immunization.vaccinationProtocol.seriesDoses",
            "text": "Recommended number of doses for immunity",
            "question": [
              {
                "linkId": "string",
                "text": "value",
                "type": "integer",
                "required": true
              }
            ]
          },
          {
            "linkId": "Immunization.vaccinationProtocol.doseTarget",
            "text": "Disease immunized against",
            "required": true,
            "question": [
              {
                "linkId": "text",
                "text": "text:",
                "type": "string",
                "required": true
              },
              {
                "linkId": "coding",
                "text": "code:",
                "type": "open-choice",
                "required": true,
                "repeats": true,
                "options": {
                  "reference": "http://hl7.org/fhir/vs/vaccination-protocol-dose-target"
                }
              }
            ]
          },
          {
            "linkId": "Immunization.vaccinationProtocol.doseStatus",
            "text": "Does dose count towards immunity?",
            "required": true,
            "question": [
              {
                "linkId": "text",
                "text": "text:",
                "type": "string",
                "required": true
              },
              {
                "linkId": "coding",
                "text": "code:",
                "type": "open-choice",
                "required": true,
                "repeats": true,
                "options": {
                  "reference": "http://hl7.org/fhir/vs/vaccination-protocol-dose-status"
                }
              }
            ]
          },
          {
            "linkId": "Immunization.vaccinationProtocol.doseStatusReason",
            "text": "Why does does count/not count?",
            "question": [
              {
                "linkId": "text",
                "text": "text:",
                "type": "string",
                "required": true
              },
              {
                "linkId": "coding",
                "text": "code:",
                "type": "open-choice",
                "required": true,
                "repeats": true,
                "options": {
                  "reference": "http://hl7.org/fhir/vs/vaccination-protocol-dose-status-reason"
                }
              }
            ]
          }
        ]
      }
    ]
  }
}