{
  "resourceType": "Questionnaire",
  "text": {
    "status": "generated",
    "div": "<div><p><b>Generated Narrative with Details</b></p><p><b>status</b>: draft</p><p><b>date</b>: 9-Aug 2014 7:35</p><p><b>publisher</b>: HL7 FHIR Standard</p><blockquote><p><b>group</b></p><p><b>linkId</b>: ImmunizationRecommendation</p><p><b>title</b>: Immunization profile</p><p><b>text</b>: A patient's point-of-time immunization status and recommendation with optional supporting justification.</p><p><b>required</b>: true</p><blockquote><p><b>group</b></p></blockquote><blockquote><p><b>group</b></p></blockquote><blockquote><p><b>group</b></p></blockquote></blockquote></div>"
  },
  "status": "draft",
  "date": "2014-08-09T07:35:26.985+10:00",
  "publisher": "HL7 FHIR Standard",
  "group": {
    "linkId": "ImmunizationRecommendation",
    "title": "Immunization profile",
    "text": "A patient's point-of-time immunization status and recommendation with optional supporting justification.",
    "required": true,
    "group": [
      {
        "linkId": "ImmunizationRecommendation.identifier",
        "text": "Business identifier",
        "repeats": true,
        "question": [
          {
            "linkId": "label",
            "text": "label:",
            "type": "string",
            "required": true
          },
          {
            "linkId": "system",
            "text": "system:",
            "type": "string",
            "required": true
          },
          {
            "linkId": "value",
            "text": "value:",
            "type": "string",
            "required": true
          }
        ]
      },
      {
        "linkId": "ImmunizationRecommendation.subject",
        "text": "Who this profile is for",
        "required": true,
        "question": [
          {
            "linkId": "reference",
            "text": "url:",
            "type": "string",
            "required": true
          }
        ]
      },
      {
        "linkId": "ImmunizationRecommendation.recommendation",
        "title": "Vaccine administration recommendations",
        "text": "Vaccine administration recommendations.",
        "required": true,
        "repeats": true,
        "group": [
          {
            "linkId": "ImmunizationRecommendation.recommendation.date",
            "text": "Date recommendation created",
            "required": true,
            "question": [
              {
                "linkId": "dateTime",
                "text": "date/time:",
                "type": "dateTime",
                "required": true
              }
            ]
          },
          {
            "linkId": "ImmunizationRecommendation.recommendation.vaccineType",
            "text": "Vaccine recommendation applies to",
            "required": true,
            "question": [
              {
                "linkId": "text",
                "text": "text:",
                "type": "string",
                "required": true
              },
              {
                "linkId": "coding",
                "text": "code:",
                "type": "open-choice",
                "required": true,
                "repeats": true,
                "options": {
                  "reference": "http://hl7.org/fhir/v3/vs/VaccineType"
                }
              }
            ]
          },
          {
            "linkId": "ImmunizationRecommendation.recommendation.doseNumber",
            "text": "Recommended dose number",
            "question": [
              {
                "linkId": "string",
                "text": "value",
                "type": "integer",
                "required": true
              }
            ]
          },
          {
            "linkId": "ImmunizationRecommendation.recommendation.forecastStatus",
            "text": "Vaccine administration status",
            "required": true,
            "question": [
              {
                "linkId": "text",
                "text": "text:",
                "type": "string",
                "required": true
              },
              {
                "linkId": "coding",
                "text": "code:",
                "type": "open-choice",
                "required": true,
                "repeats": true,
                "options": {
                  "reference": "http://hl7.org/fhir/vs/immunization-recommendation-status"
                }
              }
            ]
          },
          {
            "linkId": "ImmunizationRecommendation.recommendation.dateCriterion",
            "title": "Dates governing proposed immunization",
            "text": "Vaccine date recommendations - e.g. earliest date to administer, latest date to administer, etc.",
            "repeats": true,
            "group": [
              {
                "linkId": "ImmunizationRecommendation.recommendation.dateCriterion.code",
                "text": "Type of date",
                "required": true,
                "question": [
                  {
                    "linkId": "text",
                    "text": "text:",
                    "type": "string",
                    "required": true
                  },
                  {
                    "linkId": "coding",
                    "text": "code:",
                    "type": "open-choice",
                    "required": true,
                    "repeats": true,
                    "options": {
                      "reference": "http://hl7.org/fhir/vs/immunization-recommendation-date-criterion"
                    }
                  }
                ]
              },
              {
                "linkId": "ImmunizationRecommendation.recommendation.dateCriterion.value",
                "text": "Recommended date",
                "required": true,
                "question": [
                  {
                    "linkId": "dateTime",
                    "text": "date/time:",
                    "type": "dateTime",
                    "required": true
                  }
                ]
              }
            ]
          },
          {
            "linkId": "ImmunizationRecommendation.recommendation.protocol",
            "title": "Protocol used by recommendation",
            "text": "Contains information about the protocol under which the vaccine was administered.",
            "group": [
              {
                "linkId": "ImmunizationRecommendation.recommendation.protocol.doseSequence",
                "text": "Number of dose within sequence",
                "question": [
                  {
                    "linkId": "string",
                    "text": "value",
                    "type": "integer",
                    "required": true
                  }
                ]
              },
              {
                "linkId": "ImmunizationRecommendation.recommendation.protocol.description",
                "text": "Protocol details",
                "question": [
                  {
                    "linkId": "string",
                    "text": "value",
                    "type": "string",
                    "required": true
                  }
                ]
              },
              {
                "linkId": "ImmunizationRecommendation.recommendation.protocol.authority",
                "text": "Who is responsible for protocol",
                "question": [
                  {
                    "linkId": "reference",
                    "text": "url:",
                    "type": "string",
                    "required": true
                  }
                ]
              },
              {
                "linkId": "ImmunizationRecommendation.recommendation.protocol.series",
                "text": "Name of vaccination series",
                "question": [
                  {
                    "linkId": "string",
                    "text": "value",
                    "type": "string",
                    "required": true
                  }
                ]
              }
            ]
          },
          {
            "linkId": "ImmunizationRecommendation.recommendation.supportingImmunization",
            "text": "Past immunizations supporting recommendation",
            "repeats": true,
            "question": [
              {
                "linkId": "reference",
                "text": "url:",
                "type": "string",
                "required": true
              }
            ]
          },
          {
            "linkId": "ImmunizationRecommendation.recommendation.supportingPatientInformation",
            "text": "Patient observations supporting recommendation",
            "repeats": true
          }
        ]
      }
    ]
  }
}