{
  "resourceType": "Profile",
  "text": {
    "status": "generated",
    "div": "<div>to do</div>"
  },
  "url": "http://hl7.org/fhir/Profile/iso-21090",
  "name": "ISO 21090 Data Type Extensions",
  "publisher": "HL7",
  "telecom": [
    {
      "system": "url",
      "value": "http://www.hl7.org"
    }
  ],
  "description": "Extra ISO 21090 features not included in data types because of core design policy",
  "status": "draft",
  "date": "2012-06-24",
  "mapping": [
    {
      "identity": "v2",
      "uri": "http://hl7.org/v2",
      "name": "HL7 v2"
    },
    {
      "identity": "rim",
      "uri": "http://hl7.org/v3",
      "name": "RIM"
    }
  ],
  "extensionDefn": [
    {
      "code": "nullFlavor",
      "display": "NI | OTH | NINF | PINF | UNK | ASKU | NAV | NASK | TRC | MSK | NA | QS",
      "contextType": "datatype",
      "context": [
        "Any"
      ],
      "element": [
        {
          "path": "nullFlavor",
          "definition": {
            "short": "NI | OTH | NINF | PINF | UNK | ASKU | NAV | NASK | TRC | MSK | NA | QS",
            "formal": "If the value is not a proper value, indicates the reason.",
            "comments": "Considerable care must be used when using nullFlavor in this context of FHIR - more than any other concept, this is tied to the way v3 works, and FHIR is quite different. For instance, there is no notion of a \"proper value\" as opposed to any other value in FHIR. a NullFlavor should be understood to mean, \"why information is missing\", and the nulFlavors OTH, NINF, PINF, and TRC should not be used.",
            "min": 0,
            "max": "1",
            "type": [
              {
                "code": "code"
              }
            ],
            "mustSupport": false,
            "isModifier": false,
            "binding": {
              "name": "NullFlavor",
              "isExtensible": false,
              "description": "A collection of codes specifying why a valid value is not present",
              "referenceResource": {
                "reference": "http://hl7.org/fhir/vs/null-flavor"
              }
            },
            "mapping": [
              {
                "identity": "v2",
                "map": "n/a"
              },
              {
                "identity": "rim",
                "map": "ANY.nullFlavor"
              }
            ]
          }
        }
      ]
    },
    {
      "code": "name-qualifier",
      "display": "AD | SP | BR | CL | IN | LS | MID | PFX | SFX",
      "contextType": "datatype",
      "context": [
        "HumanName.part"
      ],
      "element": [
        {
          "path": "name-qualifier",
          "definition": {
            "short": "AD | SP | BR | CL | IN | LS | MID | PFX | SFX",
            "formal": "A set of codes each of which specifies a certain subcategory of the name part in addition to the main name part type.",
            "comments": "Used to indicate additional information about the name part and how it should be used.",
            "min": 0,
            "max": "*",
            "type": [
              {
                "code": "code"
              }
            ],
            "mustSupport": false,
            "isModifier": false,
            "binding": {
              "name": "EntityNamePartQualifier",
              "isExtensible": false,
              "description": "A set of codes each of which specifies a certain subcategory of the name part in addition to the main name part type",
              "referenceResource": {
                "reference": "http://hl7.org/fhir/vs/name-part-qualifier"
              }
            },
            "mapping": [
              {
                "identity": "rim",
                "map": "ENXP.qualifier"
              }
            ]
          }
        }
      ]
    },
    {
      "code": "uncertainty",
      "display": "Standard Deviation (same units as the quantity)",
      "contextType": "datatype",
      "context": [
        "Quantity"
      ],
      "element": [
        {
          "path": "uncertainty",
          "definition": {
            "short": "Standard Deviation (same units as the quantity)",
            "formal": "The primary measure of variance/uncertainty of the value (the square root of the sum of the squares of the differences between all data points and the mean).",
            "comments": "standardDeviation has the same units as the quantity. It is used to normalize the data for computing the distribution function. Applications that cannot deal with probability distributions can still get an idea about the confidence level by looking at standardDeviation.",
            "min": 0,
            "max": "1",
            "type": [
              {
                "code": "decimal"
              }
            ],
            "mustSupport": false,
            "isModifier": false,
            "mapping": [
              {
                "identity": "rim",
                "map": "PPD.standardDeviation"
              }
            ]
          }
        }
      ]
    },
    {
      "code": "uncertaintyType",
      "display": "Probability Distribution Type for uncertainty",
      "contextType": "datatype",
      "context": [
        "Quantity"
      ],
      "element": [
        {
          "path": "uncertaintyType",
          "definition": {
            "short": "Probability Distribution Type for uncertainty",
            "formal": "A code specifying the type of probability distribution for the uncertainty.",
            "comments": "This is only meaningful if there is also an uncertainty extension. If there is and uncertainty extension with no type, this means  that the probability distribution type is unknown. In that case, the uncertainty has the meaning of an informal guess.",
            "min": 0,
            "max": "1",
            "type": [
              {
                "code": "code"
              }
            ],
            "mustSupport": false,
            "isModifier": false,
            "binding": {
              "name": "ProbabilityDistributionType",
              "isExtensible": false,
              "description": "Codes specifying the type of probability distribution",
              "referenceResource": {
                "reference": "http://hl7.org/fhir/vs/probability-distribution-type"
              }
            },
            "mapping": [
              {
                "identity": "rim",
                "map": "PPD.distributionType"
              }
            ]
          }
        }
      ]
    },
    {
      "code": "address-use",
      "display": "BAD | CONF | HP | HV | DIR | PUB | PHYS | PST",
      "contextType": "datatype",
      "context": [
        "Address"
      ],
      "element": [
        {
          "path": "address-use",
          "definition": {
            "short": "BAD | CONF | HP | HV | DIR | PUB | PHYS | PST",
            "formal": "Uses of Addresses - codes not defined as part of Address.use.",
            "min": 0,
            "max": "1",
            "type": [
              {
                "code": "code"
              }
            ],
            "mustSupport": false,
            "isModifier": false,
            "binding": {
              "name": "PostalAddressUse",
              "isExtensible": false,
              "description": "Uses of an address not included in Address.use",
              "referenceResource": {
                "reference": "http://hl7.org/fhir/vs/postal-address-use"
              }
            },
            "mapping": [
              {
                "identity": "rim",
                "map": "AD.use"
              }
            ]
          }
        }
      ]
    },
    {
      "code": "address-part-additionalLocator",
      "display": "additionalLocator",
      "contextType": "datatype",
      "context": [
        "Address"
      ],
      "element": [
        {
          "path": "address-part-additionalLocator",
          "definition": {
            "short": "additionalLocator",
            "formal": "This can be a unit designator, such as apartment number, suite number, or floor. There may be several unit designators in an address (e.g., \"3rd floor, Appt. 342\"). This can also be a designator pointing away from the location, rather than specifying a smaller location within some larger one (e.g., Dutch \"t.o.\" means \"opposite to\" for house boats located across the street facing houses).",
            "min": 0,
            "max": "*",
            "type": [
              {
                "code": "string"
              }
            ],
            "mustSupport": false,
            "isModifier": false,
            "mapping": [
              {
                "identity": "rim",
                "map": "ADXP[partType=ADL]"
              }
            ]
          }
        }
      ]
    },
    {
      "code": "address-part-unitID",
      "display": "unitID",
      "contextType": "datatype",
      "context": [
        "Address"
      ],
      "element": [
        {
          "path": "address-part-unitID",
          "definition": {
            "short": "unitID",
            "formal": "The number or name of a specific unit contained within a building or complex, as assigned by that building or complex.",
            "min": 0,
            "max": "*",
            "type": [
              {
                "code": "string"
              }
            ],
            "mustSupport": false,
            "isModifier": false,
            "mapping": [
              {
                "identity": "rim",
                "map": "ADXP[partType=UNID]"
              }
            ]
          }
        }
      ]
    },
    {
      "code": "address-part-unitType",
      "display": "unitType",
      "contextType": "datatype",
      "context": [
        "Address"
      ],
      "element": [
        {
          "path": "address-part-unitType",
          "definition": {
            "short": "unitType",
            "formal": "Indicates the type of specific unit contained within a building or complex. E.g. Appartment, Floor.",
            "min": 0,
            "max": "*",
            "type": [
              {
                "code": "string"
              }
            ],
            "mustSupport": false,
            "isModifier": false,
            "mapping": [
              {
                "identity": "rim",
                "map": "ADXP[partType=UNIT]"
              }
            ]
          }
        }
      ]
    },
    {
      "code": "address-part-deliveryAddressLine",
      "display": "deliveryAddressLine",
      "contextType": "datatype",
      "context": [
        "Address"
      ],
      "element": [
        {
          "path": "address-part-deliveryAddressLine",
          "definition": {
            "short": "deliveryAddressLine",
            "formal": "A delivery address line is frequently used instead of breaking out delivery mode, delivery installation, etc. An address generally has only a delivery address line or a street address line, but not both.",
            "min": 0,
            "max": "*",
            "type": [
              {
                "code": "string"
              }
            ],
            "mustSupport": false,
            "isModifier": false,
            "mapping": [
              {
                "identity": "rim",
                "map": "ADXP[partType=DAL]"
              }
            ]
          }
        }
      ]
    },
    {
      "code": "address-part-deliveryInstallationType",
      "display": "deliveryInstallationType",
      "contextType": "datatype",
      "context": [
        "Address"
      ],
      "element": [
        {
          "path": "address-part-deliveryInstallationType",
          "definition": {
            "short": "deliveryInstallationType",
            "formal": "Indicates the type of delivery installation (the facility to which the mail will be delivered prior to final shipping via the delivery mode.) Example: post office, letter carrier depot, community mail center, station, etc.",
            "min": 0,
            "max": "*",
            "type": [
              {
                "code": "string"
              }
            ],
            "mustSupport": false,
            "isModifier": false,
            "mapping": [
              {
                "identity": "rim",
                "map": "ADXP[partType=DINST]"
              }
            ]
          }
        }
      ]
    },
    {
      "code": "address-part-deliveryInstallationArea",
      "display": "deliveryInstallationArea",
      "contextType": "datatype",
      "context": [
        "Address"
      ],
      "element": [
        {
          "path": "address-part-deliveryInstallationArea",
          "definition": {
            "short": "deliveryInstallationArea",
            "formal": "The location of the delivery installation, usually a town or city, and is only required if the area is different from the municipality. Area to which mail delivery service is provided from any postal facility or service such as an individual letter carrier, rural route, or postal route.",
            "min": 0,
            "max": "*",
            "type": [
              {
                "code": "string"
              }
            ],
            "mustSupport": false,
            "isModifier": false,
            "mapping": [
              {
                "identity": "rim",
                "map": "ADXP[partType=DINSTA]"
              }
            ]
          }
        }
      ]
    },
    {
      "code": "address-part-deliveryInstallationQualifier",
      "display": "deliveryInstallationQualifier",
      "contextType": "datatype",
      "context": [
        "Address"
      ],
      "element": [
        {
          "path": "address-part-deliveryInstallationQualifier",
          "definition": {
            "short": "deliveryInstallationQualifier",
            "formal": "A number, letter or name identifying a delivery installation. E.g., for Station A, the delivery installation qualifier would be 'A'.",
            "min": 0,
            "max": "*",
            "type": [
              {
                "code": "string"
              }
            ],
            "mustSupport": false,
            "isModifier": false,
            "mapping": [
              {
                "identity": "rim",
                "map": "ADXP[partType=DINSTQ]"
              }
            ]
          }
        }
      ]
    },
    {
      "code": "address-part-deliveryMode",
      "display": "deliveryMode",
      "contextType": "datatype",
      "context": [
        "Address"
      ],
      "element": [
        {
          "path": "address-part-deliveryMode",
          "definition": {
            "short": "deliveryMode",
            "formal": "Indicates the type of service offered, method of delivery. For example: post office box, rural route, general delivery, etc.",
            "min": 0,
            "max": "*",
            "type": [
              {
                "code": "string"
              }
            ],
            "mustSupport": false,
            "isModifier": false,
            "mapping": [
              {
                "identity": "rim",
                "map": "ADXP[partType=DMOD]"
              }
            ]
          }
        }
      ]
    },
    {
      "code": "address-part-deliveryModeIdentifier",
      "display": "deliveryModeIdentifier",
      "contextType": "datatype",
      "context": [
        "Address"
      ],
      "element": [
        {
          "path": "address-part-deliveryModeIdentifier",
          "definition": {
            "short": "deliveryModeIdentifier",
            "formal": "Represents the routing information such as a letter carrier route number. It is the identifying number of the designator (the box number or rural route number).",
            "min": 0,
            "max": "*",
            "type": [
              {
                "code": "string"
              }
            ],
            "mustSupport": false,
            "isModifier": false,
            "mapping": [
              {
                "identity": "rim",
                "map": "ADXP[partType=DMODID]"
              }
            ]
          }
        }
      ]
    },
    {
      "code": "address-part-streetAddressLine",
      "display": "streetAddressLine",
      "contextType": "datatype",
      "context": [
        "Address"
      ],
      "element": [
        {
          "path": "address-part-streetAddressLine",
          "definition": {
            "short": "streetAddressLine",
            "formal": "Description: A street address line is frequently used instead of breaking out build number, street name, street type, etc. An address generally has only a delivery address line or a street address line, but not both.",
            "min": 0,
            "max": "*",
            "type": [
              {
                "code": "string"
              }
            ],
            "mustSupport": false,
            "isModifier": false,
            "mapping": [
              {
                "identity": "rim",
                "map": "ADXP[partType=SAL]"
              }
            ]
          }
        }
      ]
    },
    {
      "code": "address-part-houseNumber",
      "display": "houseNumber",
      "contextType": "datatype",
      "context": [
        "Address"
      ],
      "element": [
        {
          "path": "address-part-houseNumber",
          "definition": {
            "short": "houseNumber",
            "formal": "The number of a building, house or lot alongside the street. Also known as \"primary street number\". This does not number the street but rather the building.",
            "min": 0,
            "max": "*",
            "type": [
              {
                "code": "string"
              }
            ],
            "mustSupport": false,
            "isModifier": false,
            "mapping": [
              {
                "identity": "rim",
                "map": "ADXP[partType=BNR]"
              }
            ]
          }
        }
      ]
    },
    {
      "code": "address-part-buildingNumberSuffix",
      "display": "buildingNumberSuffix",
      "contextType": "datatype",
      "context": [
        "Address"
      ],
      "element": [
        {
          "path": "address-part-buildingNumberSuffix",
          "definition": {
            "short": "buildingNumberSuffix",
            "formal": "Any alphabetic character, fraction or other text that may appear after the numeric portion of a building number.",
            "min": 0,
            "max": "*",
            "type": [
              {
                "code": "string"
              }
            ],
            "mustSupport": false,
            "isModifier": false,
            "mapping": [
              {
                "identity": "rim",
                "map": "ADXP[partType=BNS]"
              }
            ]
          }
        }
      ]
    },
    {
      "code": "address-part-postBox",
      "display": "postBox",
      "contextType": "datatype",
      "context": [
        "Address"
      ],
      "element": [
        {
          "path": "address-part-postBox",
          "definition": {
            "short": "postBox",
            "formal": "A numbered box located in a post station.",
            "min": 0,
            "max": "*",
            "type": [
              {
                "code": "string"
              }
            ],
            "mustSupport": false,
            "isModifier": false,
            "mapping": [
              {
                "identity": "rim",
                "map": "ADXP[partType=POB]"
              }
            ]
          }
        }
      ]
    },
    {
      "code": "address-part-houseNumberNumeric",
      "display": "houseNumberNumeric",
      "contextType": "datatype",
      "context": [
        "Address"
      ],
      "element": [
        {
          "path": "address-part-houseNumberNumeric",
          "definition": {
            "short": "houseNumberNumeric",
            "formal": "The numeric portion of a building number.",
            "min": 0,
            "max": "*",
            "type": [
              {
                "code": "string"
              }
            ],
            "mustSupport": false,
            "isModifier": false,
            "mapping": [
              {
                "identity": "rim",
                "map": "ADXP[partType=BNN]"
              }
            ]
          }
        }
      ]
    },
    {
      "code": "address-part-streetName",
      "display": "streetName",
      "contextType": "datatype",
      "context": [
        "Address"
      ],
      "element": [
        {
          "path": "address-part-streetName",
          "definition": {
            "short": "streetName",
            "formal": "streetName.",
            "min": 0,
            "max": "*",
            "type": [
              {
                "code": "string"
              }
            ],
            "mustSupport": false,
            "isModifier": false,
            "mapping": [
              {
                "identity": "rim",
                "map": "ADXP[partType=STR]"
              }
            ]
          }
        }
      ]
    },
    {
      "code": "address-part-streetNameBase",
      "display": "streetNameBase",
      "contextType": "datatype",
      "context": [
        "Address"
      ],
      "element": [
        {
          "path": "address-part-streetNameBase",
          "definition": {
            "short": "streetNameBase",
            "formal": "The base name of a roadway or artery recognized by a municipality (excluding street type and direction).",
            "min": 0,
            "max": "*",
            "type": [
              {
                "code": "string"
              }
            ],
            "mustSupport": false,
            "isModifier": false,
            "mapping": [
              {
                "identity": "rim",
                "map": "ADXP[partType=STB]"
              }
            ]
          }
        }
      ]
    },
    {
      "code": "address-part-streetNameType",
      "display": "streetNameType",
      "contextType": "datatype",
      "context": [
        "Address"
      ],
      "element": [
        {
          "path": "address-part-streetNameType",
          "definition": {
            "short": "streetNameType",
            "formal": "The designation given to the street. (e.g. Street, Avenue, Crescent, etc.).",
            "min": 0,
            "max": "*",
            "type": [
              {
                "code": "string"
              }
            ],
            "mustSupport": false,
            "isModifier": false,
            "mapping": [
              {
                "identity": "rim",
                "map": "ADXP[partType=STTYP]"
              }
            ]
          }
        }
      ]
    },
    {
      "code": "address-part-direction",
      "display": "direction",
      "contextType": "datatype",
      "context": [
        "Address"
      ],
      "element": [
        {
          "path": "address-part-direction",
          "definition": {
            "short": "direction",
            "formal": "Direction (e.g., N, S, W, E).",
            "min": 0,
            "max": "*",
            "type": [
              {
                "code": "string"
              }
            ],
            "mustSupport": false,
            "isModifier": false,
            "mapping": [
              {
                "identity": "rim",
                "map": "ADXP[partType=DIR]"
              }
            ]
          }
        }
      ]
    },
    {
      "code": "address-part-careOf",
      "display": "careOf",
      "contextType": "datatype",
      "context": [
        "Address"
      ],
      "element": [
        {
          "path": "address-part-careOf",
          "definition": {
            "short": "careOf",
            "formal": "The name of the party who will take receipt at the specified address, and will take on responsibility for ensuring delivery to the target recipient.",
            "min": 0,
            "max": "*",
            "type": [
              {
                "code": "string"
              }
            ],
            "mustSupport": false,
            "isModifier": false,
            "mapping": [
              {
                "identity": "rim",
                "map": "ADXP[partType=CAR]"
              }
            ]
          }
        }
      ]
    },
    {
      "code": "address-part-censusTract",
      "display": "censusTract",
      "contextType": "datatype",
      "context": [
        "Address"
      ],
      "element": [
        {
          "path": "address-part-censusTract",
          "definition": {
            "short": "censusTract",
            "formal": "A geographic sub-unit delineated for demographic purposes.",
            "min": 0,
            "max": "*",
            "type": [
              {
                "code": "string"
              }
            ],
            "mustSupport": false,
            "isModifier": false,
            "mapping": [
              {
                "identity": "rim",
                "map": "ADXP[partType=CEN]"
              }
            ]
          }
        }
      ]
    },
    {
      "code": "address-part-county",
      "display": "county",
      "contextType": "datatype",
      "context": [
        "Address"
      ],
      "element": [
        {
          "path": "address-part-county",
          "definition": {
            "short": "county",
            "formal": "A sub-unit of a state or province. (49 of the United States of America use the term \"county;\" Louisiana uses the term \"parish\".).",
            "min": 0,
            "max": "*",
            "type": [
              {
                "code": "string"
              }
            ],
            "mustSupport": false,
            "isModifier": false,
            "mapping": [
              {
                "identity": "rim",
                "map": "ADXP[partType=CPA]"
              }
            ]
          }
        }
      ]
    },
    {
      "code": "address-part-delimiter",
      "display": "delimiter",
      "contextType": "datatype",
      "context": [
        "Address"
      ],
      "element": [
        {
          "path": "address-part-delimiter",
          "definition": {
            "short": "delimiter",
            "formal": "Delimiters are printed without framing white space. If no value component is provided, the delimiter appears as a line break.",
            "comments": "This really has no rationale use in FHIR.",
            "min": 0,
            "max": "*",
            "type": [
              {
                "code": "string"
              }
            ],
            "mustSupport": false,
            "isModifier": false,
            "mapping": [
              {
                "identity": "rim",
                "map": "ADXP[partType=DEL]"
              }
            ]
          }
        }
      ]
    },
    {
      "code": "address-part-precinct",
      "display": "precinct",
      "contextType": "datatype",
      "context": [
        "Address"
      ],
      "element": [
        {
          "path": "address-part-precinct",
          "definition": {
            "short": "precinct",
            "formal": "A subsection of a municipality.",
            "min": 0,
            "max": "*",
            "type": [
              {
                "code": "string"
              }
            ],
            "mustSupport": false,
            "isModifier": false,
            "mapping": [
              {
                "identity": "rim",
                "map": "ADXP[partType=PRE]"
              }
            ]
          }
        }
      ]
    },
    {
      "code": "string-translation",
      "display": "translation",
      "contextType": "datatype",
      "context": [
        "string"
      ],
      "element": [
        {
          "path": "string-translation",
          "definition": {
            "short": "translation",
            "formal": "An expression of the original string in an alternate language.",
            "comments": "string-translation elements should not have string-translation extensions (i.e. all translations should be expressed as siblings, not as a translation hierarchy) to simplify processing.",
            "min": 0,
            "max": "*",
            "type": [
              {
                "code": "string"
              }
            ],
            "mustSupport": false,
            "isModifier": false,
            "mapping": [
              {
                "identity": "rim",
                "map": "ED.translation"
              }
            ]
          }
        }
      ]
    },
    {
      "code": "language",
      "display": "language",
      "contextType": "datatype",
      "context": [
        "string"
      ],
      "element": [
        {
          "path": "language",
          "definition": {
            "short": "language",
            "formal": "The language in which the string is expressed.",
            "min": 0,
            "max": "1",
            "type": [
              {
                "code": "code"
              }
            ],
            "mustSupport": false,
            "isModifier": false,
            "binding": {
              "name": "Language",
              "isExtensible": false,
              "description": "A human language",
              "referenceUri": "http://tools.ietf.org/html/bcp47"
            },
            "mapping": [
              {
                "identity": "rim",
                "map": "ED.language"
              }
            ]
          }
        }
      ]
    }
  ]
}