{
  "resourceType": "Questionnaire",
  "text": {
    "status": "generated",
    "div": "<div><p><b>Generated Narrative with Details</b></p><p><b>status</b>: draft</p><p><b>date</b>: 9-Aug 2014 7:35</p><p><b>publisher</b>: HL7 FHIR Standard</p><blockquote><p><b>group</b></p><p><b>linkId</b>: Location</p><p><b>title</b>: Details and position information for a physical place</p><p><b>text</b>: Details and position information for a physical place where services are provided  and resources and participants may be stored, found, contained or accommodated.</p><p><b>required</b>: true</p><blockquote><p><b>group</b></p></blockquote><blockquote><p><b>group</b></p></blockquote><blockquote><p><b>group</b></p></blockquote><blockquote><p><b>group</b></p></blockquote><blockquote><p><b>group</b></p></blockquote><blockquote><p><b>group</b></p></blockquote><blockquote><p><b>group</b></p></blockquote><blockquote><p><b>group</b></p></blockquote><blockquote><p><b>group</b></p></blockquote><blockquote><p><b>group</b></p></blockquote><blockquote><p><b>group</b></p></blockquote><blockquote><p><b>group</b></p></blockquote></blockquote></div>"
  },
  "status": "draft",
  "date": "2014-08-09T07:35:26.985+10:00",
  "publisher": "HL7 FHIR Standard",
  "group": {
    "linkId": "Location",
    "title": "Details and position information for a physical place",
    "text": "Details and position information for a physical place where services are provided  and resources and participants may be stored, found, contained or accommodated.",
    "required": true,
    "group": [
      {
        "linkId": "Location.identifier",
        "text": "Unique code or number identifying the location to its users",
        "repeats": true,
        "question": [
          {
            "linkId": "label",
            "text": "label:",
            "type": "string",
            "required": true
          },
          {
            "linkId": "system",
            "text": "system:",
            "type": "string",
            "required": true
          },
          {
            "linkId": "value",
            "text": "value:",
            "type": "string",
            "required": true
          }
        ]
      },
      {
        "linkId": "Location.name",
        "text": "Name of the location as used by humans",
        "question": [
          {
            "linkId": "string",
            "text": "value",
            "type": "string",
            "required": true
          }
        ]
      },
      {
        "linkId": "Location.description",
        "text": "Description of the Location, which helps in finding or referencing the place",
        "question": [
          {
            "linkId": "string",
            "text": "value",
            "type": "string",
            "required": true
          }
        ]
      },
      {
        "linkId": "Location.type",
        "text": "Indicates the type of function performed at the location",
        "question": [
          {
            "linkId": "text",
            "text": "text:",
            "type": "string",
            "required": true
          },
          {
            "linkId": "coding",
            "text": "code:",
            "type": "open-choice",
            "required": true,
            "repeats": true,
            "options": {
              "reference": "http://hl7.org/fhir/v3/vs/ServiceDeliveryLocationRoleType"
            }
          }
        ]
      },
      {
        "linkId": "Location.telecom",
        "text": "Contact details of the location",
        "repeats": true,
        "question": [
          {
            "linkId": "type",
            "text": "type:",
            "type": "choice",
            "required": true,
            "options": {
              "reference": "http://hl7.org/fhir/vs/contact-system"
            }
          },
          {
            "linkId": "value",
            "text": "value:",
            "type": "string",
            "required": true
          }
        ]
      },
      {
        "linkId": "Location.address",
        "text": "Physical location",
        "question": [
          {
            "linkId": "text",
            "text": "text:",
            "type": "string",
            "required": true
          },
          {
            "linkId": "line",
            "text": "line:",
            "type": "string",
            "required": true,
            "repeats": true
          },
          {
            "linkId": "city",
            "text": "city:",
            "type": "string",
            "required": true
          },
          {
            "linkId": "state",
            "text": "state:",
            "type": "string",
            "required": true
          },
          {
            "linkId": "zip",
            "text": "zip:",
            "type": "string",
            "required": true
          },
          {
            "linkId": "country",
            "text": "country:",
            "type": "string",
            "required": true
          }
        ]
      },
      {
        "linkId": "Location.physicalType",
        "text": "Physical form of the location",
        "question": [
          {
            "linkId": "text",
            "text": "text:",
            "type": "string",
            "required": true
          },
          {
            "linkId": "coding",
            "text": "code:",
            "type": "open-choice",
            "required": true,
            "repeats": true,
            "options": {
              "reference": "http://hl7.org/fhir/vs/location-physical-type"
            }
          }
        ]
      },
      {
        "linkId": "Location.position",
        "title": "The absolute geographic location",
        "text": "The absolute geographic location of the Location, expressed in a KML compatible manner (see notes below for KML).",
        "group": [
          {
            "linkId": "Location.position.longitude",
            "text": "Longitude as expressed in KML",
            "required": true,
            "question": [
              {
                "linkId": "string",
                "text": "value",
                "type": "decimal",
                "required": true
              }
            ]
          },
          {
            "linkId": "Location.position.latitude",
            "text": "Latitude as expressed in KML",
            "required": true,
            "question": [
              {
                "linkId": "string",
                "text": "value",
                "type": "decimal",
                "required": true
              }
            ]
          },
          {
            "linkId": "Location.position.altitude",
            "text": "Altitude as expressed in KML",
            "question": [
              {
                "linkId": "string",
                "text": "value",
                "type": "decimal",
                "required": true
              }
            ]
          }
        ]
      },
      {
        "linkId": "Location.managingOrganization",
        "text": "The organization that is responsible for the provisioning and upkeep of the location",
        "question": [
          {
            "linkId": "reference",
            "text": "url:",
            "type": "string",
            "required": true
          }
        ]
      },
      {
        "linkId": "Location.status",
        "text": "active | suspended | inactive",
        "question": [
          {
            "linkId": "code",
            "text": "code:",
            "type": "string",
            "required": true
          }
        ]
      },
      {
        "linkId": "Location.partOf",
        "text": "Another Location which this Location is physically part of",
        "question": [
          {
            "linkId": "reference",
            "text": "url:",
            "type": "string",
            "required": true
          }
        ]
      },
      {
        "linkId": "Location.mode",
        "text": "instance | kind",
        "question": [
          {
            "linkId": "code",
            "text": "code:",
            "type": "string",
            "required": true
          }
        ]
      }
    ]
  }
}