{
  "resourceType": "ValueSet",
  "text": {
    "status": "generated",
    "div": "<div><h2>MaxOccurs</h2><p>Flags an element as having unlimited repetitions</p><p>This value set defines its own terms in the system http://hl7.org/fhir/max-occurs</p><table><tr><td><b>Code</b></td><td><b>Display</b></td><td><b>Definition</b></td></tr><tr><td>*<a name=\".42\"> </a></td><td/><td>Element can repeat an unlimited number of times.</td></tr></table></div>"
  },
  "identifier": "http://hl7.org/fhir/vs/max-occurs",
  "name": "MaxOccurs",
  "publisher": "HL7 (FHIR Project)",
  "telecom": [
    {
      "system": "url",
      "value": "http://hl7.org/fhir"
    },
    {
      "system": "email",
      "value": "fhir@lists.hl7.org"
    }
  ],
  "description": "Flags an element as having unlimited repetitions",
  "status": "draft",
  "date": "2014-08-09T07:35:36.912+10:00",
  "define": {
    "system": "http://hl7.org/fhir/max-occurs",
    "caseSensitive": true,
    "concept": [
      {
        "code": "*",
        "definition": "Element can repeat an unlimited number of times."
      }
    ]
  }
}