{
  "resourceType": "Questionnaire",
  "text": {
    "status": "generated",
    "div": "<div><p><b>Generated Narrative with Details</b></p><p><b>status</b>: draft</p><p><b>date</b>: 9-Aug 2014 7:35</p><p><b>publisher</b>: HL7 FHIR Standard</p><blockquote><p><b>group</b></p><p><b>linkId</b>: MedicationDispense</p><p><b>title</b>: Dispensing a medication to a named patient</p><p><b>text</b>: Dispensing a medication to a named patient.  This includes a description of the supply provided and the instructions for administering the medication.</p><p><b>required</b>: true</p><blockquote><p><b>group</b></p></blockquote><blockquote><p><b>group</b></p></blockquote><blockquote><p><b>group</b></p></blockquote><blockquote><p><b>group</b></p></blockquote><blockquote><p><b>group</b></p></blockquote><blockquote><p><b>group</b></p></blockquote><blockquote><p><b>group</b></p></blockquote></blockquote></div>"
  },
  "status": "draft",
  "date": "2014-08-09T07:35:26.985+10:00",
  "publisher": "HL7 FHIR Standard",
  "group": {
    "linkId": "MedicationDispense",
    "title": "Dispensing a medication to a named patient",
    "text": "Dispensing a medication to a named patient.  This includes a description of the supply provided and the instructions for administering the medication.",
    "required": true,
    "group": [
      {
        "linkId": "MedicationDispense.identifier",
        "text": "External identifier",
        "question": [
          {
            "linkId": "label",
            "text": "label:",
            "type": "string",
            "required": true
          },
          {
            "linkId": "system",
            "text": "system:",
            "type": "string",
            "required": true
          },
          {
            "linkId": "value",
            "text": "value:",
            "type": "string",
            "required": true
          }
        ]
      },
      {
        "linkId": "MedicationDispense.status",
        "text": "in progress | on hold | completed | entered in error | stopped",
        "question": [
          {
            "linkId": "code",
            "text": "code:",
            "type": "string",
            "required": true
          }
        ]
      },
      {
        "linkId": "MedicationDispense.patient",
        "text": "Who the dispense is for",
        "question": [
          {
            "linkId": "reference",
            "text": "url:",
            "type": "string",
            "required": true
          }
        ]
      },
      {
        "linkId": "MedicationDispense.dispenser",
        "text": "Practitioner responsible for dispensing medication",
        "question": [
          {
            "linkId": "reference",
            "text": "url:",
            "type": "string",
            "required": true
          }
        ]
      },
      {
        "linkId": "MedicationDispense.authorizingPrescription",
        "text": "Medication order that authorizes the dispense",
        "repeats": true,
        "question": [
          {
            "linkId": "reference",
            "text": "url:",
            "type": "string",
            "required": true
          }
        ]
      },
      {
        "linkId": "MedicationDispense.dispense",
        "title": "Details for individual dispensed medicationdetails",
        "text": "Indicates the details of the dispense event such as the days supply and quantity of medication dispensed.",
        "repeats": true,
        "group": [
          {
            "linkId": "MedicationDispense.dispense.identifier",
            "text": "External identifier for individual item",
            "question": [
              {
                "linkId": "label",
                "text": "label:",
                "type": "string",
                "required": true
              },
              {
                "linkId": "system",
                "text": "system:",
                "type": "string",
                "required": true
              },
              {
                "linkId": "value",
                "text": "value:",
                "type": "string",
                "required": true
              }
            ]
          },
          {
            "linkId": "MedicationDispense.dispense.status",
            "text": "in progress | on hold | completed | entered in error | stopped",
            "question": [
              {
                "linkId": "code",
                "text": "code:",
                "type": "string",
                "required": true
              }
            ]
          },
          {
            "linkId": "MedicationDispense.dispense.type",
            "text": "Trial fill, partial fill, emergency fill, etc.",
            "question": [
              {
                "linkId": "text",
                "text": "text:",
                "type": "string",
                "required": true
              },
              {
                "linkId": "coding",
                "text": "code:",
                "type": "open-choice",
                "required": true,
                "repeats": true,
                "options": {
                  "reference": "http://hl7.org/fhir/v3/vs/ActPharmacySupplyType"
                }
              }
            ]
          },
          {
            "linkId": "MedicationDispense.dispense.quantity",
            "text": "Amount dispensed",
            "question": [
              {
                "linkId": "comparator",
                "text": "comp:",
                "type": "choice",
                "required": true,
                "options": {
                  "reference": "http://hl7.org/fhir/vs/quantity-comparator"
                }
              },
              {
                "linkId": "value",
                "text": "value:",
                "type": "decimal",
                "required": true
              },
              {
                "linkId": "units",
                "text": "units:",
                "type": "string",
                "required": true
              }
            ]
          },
          {
            "linkId": "MedicationDispense.dispense.medication",
            "text": "What medication was supplied",
            "question": [
              {
                "linkId": "reference",
                "text": "url:",
                "type": "string",
                "required": true
              }
            ]
          },
          {
            "linkId": "MedicationDispense.dispense.whenPrepared",
            "text": "Dispense processing time",
            "question": [
              {
                "linkId": "dateTime",
                "text": "date/time:",
                "type": "dateTime",
                "required": true
              }
            ]
          },
          {
            "linkId": "MedicationDispense.dispense.whenHandedOver",
            "text": "Handover time",
            "question": [
              {
                "linkId": "dateTime",
                "text": "date/time:",
                "type": "dateTime",
                "required": true
              }
            ]
          },
          {
            "linkId": "MedicationDispense.dispense.destination",
            "text": "Where the medication was sent",
            "question": [
              {
                "linkId": "reference",
                "text": "url:",
                "type": "string",
                "required": true
              }
            ]
          },
          {
            "linkId": "MedicationDispense.dispense.receiver",
            "text": "Who collected the medication",
            "repeats": true
          },
          {
            "linkId": "MedicationDispense.dispense.dosage",
            "title": "Medicine administration instructions to the patient/carer",
            "text": "Indicates how the medication is to be used by the patient.",
            "repeats": true,
            "group": [
              {
                "linkId": "MedicationDispense.dispense.dosage.additionalInstructions",
                "text": "E.g. \"Take with food\"",
                "question": [
                  {
                    "linkId": "text",
                    "text": "text:",
                    "type": "string",
                    "required": true
                  },
                  {
                    "linkId": "coding",
                    "text": "code:",
                    "type": "open-choice",
                    "required": true,
                    "repeats": true
                  }
                ]
              },
              {
                "linkId": "MedicationDispense.dispense.dosage.timing[x]",
                "text": "When medication should be administered"
              },
              {
                "linkId": "MedicationDispense.dispense.dosage.asNeeded[x]",
                "text": "Take \"as needed\" f(or x)"
              },
              {
                "linkId": "MedicationDispense.dispense.dosage.site",
                "text": "Body site to administer to",
                "question": [
                  {
                    "linkId": "text",
                    "text": "text:",
                    "type": "string",
                    "required": true
                  },
                  {
                    "linkId": "coding",
                    "text": "code:",
                    "type": "open-choice",
                    "required": true,
                    "repeats": true,
                    "options": {
                      "reference": "http://hl7.org/fhir/vs/approach-site-codes"
                    }
                  }
                ]
              },
              {
                "linkId": "MedicationDispense.dispense.dosage.route",
                "text": "How drug should enter body",
                "question": [
                  {
                    "linkId": "text",
                    "text": "text:",
                    "type": "string",
                    "required": true
                  },
                  {
                    "linkId": "coding",
                    "text": "code:",
                    "type": "open-choice",
                    "required": true,
                    "repeats": true,
                    "options": {
                      "reference": "http://hl7.org/fhir/vs/route-codes"
                    }
                  }
                ]
              },
              {
                "linkId": "MedicationDispense.dispense.dosage.method",
                "text": "Technique for administering medication",
                "question": [
                  {
                    "linkId": "text",
                    "text": "text:",
                    "type": "string",
                    "required": true
                  },
                  {
                    "linkId": "coding",
                    "text": "code:",
                    "type": "open-choice",
                    "required": true,
                    "repeats": true,
                    "options": {
                      "reference": "http://hl7.org/fhir/vs/administration-method-codes"
                    }
                  }
                ]
              },
              {
                "linkId": "MedicationDispense.dispense.dosage.quantity",
                "text": "Amount of medication per dose",
                "question": [
                  {
                    "linkId": "comparator",
                    "text": "comp:",
                    "type": "choice",
                    "required": true,
                    "options": {
                      "reference": "http://hl7.org/fhir/vs/quantity-comparator"
                    }
                  },
                  {
                    "linkId": "value",
                    "text": "value:",
                    "type": "decimal",
                    "required": true
                  },
                  {
                    "linkId": "units",
                    "text": "units:",
                    "type": "string",
                    "required": true
                  }
                ]
              },
              {
                "linkId": "MedicationDispense.dispense.dosage.rate",
                "text": "Amount of medication per unit of time",
                "question": [
                  {
                    "linkId": "value",
                    "text": "low:",
                    "type": "decimal",
                    "required": true
                  },
                  {
                    "linkId": "value",
                    "text": "high:",
                    "type": "decimal",
                    "required": true
                  },
                  {
                    "linkId": "units",
                    "text": "units:",
                    "type": "string",
                    "required": true
                  }
                ]
              },
              {
                "linkId": "MedicationDispense.dispense.dosage.maxDosePerPeriod",
                "text": "Upper limit on medication per unit of time",
                "question": [
                  {
                    "linkId": "value",
                    "text": "low:",
                    "type": "decimal",
                    "required": true
                  },
                  {
                    "linkId": "value",
                    "text": "high:",
                    "type": "decimal",
                    "required": true
                  },
                  {
                    "linkId": "units",
                    "text": "units:",
                    "type": "string",
                    "required": true
                  }
                ]
              }
            ]
          }
        ]
      },
      {
        "linkId": "MedicationDispense.substitution",
        "title": "Deals with substitution of one medicine for another",
        "text": "Indicates whether or not substitution was made as part of the dispense.  In some cases substitution will be expected but doesn't happen, in other cases substitution is not expected but does happen.  This block explains what substitition did or did not happen and why.",
        "group": [
          {
            "linkId": "MedicationDispense.substitution.type",
            "text": "Type of substitiution",
            "required": true,
            "question": [
              {
                "linkId": "text",
                "text": "text:",
                "type": "string",
                "required": true
              },
              {
                "linkId": "coding",
                "text": "code:",
                "type": "open-choice",
                "required": true,
                "repeats": true,
                "options": {
                  "reference": "http://hl7.org/fhir/v3/vs/ActSubstanceAdminSubstitutionCode"
                }
              }
            ]
          },
          {
            "linkId": "MedicationDispense.substitution.reason",
            "text": "Why was substitution made",
            "repeats": true,
            "question": [
              {
                "linkId": "text",
                "text": "text:",
                "type": "string",
                "required": true
              },
              {
                "linkId": "coding",
                "text": "code:",
                "type": "open-choice",
                "required": true,
                "repeats": true,
                "options": {
                  "reference": "http://hl7.org/fhir/v3/vs/SubstanceAdminSubstitutionReason"
                }
              }
            ]
          },
          {
            "linkId": "MedicationDispense.substitution.responsibleParty",
            "text": "Who is responsible for the substitution",
            "repeats": true,
            "question": [
              {
                "linkId": "reference",
                "text": "url:",
                "type": "string",
                "required": true
              }
            ]
          }
        ]
      }
    ]
  }
}