{
  "resourceType": "Questionnaire",
  "text": {
    "status": "generated",
    "div": "<div><p><b>Generated Narrative with Details</b></p><p><b>status</b>: draft</p><p><b>date</b>: 9-Aug 2014 7:35</p><p><b>publisher</b>: HL7 FHIR Standard</p><blockquote><p><b>group</b></p><p><b>linkId</b>: Media</p><p><b>title</b>: A photo, video, or audio recording acquired or used in healthcare. The actual content may be inline or provided by direct reference</p><p><b>text</b>: A photo, video, or audio recording acquired or used in healthcare. The actual content may be inline or provided by direct reference.</p><p><b>required</b>: true</p><blockquote><p><b>group</b></p></blockquote><blockquote><p><b>group</b></p></blockquote><blockquote><p><b>group</b></p></blockquote><blockquote><p><b>group</b></p></blockquote><blockquote><p><b>group</b></p></blockquote><blockquote><p><b>group</b></p></blockquote><blockquote><p><b>group</b></p></blockquote><blockquote><p><b>group</b></p></blockquote><blockquote><p><b>group</b></p></blockquote><blockquote><p><b>group</b></p></blockquote><blockquote><p><b>group</b></p></blockquote><blockquote><p><b>group</b></p></blockquote><blockquote><p><b>group</b></p></blockquote></blockquote></div>"
  },
  "status": "draft",
  "date": "2014-08-09T07:35:26.985+10:00",
  "publisher": "HL7 FHIR Standard",
  "group": {
    "linkId": "Media",
    "title": "A photo, video, or audio recording acquired or used in healthcare. The actual content may be inline or provided by direct reference",
    "text": "A photo, video, or audio recording acquired or used in healthcare. The actual content may be inline or provided by direct reference.",
    "required": true,
    "group": [
      {
        "linkId": "Media.type",
        "text": "photo | video | audio",
        "required": true,
        "question": [
          {
            "linkId": "code",
            "text": "code:",
            "type": "string",
            "required": true
          }
        ]
      },
      {
        "linkId": "Media.subtype",
        "text": "The type of acquisition equipment/process",
        "question": [
          {
            "linkId": "text",
            "text": "text:",
            "type": "string",
            "required": true
          },
          {
            "linkId": "coding",
            "text": "code:",
            "type": "open-choice",
            "required": true,
            "repeats": true,
            "options": {
              "reference": "http://hl7.org/fhir/vs/media-subtype"
            }
          }
        ]
      },
      {
        "linkId": "Media.identifier",
        "text": "Identifier(s) for the image",
        "repeats": true,
        "question": [
          {
            "linkId": "label",
            "text": "label:",
            "type": "string",
            "required": true
          },
          {
            "linkId": "system",
            "text": "system:",
            "type": "string",
            "required": true
          },
          {
            "linkId": "value",
            "text": "value:",
            "type": "string",
            "required": true
          }
        ]
      },
      {
        "linkId": "Media.dateTime",
        "text": "When the media was taken/recorded (end)",
        "question": [
          {
            "linkId": "dateTime",
            "text": "date/time:",
            "type": "dateTime",
            "required": true
          }
        ]
      },
      {
        "linkId": "Media.subject",
        "text": "Who/What this Media is a record of"
      },
      {
        "linkId": "Media.operator",
        "text": "The person who generated the image",
        "question": [
          {
            "linkId": "reference",
            "text": "url:",
            "type": "string",
            "required": true
          }
        ]
      },
      {
        "linkId": "Media.view",
        "text": "Imaging view e.g Lateral or Antero-posterior",
        "question": [
          {
            "linkId": "text",
            "text": "text:",
            "type": "string",
            "required": true
          },
          {
            "linkId": "coding",
            "text": "code:",
            "type": "open-choice",
            "required": true,
            "repeats": true,
            "options": {
              "reference": "http://hl7.org/fhir/vs/media-view"
            }
          }
        ]
      },
      {
        "linkId": "Media.deviceName",
        "text": "Name of the device/manufacturer",
        "question": [
          {
            "linkId": "string",
            "text": "value",
            "type": "string",
            "required": true
          }
        ]
      },
      {
        "linkId": "Media.height",
        "text": "Height of the image in pixels(photo/video)",
        "question": [
          {
            "linkId": "string",
            "text": "value",
            "type": "integer",
            "required": true
          }
        ]
      },
      {
        "linkId": "Media.width",
        "text": "Width of the image in pixels (photo/video)",
        "question": [
          {
            "linkId": "string",
            "text": "value",
            "type": "integer",
            "required": true
          }
        ]
      },
      {
        "linkId": "Media.frames",
        "text": "Number of frames if > 1 (photo)",
        "question": [
          {
            "linkId": "string",
            "text": "value",
            "type": "integer",
            "required": true
          }
        ]
      },
      {
        "linkId": "Media.length",
        "text": "Length in seconds (audio / video)",
        "question": [
          {
            "linkId": "string",
            "text": "value",
            "type": "integer",
            "required": true
          }
        ]
      },
      {
        "linkId": "Media.content",
        "text": "Actual Media - reference or data",
        "required": true
      }
    ]
  }
}