{
  "resourceType": "Questionnaire",
  "text": {
    "status": "generated",
    "div": "<div><p><b>Generated Narrative with Details</b></p><p><b>status</b>: draft</p><p><b>date</b>: 9-Aug 2014 7:35</p><p><b>publisher</b>: HL7 FHIR Standard</p><blockquote><p><b>group</b></p><p><b>linkId</b>: MedicationStatement</p><p><b>title</b>: Administration of medication to a patient</p><p><b>text</b>: A record of medication being taken by a patient, or that the medication has been given to a patient where the record is the result of a report from the patient or another clinician.</p><p><b>required</b>: true</p><blockquote><p><b>group</b></p></blockquote><blockquote><p><b>group</b></p></blockquote><blockquote><p><b>group</b></p></blockquote><blockquote><p><b>group</b></p></blockquote><blockquote><p><b>group</b></p></blockquote><blockquote><p><b>group</b></p></blockquote><blockquote><p><b>group</b></p></blockquote><blockquote><p><b>group</b></p></blockquote></blockquote></div>"
  },
  "status": "draft",
  "date": "2014-08-09T07:35:26.985+10:00",
  "publisher": "HL7 FHIR Standard",
  "group": {
    "linkId": "MedicationStatement",
    "title": "Administration of medication to a patient",
    "text": "A record of medication being taken by a patient, or that the medication has been given to a patient where the record is the result of a report from the patient or another clinician.",
    "required": true,
    "group": [
      {
        "linkId": "MedicationStatement.identifier",
        "text": "External Identifier",
        "repeats": true,
        "question": [
          {
            "linkId": "label",
            "text": "label:",
            "type": "string",
            "required": true
          },
          {
            "linkId": "system",
            "text": "system:",
            "type": "string",
            "required": true
          },
          {
            "linkId": "value",
            "text": "value:",
            "type": "string",
            "required": true
          }
        ]
      },
      {
        "linkId": "MedicationStatement.patient",
        "text": "Who was/is taking medication",
        "question": [
          {
            "linkId": "reference",
            "text": "url:",
            "type": "string",
            "required": true
          }
        ]
      },
      {
        "linkId": "MedicationStatement.wasNotGiven",
        "text": "True if medication is/was not being taken",
        "question": [
          {
            "linkId": "boolean",
            "text": "value",
            "type": "boolean",
            "required": true
          }
        ]
      },
      {
        "linkId": "MedicationStatement.reasonNotGiven",
        "text": "True if asserting medication was not given",
        "repeats": true,
        "question": [
          {
            "linkId": "text",
            "text": "text:",
            "type": "string",
            "required": true
          },
          {
            "linkId": "coding",
            "text": "code:",
            "type": "open-choice",
            "required": true,
            "repeats": true,
            "options": {
              "reference": "http://hl7.org/fhir/vs/reason-medication-not-given-codes"
            }
          }
        ]
      },
      {
        "linkId": "MedicationStatement.whenGiven",
        "text": "Over what period was medication consumed?",
        "question": [
          {
            "linkId": "low",
            "text": "start:",
            "type": "dateTime",
            "required": true
          },
          {
            "linkId": "end",
            "text": "end:",
            "type": "dateTime",
            "required": true
          }
        ]
      },
      {
        "linkId": "MedicationStatement.medication",
        "text": "What medication was taken?",
        "question": [
          {
            "linkId": "reference",
            "text": "url:",
            "type": "string",
            "required": true
          }
        ]
      },
      {
        "linkId": "MedicationStatement.device",
        "text": "E.g. infusion pump",
        "repeats": true,
        "question": [
          {
            "linkId": "reference",
            "text": "url:",
            "type": "string",
            "required": true
          }
        ]
      },
      {
        "linkId": "MedicationStatement.dosage",
        "title": "Details of how medication was taken",
        "text": "Indicates how the medication is/was used by the patient.",
        "repeats": true,
        "group": [
          {
            "linkId": "MedicationStatement.dosage.timing",
            "text": "When/how often was medication taken?"
          },
          {
            "linkId": "MedicationStatement.dosage.asNeeded[x]",
            "text": "Take \"as needed\" f(or x)"
          },
          {
            "linkId": "MedicationStatement.dosage.site",
            "text": "Where on body was medication administered?",
            "question": [
              {
                "linkId": "text",
                "text": "text:",
                "type": "string",
                "required": true
              },
              {
                "linkId": "coding",
                "text": "code:",
                "type": "open-choice",
                "required": true,
                "repeats": true,
                "options": {
                  "reference": "http://hl7.org/fhir/vs/approach-site-codes"
                }
              }
            ]
          },
          {
            "linkId": "MedicationStatement.dosage.route",
            "text": "How did the medication enter the body?",
            "question": [
              {
                "linkId": "text",
                "text": "text:",
                "type": "string",
                "required": true
              },
              {
                "linkId": "coding",
                "text": "code:",
                "type": "open-choice",
                "required": true,
                "repeats": true,
                "options": {
                  "reference": "http://hl7.org/fhir/vs/route-codes"
                }
              }
            ]
          },
          {
            "linkId": "MedicationStatement.dosage.method",
            "text": "Technique used to administer medication",
            "question": [
              {
                "linkId": "text",
                "text": "text:",
                "type": "string",
                "required": true
              },
              {
                "linkId": "coding",
                "text": "code:",
                "type": "open-choice",
                "required": true,
                "repeats": true,
                "options": {
                  "reference": "http://hl7.org/fhir/vs/administration-method-codes"
                }
              }
            ]
          },
          {
            "linkId": "MedicationStatement.dosage.quantity",
            "text": "Amount administered in one dose",
            "question": [
              {
                "linkId": "comparator",
                "text": "comp:",
                "type": "choice",
                "required": true,
                "options": {
                  "reference": "http://hl7.org/fhir/vs/quantity-comparator"
                }
              },
              {
                "linkId": "value",
                "text": "value:",
                "type": "decimal",
                "required": true
              },
              {
                "linkId": "units",
                "text": "units:",
                "type": "string",
                "required": true
              }
            ]
          },
          {
            "linkId": "MedicationStatement.dosage.rate",
            "text": "Dose quantity per unit of time",
            "question": [
              {
                "linkId": "value",
                "text": "low:",
                "type": "decimal",
                "required": true
              },
              {
                "linkId": "value",
                "text": "high:",
                "type": "decimal",
                "required": true
              },
              {
                "linkId": "units",
                "text": "units:",
                "type": "string",
                "required": true
              }
            ]
          },
          {
            "linkId": "MedicationStatement.dosage.maxDosePerPeriod",
            "text": "Maximum dose that was consumed per unit of time",
            "question": [
              {
                "linkId": "value",
                "text": "low:",
                "type": "decimal",
                "required": true
              },
              {
                "linkId": "value",
                "text": "high:",
                "type": "decimal",
                "required": true
              },
              {
                "linkId": "units",
                "text": "units:",
                "type": "string",
                "required": true
              }
            ]
          }
        ]
      }
    ]
  }
}