{"resourceType":"Medication","text":{"status":"generated","div":"<div>\n      <p>\n        <b>Generated Narrative with Details</b>\n      </p>\n      <p>\n        <b>name</b>: Salmeterol/fluticason\n      </p>\n      <p>\n        <b>code</b>: 25ug Flutacisone + 250ug Salmeterol \n        <span style=\"background: LightGoldenRodYellow \">(Details : {SNOMED CT code '411106009' = 'Fluticasone + salmeterol', given as '25ug Flutacisone + 250ug Salmeterol'})</span>\n      </p>\n      <p>\n        <b>isBrand</b>: false\n      </p>\n      <p>\n        <b>kind</b>: product\n      </p>\n      <blockquote>\n        <p>\n          <b>product</b>\n        </p>\n        <p>\n          <b>form</b>: Aerosol spray \n          <span style=\"background: LightGoldenRodYellow \">(Details : {SNOMED CT code '421606006' = 'Aerosol spray', given as 'Aerosol spray'})</span>\n        </p>\n        <blockquote>\n          <p>\n            <b>ingredient</b>\n          </p>\n          <p>\n            <b>item</b>: flutacisone\n          </p>\n          <p>\n            <b>amount</b>: 25 ug\n            <span style=\"background: LightGoldenRodYellow \"> (Details: http://unitsofmeasure.org code ug = 'ug')</span>/1 PUFF\n            <span style=\"background: LightGoldenRodYellow \"> (Details: http://hl7.org/fhir/v3/orderableDrugForm code PUFF = 'Puff')</span>\n          </p>\n        </blockquote>\n        <blockquote>\n          <p>\n            <b>ingredient</b>\n          </p>\n          <p>\n            <b>item</b>: salmeterol\n          </p>\n          <p>\n            <b>amount</b>: 250 ug\n            <span style=\"background: LightGoldenRodYellow \"> (Details: http://unitsofmeasure.org code ug = 'ug')</span>/1 PUFF\n            <span style=\"background: LightGoldenRodYellow \"> (Details: http://hl7.org/fhir/v3/orderableDrugForm code PUFF = 'Puff')</span>\n          </p>\n        </blockquote>\n      </blockquote>\n    </div>"},"name":"Salmeterol/fluticason","code":{"coding":[{"system":"http://snomed.info/sct","code":"411106009","display":"25ug Flutacisone + 250ug Salmeterol"}]},"isBrand":false,"kind":"product","product":{"form":{"coding":[{"system":"http://snomed.info/sct","code":"421606006","display":"Aerosol spray"}]},"ingredient":[{"item":{"display":"flutacisone"},"amount":{"numerator":{"value":25,"system":"http://unitsofmeasure.org","code":"ug"},"denominator":{"value":1,"system":"http://hl7.org/fhir/v3/orderableDrugForm","code":"PUFF"}}},{"item":{"display":"salmeterol"},"amount":{"numerator":{"value":250,"system":"http://unitsofmeasure.org","code":"ug"},"denominator":{"value":1,"system":"http://hl7.org/fhir/v3/orderableDrugForm","code":"PUFF"}}}]}}