{
  "resourceType": "Questionnaire",
  "text": {
    "status": "generated",
    "div": "<div><p><b>Generated Narrative with Details</b></p><p><b>status</b>: draft</p><p><b>date</b>: 9-Aug 2014 7:35</p><p><b>publisher</b>: HL7 FHIR Standard</p><blockquote><p><b>group</b></p><p><b>linkId</b>: MedicationPrescription</p><p><b>title</b>: Prescription of medication to for patient</p><p><b>text</b>: An order for both supply of the medication and the instructions for administration of the medicine to a patient.</p><p><b>required</b>: true</p><blockquote><p><b>group</b></p></blockquote><blockquote><p><b>group</b></p></blockquote><blockquote><p><b>group</b></p></blockquote><blockquote><p><b>group</b></p></blockquote><blockquote><p><b>group</b></p></blockquote><blockquote><p><b>group</b></p></blockquote><blockquote><p><b>group</b></p></blockquote><blockquote><p><b>group</b></p></blockquote><blockquote><p><b>group</b></p></blockquote><blockquote><p><b>group</b></p></blockquote><blockquote><p><b>group</b></p></blockquote></blockquote></div>"
  },
  "status": "draft",
  "date": "2014-08-09T07:35:26.985+10:00",
  "publisher": "HL7 FHIR Standard",
  "group": {
    "linkId": "MedicationPrescription",
    "title": "Prescription of medication to for patient",
    "text": "An order for both supply of the medication and the instructions for administration of the medicine to a patient.",
    "required": true,
    "group": [
      {
        "linkId": "MedicationPrescription.identifier",
        "text": "External identifier",
        "repeats": true,
        "question": [
          {
            "linkId": "label",
            "text": "label:",
            "type": "string",
            "required": true
          },
          {
            "linkId": "system",
            "text": "system:",
            "type": "string",
            "required": true
          },
          {
            "linkId": "value",
            "text": "value:",
            "type": "string",
            "required": true
          }
        ]
      },
      {
        "linkId": "MedicationPrescription.dateWritten",
        "text": "When prescription was authorized",
        "question": [
          {
            "linkId": "dateTime",
            "text": "date/time:",
            "type": "dateTime",
            "required": true
          }
        ]
      },
      {
        "linkId": "MedicationPrescription.status",
        "text": "active | on hold | completed | entered in error | stopped | superceded",
        "question": [
          {
            "linkId": "code",
            "text": "code:",
            "type": "string",
            "required": true
          }
        ]
      },
      {
        "linkId": "MedicationPrescription.patient",
        "text": "Who prescription is for",
        "question": [
          {
            "linkId": "reference",
            "text": "url:",
            "type": "string",
            "required": true
          }
        ]
      },
      {
        "linkId": "MedicationPrescription.prescriber",
        "text": "Who ordered the medication(s)",
        "question": [
          {
            "linkId": "reference",
            "text": "url:",
            "type": "string",
            "required": true
          }
        ]
      },
      {
        "linkId": "MedicationPrescription.encounter",
        "text": "Created during encounter / admission / stay",
        "question": [
          {
            "linkId": "reference",
            "text": "url:",
            "type": "string",
            "required": true
          }
        ]
      },
      {
        "linkId": "MedicationPrescription.reason[x]",
        "text": "Reason or indication for writing the prescription"
      },
      {
        "linkId": "MedicationPrescription.medication",
        "text": "Medication to be taken",
        "question": [
          {
            "linkId": "reference",
            "text": "url:",
            "type": "string",
            "required": true
          }
        ]
      },
      {
        "linkId": "MedicationPrescription.dosageInstruction",
        "title": "How medication should be taken",
        "text": "Indicates how the medication is to be used by the patient.",
        "repeats": true,
        "group": [
          {
            "linkId": "MedicationPrescription.dosageInstruction.text",
            "text": "Dosage instructions expressed as text",
            "question": [
              {
                "linkId": "string",
                "text": "value",
                "type": "string",
                "required": true
              }
            ]
          },
          {
            "linkId": "MedicationPrescription.dosageInstruction.additionalInstructions",
            "text": "Supplemental instructions - e.g. \"with meals\"",
            "question": [
              {
                "linkId": "text",
                "text": "text:",
                "type": "string",
                "required": true
              },
              {
                "linkId": "coding",
                "text": "code:",
                "type": "open-choice",
                "required": true,
                "repeats": true
              }
            ]
          },
          {
            "linkId": "MedicationPrescription.dosageInstruction.timing[x]",
            "text": "When medication should be administered"
          },
          {
            "linkId": "MedicationPrescription.dosageInstruction.asNeeded[x]",
            "text": "Take \"as needed\" f(or x)"
          },
          {
            "linkId": "MedicationPrescription.dosageInstruction.site",
            "text": "Body site to administer to",
            "question": [
              {
                "linkId": "text",
                "text": "text:",
                "type": "string",
                "required": true
              },
              {
                "linkId": "coding",
                "text": "code:",
                "type": "open-choice",
                "required": true,
                "repeats": true,
                "options": {
                  "reference": "http://hl7.org/fhir/vs/approach-site-codes"
                }
              }
            ]
          },
          {
            "linkId": "MedicationPrescription.dosageInstruction.route",
            "text": "How drug should enter body",
            "question": [
              {
                "linkId": "text",
                "text": "text:",
                "type": "string",
                "required": true
              },
              {
                "linkId": "coding",
                "text": "code:",
                "type": "open-choice",
                "required": true,
                "repeats": true,
                "options": {
                  "reference": "http://hl7.org/fhir/vs/route-codes"
                }
              }
            ]
          },
          {
            "linkId": "MedicationPrescription.dosageInstruction.method",
            "text": "Technique for administering medication",
            "question": [
              {
                "linkId": "text",
                "text": "text:",
                "type": "string",
                "required": true
              },
              {
                "linkId": "coding",
                "text": "code:",
                "type": "open-choice",
                "required": true,
                "repeats": true,
                "options": {
                  "reference": "http://hl7.org/fhir/vs/administration-method-codes"
                }
              }
            ]
          },
          {
            "linkId": "MedicationPrescription.dosageInstruction.doseQuantity",
            "text": "Amount of medication per dose",
            "question": [
              {
                "linkId": "comparator",
                "text": "comp:",
                "type": "choice",
                "required": true,
                "options": {
                  "reference": "http://hl7.org/fhir/vs/quantity-comparator"
                }
              },
              {
                "linkId": "value",
                "text": "value:",
                "type": "decimal",
                "required": true
              },
              {
                "linkId": "units",
                "text": "units:",
                "type": "string",
                "required": true
              }
            ]
          },
          {
            "linkId": "MedicationPrescription.dosageInstruction.rate",
            "text": "Amount of medication per unit of time",
            "question": [
              {
                "linkId": "value",
                "text": "low:",
                "type": "decimal",
                "required": true
              },
              {
                "linkId": "value",
                "text": "high:",
                "type": "decimal",
                "required": true
              },
              {
                "linkId": "units",
                "text": "units:",
                "type": "string",
                "required": true
              }
            ]
          },
          {
            "linkId": "MedicationPrescription.dosageInstruction.maxDosePerPeriod",
            "text": "Upper limit on medication per unit of time",
            "question": [
              {
                "linkId": "value",
                "text": "low:",
                "type": "decimal",
                "required": true
              },
              {
                "linkId": "value",
                "text": "high:",
                "type": "decimal",
                "required": true
              },
              {
                "linkId": "units",
                "text": "units:",
                "type": "string",
                "required": true
              }
            ]
          }
        ]
      },
      {
        "linkId": "MedicationPrescription.dispense",
        "title": "Medication supply authorization",
        "text": "Deals with details of the dispense part of the order.",
        "group": [
          {
            "linkId": "MedicationPrescription.dispense.medication",
            "text": "Product to be supplied",
            "question": [
              {
                "linkId": "reference",
                "text": "url:",
                "type": "string",
                "required": true
              }
            ]
          },
          {
            "linkId": "MedicationPrescription.dispense.validityPeriod",
            "text": "Time period supply is authorized for",
            "question": [
              {
                "linkId": "low",
                "text": "start:",
                "type": "dateTime",
                "required": true
              },
              {
                "linkId": "end",
                "text": "end:",
                "type": "dateTime",
                "required": true
              }
            ]
          },
          {
            "linkId": "MedicationPrescription.dispense.numberOfRepeatsAllowed",
            "text": "# of refills authorized",
            "question": [
              {
                "linkId": "string",
                "text": "value",
                "type": "integer",
                "required": true
              }
            ]
          },
          {
            "linkId": "MedicationPrescription.dispense.quantity",
            "text": "Amount of medication to supply per dispense",
            "question": [
              {
                "linkId": "comparator",
                "text": "comp:",
                "type": "choice",
                "required": true,
                "options": {
                  "reference": "http://hl7.org/fhir/vs/quantity-comparator"
                }
              },
              {
                "linkId": "value",
                "text": "value:",
                "type": "decimal",
                "required": true
              },
              {
                "linkId": "units",
                "text": "units:",
                "type": "string",
                "required": true
              }
            ]
          },
          {
            "linkId": "MedicationPrescription.dispense.expectedSupplyDuration",
            "text": "Days supply per dispense"
          }
        ]
      },
      {
        "linkId": "MedicationPrescription.substitution",
        "title": "Any restrictions on medication substitution?",
        "text": "Indicates whether or not substitution can or should be part of the dispense. In some cases substitution must happen, in other cases substitution must not happen, and in others it does not matter. This block explains the prescriber's intent. If nothing is specified substitution may be done.",
        "group": [
          {
            "linkId": "MedicationPrescription.substitution.type",
            "text": "generic | formulary +",
            "required": true,
            "question": [
              {
                "linkId": "text",
                "text": "text:",
                "type": "string",
                "required": true
              },
              {
                "linkId": "coding",
                "text": "code:",
                "type": "open-choice",
                "required": true,
                "repeats": true,
                "options": {
                  "reference": "http://hl7.org/fhir/v3/vs/ActSubstanceAdminSubstitutionCode"
                }
              }
            ]
          },
          {
            "linkId": "MedicationPrescription.substitution.reason",
            "text": "Why should substitution (not) be made",
            "question": [
              {
                "linkId": "text",
                "text": "text:",
                "type": "string",
                "required": true
              },
              {
                "linkId": "coding",
                "text": "code:",
                "type": "open-choice",
                "required": true,
                "repeats": true,
                "options": {
                  "reference": "http://hl7.org/fhir/v3/vs/SubstanceAdminSubstitutionReason"
                }
              }
            ]
          }
        ]
      }
    ]
  }
}