{
  "resourceType": "Questionnaire",
  "text": {
    "status": "generated",
    "div": "<div><p><b>Generated Narrative with Details</b></p><p><b>status</b>: draft</p><p><b>date</b>: 9-Aug 2014 7:35</p><p><b>publisher</b>: HL7 FHIR Standard</p><blockquote><p><b>group</b></p><p><b>linkId</b>: Medication</p><p><b>title</b>: Definition of a Medication</p><p><b>text</b>: Primarily used for identification and definition of Medication, but also covers ingredients and packaging.</p><p><b>required</b>: true</p><blockquote><p><b>group</b></p></blockquote><blockquote><p><b>group</b></p></blockquote><blockquote><p><b>group</b></p></blockquote><blockquote><p><b>group</b></p></blockquote><blockquote><p><b>group</b></p></blockquote><blockquote><p><b>group</b></p></blockquote><blockquote><p><b>group</b></p></blockquote></blockquote></div>"
  },
  "status": "draft",
  "date": "2014-08-09T07:35:26.985+10:00",
  "publisher": "HL7 FHIR Standard",
  "group": {
    "linkId": "Medication",
    "title": "Definition of a Medication",
    "text": "Primarily used for identification and definition of Medication, but also covers ingredients and packaging.",
    "required": true,
    "group": [
      {
        "linkId": "Medication.name",
        "text": "Common / Commercial name",
        "question": [
          {
            "linkId": "string",
            "text": "value",
            "type": "string",
            "required": true
          }
        ]
      },
      {
        "linkId": "Medication.code",
        "text": "Codes that identify this medication",
        "question": [
          {
            "linkId": "text",
            "text": "text:",
            "type": "string",
            "required": true
          },
          {
            "linkId": "coding",
            "text": "code:",
            "type": "open-choice",
            "required": true,
            "repeats": true,
            "options": {
              "reference": "http://hl7.org/fhir/vs/medication-codes"
            }
          }
        ]
      },
      {
        "linkId": "Medication.isBrand",
        "text": "True if a brand",
        "question": [
          {
            "linkId": "boolean",
            "text": "value",
            "type": "boolean",
            "required": true
          }
        ]
      },
      {
        "linkId": "Medication.manufacturer",
        "text": "Manufacturer of the item",
        "question": [
          {
            "linkId": "reference",
            "text": "url:",
            "type": "string",
            "required": true
          }
        ]
      },
      {
        "linkId": "Medication.kind",
        "text": "product | package",
        "question": [
          {
            "linkId": "code",
            "text": "code:",
            "type": "string",
            "required": true
          }
        ]
      },
      {
        "linkId": "Medication.product",
        "title": "Administrable medication details",
        "text": "Information that only applies to products (not packages).",
        "group": [
          {
            "linkId": "Medication.product.form",
            "text": "powder | tablets | carton +",
            "question": [
              {
                "linkId": "text",
                "text": "text:",
                "type": "string",
                "required": true
              },
              {
                "linkId": "coding",
                "text": "code:",
                "type": "open-choice",
                "required": true,
                "repeats": true,
                "options": {
                  "reference": "http://hl7.org/fhir/vs/medication-form-codes"
                }
              }
            ]
          },
          {
            "linkId": "Medication.product.ingredient",
            "title": "Active or inactive ingredient",
            "text": "Identifies a particular constituent of interest in the product.",
            "repeats": true,
            "group": [
              {
                "linkId": "Medication.product.ingredient.item",
                "text": "The product contained",
                "required": true
              },
              {
                "linkId": "Medication.product.ingredient.amount",
                "text": "How much ingredient in product",
                "question": [
                  {
                    "linkId": "value",
                    "text": "low:",
                    "type": "decimal",
                    "required": true
                  },
                  {
                    "linkId": "value",
                    "text": "high:",
                    "type": "decimal",
                    "required": true
                  },
                  {
                    "linkId": "units",
                    "text": "units:",
                    "type": "string",
                    "required": true
                  }
                ]
              }
            ]
          }
        ]
      },
      {
        "linkId": "Medication.package",
        "title": "Details about packaged medications",
        "text": "Information that only applies to packages (not products).",
        "group": [
          {
            "linkId": "Medication.package.container",
            "text": "E.g. box, vial, blister-pack",
            "question": [
              {
                "linkId": "text",
                "text": "text:",
                "type": "string",
                "required": true
              },
              {
                "linkId": "coding",
                "text": "code:",
                "type": "open-choice",
                "required": true,
                "repeats": true,
                "options": {
                  "reference": "http://hl7.org/fhir/vs/medication-package-form-codes"
                }
              }
            ]
          },
          {
            "linkId": "Medication.package.content",
            "title": "What is  in the package?",
            "text": "A set of components that go to make up the described item.",
            "repeats": true,
            "group": [
              {
                "linkId": "Medication.package.content.item",
                "text": "A product in the package",
                "required": true,
                "question": [
                  {
                    "linkId": "reference",
                    "text": "url:",
                    "type": "string",
                    "required": true
                  }
                ]
              },
              {
                "linkId": "Medication.package.content.amount",
                "text": "How many are in the package?",
                "question": [
                  {
                    "linkId": "comparator",
                    "text": "comp:",
                    "type": "choice",
                    "required": true,
                    "options": {
                      "reference": "http://hl7.org/fhir/vs/quantity-comparator"
                    }
                  },
                  {
                    "linkId": "value",
                    "text": "value:",
                    "type": "decimal",
                    "required": true
                  },
                  {
                    "linkId": "units",
                    "text": "units:",
                    "type": "string",
                    "required": true
                  }
                ]
              }
            ]
          }
        ]
      }
    ]
  }
}