{
  "resourceType": "Questionnaire",
  "text": {
    "status": "generated",
    "div": "<div><p><b>Generated Narrative with Details</b></p><p><b>status</b>: draft</p><p><b>date</b>: 9-Aug 2014 7:35</p><p><b>publisher</b>: HL7 FHIR Standard</p><blockquote><p><b>group</b></p><p><b>linkId</b>: MedicationAdministration</p><p><b>title</b>: Administration of medication to a patient</p><p><b>text</b>: Describes the event of a patient being given a dose of a medication.  This may be as simple as swallowing a tablet or it may be a long running infusion.\n\nRelated resources tie this event to the authorizing prescription, and the specific encounter between patient and health care practitioner.</p><p><b>required</b>: true</p><blockquote><p><b>group</b></p></blockquote><blockquote><p><b>group</b></p></blockquote><blockquote><p><b>group</b></p></blockquote><blockquote><p><b>group</b></p></blockquote><blockquote><p><b>group</b></p></blockquote><blockquote><p><b>group</b></p></blockquote><blockquote><p><b>group</b></p></blockquote><blockquote><p><b>group</b></p></blockquote><blockquote><p><b>group</b></p></blockquote><blockquote><p><b>group</b></p></blockquote><blockquote><p><b>group</b></p></blockquote><blockquote><p><b>group</b></p></blockquote></blockquote></div>"
  },
  "status": "draft",
  "date": "2014-08-09T07:35:26.985+10:00",
  "publisher": "HL7 FHIR Standard",
  "group": {
    "linkId": "MedicationAdministration",
    "title": "Administration of medication to a patient",
    "text": "Describes the event of a patient being given a dose of a medication.  This may be as simple as swallowing a tablet or it may be a long running infusion.\n\nRelated resources tie this event to the authorizing prescription, and the specific encounter between patient and health care practitioner.",
    "required": true,
    "group": [
      {
        "linkId": "MedicationAdministration.identifier",
        "text": "External identifier",
        "repeats": true,
        "question": [
          {
            "linkId": "label",
            "text": "label:",
            "type": "string",
            "required": true
          },
          {
            "linkId": "system",
            "text": "system:",
            "type": "string",
            "required": true
          },
          {
            "linkId": "value",
            "text": "value:",
            "type": "string",
            "required": true
          }
        ]
      },
      {
        "linkId": "MedicationAdministration.status",
        "text": "in progress | on hold | completed | entered in error | stopped",
        "required": true,
        "question": [
          {
            "linkId": "code",
            "text": "code:",
            "type": "string",
            "required": true
          }
        ]
      },
      {
        "linkId": "MedicationAdministration.patient",
        "text": "Who received medication?",
        "required": true,
        "question": [
          {
            "linkId": "reference",
            "text": "url:",
            "type": "string",
            "required": true
          }
        ]
      },
      {
        "linkId": "MedicationAdministration.practitioner",
        "text": "Who administered substance?",
        "required": true,
        "question": [
          {
            "linkId": "reference",
            "text": "url:",
            "type": "string",
            "required": true
          }
        ]
      },
      {
        "linkId": "MedicationAdministration.encounter",
        "text": "Encounter administered as part of",
        "question": [
          {
            "linkId": "reference",
            "text": "url:",
            "type": "string",
            "required": true
          }
        ]
      },
      {
        "linkId": "MedicationAdministration.prescription",
        "text": "Order administration performed against",
        "required": true,
        "question": [
          {
            "linkId": "reference",
            "text": "url:",
            "type": "string",
            "required": true
          }
        ]
      },
      {
        "linkId": "MedicationAdministration.wasNotGiven",
        "text": "True if medication not administered",
        "question": [
          {
            "linkId": "boolean",
            "text": "value",
            "type": "boolean",
            "required": true
          }
        ]
      },
      {
        "linkId": "MedicationAdministration.reasonNotGiven",
        "text": "Reason administration not performed",
        "repeats": true,
        "question": [
          {
            "linkId": "text",
            "text": "text:",
            "type": "string",
            "required": true
          },
          {
            "linkId": "coding",
            "text": "code:",
            "type": "open-choice",
            "required": true,
            "repeats": true,
            "options": {
              "reference": "http://hl7.org/fhir/vs/reason-medication-not-given-codes"
            }
          }
        ]
      },
      {
        "linkId": "MedicationAdministration.whenGiven",
        "text": "Start and end time of administration",
        "required": true,
        "question": [
          {
            "linkId": "low",
            "text": "start:",
            "type": "dateTime",
            "required": true
          },
          {
            "linkId": "end",
            "text": "end:",
            "type": "dateTime",
            "required": true
          }
        ]
      },
      {
        "linkId": "MedicationAdministration.medication",
        "text": "What was administered?",
        "question": [
          {
            "linkId": "reference",
            "text": "url:",
            "type": "string",
            "required": true
          }
        ]
      },
      {
        "linkId": "MedicationAdministration.device",
        "text": "Device used to administer",
        "repeats": true,
        "question": [
          {
            "linkId": "reference",
            "text": "url:",
            "type": "string",
            "required": true
          }
        ]
      },
      {
        "linkId": "MedicationAdministration.dosage",
        "title": "Medicine administration instructions to the patient/carer",
        "text": "Provides details of how much of the medication was administered.",
        "repeats": true,
        "group": [
          {
            "linkId": "MedicationAdministration.dosage.timing[x]",
            "text": "When dose(s) were given"
          },
          {
            "linkId": "MedicationAdministration.dosage.asNeeded[x]",
            "text": "Take \"as needed\" f(or x)"
          },
          {
            "linkId": "MedicationAdministration.dosage.site",
            "text": "Body site administered to",
            "question": [
              {
                "linkId": "text",
                "text": "text:",
                "type": "string",
                "required": true
              },
              {
                "linkId": "coding",
                "text": "code:",
                "type": "open-choice",
                "required": true,
                "repeats": true,
                "options": {
                  "reference": "http://hl7.org/fhir/vs/approach-site-codes"
                }
              }
            ]
          },
          {
            "linkId": "MedicationAdministration.dosage.route",
            "text": "Path of substance into body",
            "question": [
              {
                "linkId": "text",
                "text": "text:",
                "type": "string",
                "required": true
              },
              {
                "linkId": "coding",
                "text": "code:",
                "type": "open-choice",
                "required": true,
                "repeats": true,
                "options": {
                  "reference": "http://hl7.org/fhir/vs/route-codes"
                }
              }
            ]
          },
          {
            "linkId": "MedicationAdministration.dosage.method",
            "text": "How drug was administered",
            "question": [
              {
                "linkId": "text",
                "text": "text:",
                "type": "string",
                "required": true
              },
              {
                "linkId": "coding",
                "text": "code:",
                "type": "open-choice",
                "required": true,
                "repeats": true,
                "options": {
                  "reference": "http://hl7.org/fhir/vs/administration-method-codes"
                }
              }
            ]
          },
          {
            "linkId": "MedicationAdministration.dosage.quantity",
            "text": "Amount administered in one dose",
            "question": [
              {
                "linkId": "comparator",
                "text": "comp:",
                "type": "choice",
                "required": true,
                "options": {
                  "reference": "http://hl7.org/fhir/vs/quantity-comparator"
                }
              },
              {
                "linkId": "value",
                "text": "value:",
                "type": "decimal",
                "required": true
              },
              {
                "linkId": "units",
                "text": "units:",
                "type": "string",
                "required": true
              }
            ]
          },
          {
            "linkId": "MedicationAdministration.dosage.rate",
            "text": "Dose quantity per unit of time",
            "question": [
              {
                "linkId": "value",
                "text": "low:",
                "type": "decimal",
                "required": true
              },
              {
                "linkId": "value",
                "text": "high:",
                "type": "decimal",
                "required": true
              },
              {
                "linkId": "units",
                "text": "units:",
                "type": "string",
                "required": true
              }
            ]
          },
          {
            "linkId": "MedicationAdministration.dosage.maxDosePerPeriod",
            "text": "Total dose that was consumed per unit of time",
            "question": [
              {
                "linkId": "value",
                "text": "low:",
                "type": "decimal",
                "required": true
              },
              {
                "linkId": "value",
                "text": "high:",
                "type": "decimal",
                "required": true
              },
              {
                "linkId": "units",
                "text": "units:",
                "type": "string",
                "required": true
              }
            ]
          }
        ]
      }
    ]
  }
}