{
  "resourceType": "Questionnaire",
  "text": {
    "status": "generated",
    "div": "<div><p><b>Generated Narrative with Details</b></p><p><b>status</b>: draft</p><p><b>date</b>: 9-Aug 2014 7:35</p><p><b>publisher</b>: HL7 FHIR Standard</p><blockquote><p><b>group</b></p><p><b>linkId</b>: MessageHeader</p><p><b>title</b>: A resource that describes a message that is exchanged between systems</p><p><b>text</b>: The header for a message exchange that is either requesting or responding to an action.  The resource(s) that are the subject of the action as well as other Information related to the action are typically transmitted in a bundle in which the MessageHeader resource instance is the first resource in the bundle.</p><p><b>required</b>: true</p><blockquote><p><b>group</b></p></blockquote><blockquote><p><b>group</b></p></blockquote><blockquote><p><b>group</b></p></blockquote><blockquote><p><b>group</b></p></blockquote><blockquote><p><b>group</b></p></blockquote><blockquote><p><b>group</b></p></blockquote><blockquote><p><b>group</b></p></blockquote><blockquote><p><b>group</b></p></blockquote><blockquote><p><b>group</b></p></blockquote><blockquote><p><b>group</b></p></blockquote><blockquote><p><b>group</b></p></blockquote><blockquote><p><b>group</b></p></blockquote></blockquote></div>"
  },
  "status": "draft",
  "date": "2014-08-09T07:35:26.985+10:00",
  "publisher": "HL7 FHIR Standard",
  "group": {
    "linkId": "MessageHeader",
    "title": "A resource that describes a message that is exchanged between systems",
    "text": "The header for a message exchange that is either requesting or responding to an action.  The resource(s) that are the subject of the action as well as other Information related to the action are typically transmitted in a bundle in which the MessageHeader resource instance is the first resource in the bundle.",
    "required": true,
    "group": [
      {
        "linkId": "MessageHeader.identifier",
        "text": "Id of this message",
        "required": true,
        "question": [
          {
            "linkId": "string",
            "text": "value",
            "type": "string",
            "required": true
          }
        ]
      },
      {
        "linkId": "MessageHeader.timestamp",
        "text": "Time that the message was sent",
        "required": true,
        "question": [
          {
            "linkId": "instant",
            "text": "value:",
            "type": "instant",
            "required": true
          }
        ]
      },
      {
        "linkId": "MessageHeader.event",
        "text": "Code for the event this message represents",
        "required": true,
        "question": [
          {
            "linkId": "coding",
            "text": "code:",
            "type": "open-choice",
            "required": true,
            "options": {
              "reference": "http://hl7.org/fhir/vs/message-events"
            }
          }
        ]
      },
      {
        "linkId": "MessageHeader.response",
        "title": "If this is a reply to prior message",
        "text": "Information about the message that this message is a response to.  Only present if this message is a response.",
        "group": [
          {
            "linkId": "MessageHeader.response.identifier",
            "text": "Id of original message",
            "required": true,
            "question": [
              {
                "linkId": "string",
                "text": "value",
                "type": "string",
                "required": true
              }
            ]
          },
          {
            "linkId": "MessageHeader.response.code",
            "text": "ok | transient-error | fatal-error",
            "required": true,
            "question": [
              {
                "linkId": "code",
                "text": "code:",
                "type": "string",
                "required": true
              }
            ]
          },
          {
            "linkId": "MessageHeader.response.details",
            "text": "Specific list of hints/warnings/errors",
            "question": [
              {
                "linkId": "reference",
                "text": "url:",
                "type": "string",
                "required": true
              }
            ]
          }
        ]
      },
      {
        "linkId": "MessageHeader.source",
        "title": "Message Source Application",
        "text": "The source application from which this message originated.",
        "required": true,
        "group": [
          {
            "linkId": "MessageHeader.source.name",
            "text": "Name of system",
            "question": [
              {
                "linkId": "string",
                "text": "value",
                "type": "string",
                "required": true
              }
            ]
          },
          {
            "linkId": "MessageHeader.source.software",
            "text": "Name of software running the system",
            "required": true,
            "question": [
              {
                "linkId": "string",
                "text": "value",
                "type": "string",
                "required": true
              }
            ]
          },
          {
            "linkId": "MessageHeader.source.version",
            "text": "Version of software running",
            "question": [
              {
                "linkId": "string",
                "text": "value",
                "type": "string",
                "required": true
              }
            ]
          },
          {
            "linkId": "MessageHeader.source.contact",
            "text": "Human contact for problems",
            "question": [
              {
                "linkId": "type",
                "text": "type:",
                "type": "choice",
                "required": true,
                "options": {
                  "reference": "http://hl7.org/fhir/vs/contact-system"
                }
              },
              {
                "linkId": "value",
                "text": "value:",
                "type": "string",
                "required": true
              }
            ]
          },
          {
            "linkId": "MessageHeader.source.endpoint",
            "text": "Actual message source address or id",
            "required": true,
            "question": [
              {
                "linkId": "string",
                "text": "url:",
                "type": "string",
                "required": true
              }
            ]
          }
        ]
      },
      {
        "linkId": "MessageHeader.destination",
        "title": "Message Destination Application(s)",
        "text": "The destination application which the message is intended for.",
        "repeats": true,
        "group": [
          {
            "linkId": "MessageHeader.destination.name",
            "text": "Name of system",
            "question": [
              {
                "linkId": "string",
                "text": "value",
                "type": "string",
                "required": true
              }
            ]
          },
          {
            "linkId": "MessageHeader.destination.target",
            "text": "Particular delivery destination within the destination",
            "question": [
              {
                "linkId": "reference",
                "text": "url:",
                "type": "string",
                "required": true
              }
            ]
          },
          {
            "linkId": "MessageHeader.destination.endpoint",
            "text": "Actual destination address or id",
            "required": true,
            "question": [
              {
                "linkId": "string",
                "text": "url:",
                "type": "string",
                "required": true
              }
            ]
          }
        ]
      },
      {
        "linkId": "MessageHeader.enterer",
        "text": "The source of the data entry",
        "question": [
          {
            "linkId": "reference",
            "text": "url:",
            "type": "string",
            "required": true
          }
        ]
      },
      {
        "linkId": "MessageHeader.author",
        "text": "The source of the decision",
        "question": [
          {
            "linkId": "reference",
            "text": "url:",
            "type": "string",
            "required": true
          }
        ]
      },
      {
        "linkId": "MessageHeader.receiver",
        "text": "Intended \"real-world\" recipient for the data"
      },
      {
        "linkId": "MessageHeader.responsible",
        "text": "Final responsibility for event"
      },
      {
        "linkId": "MessageHeader.reason",
        "text": "Cause of event",
        "question": [
          {
            "linkId": "text",
            "text": "text:",
            "type": "string",
            "required": true
          },
          {
            "linkId": "coding",
            "text": "code:",
            "type": "open-choice",
            "required": true,
            "repeats": true,
            "options": {
              "reference": "http://hl7.org/fhir/vs/message-reason-encounter"
            }
          }
        ]
      },
      {
        "linkId": "MessageHeader.data",
        "text": "The actual content of the message",
        "repeats": true,
        "question": [
          {
            "linkId": "reference",
            "text": "url:",
            "type": "string",
            "required": true
          }
        ]
      }
    ]
  }
}