{
  "resourceType": "Questionnaire",
  "text": {
    "status": "generated",
    "div": "<div><p><b>Generated Narrative with Details</b></p><p><b>status</b>: draft</p><p><b>date</b>: 9-Aug 2014 7:35</p><p><b>publisher</b>: HL7 FHIR Standard</p><blockquote><p><b>group</b></p><p><b>linkId</b>: Namespace</p><p><b>title</b>: System of unique identification</p><p><b>text</b>: A curated namespace that issues unique symbols within that namespace for the identification of concepts, people, devices, etc.  Represents a &quot;System&quot; used within the Identifier and Coding data types.</p><p><b>required</b>: true</p><blockquote><p><b>group</b></p></blockquote><blockquote><p><b>group</b></p></blockquote><blockquote><p><b>group</b></p></blockquote><blockquote><p><b>group</b></p></blockquote><blockquote><p><b>group</b></p></blockquote><blockquote><p><b>group</b></p></blockquote><blockquote><p><b>group</b></p></blockquote><blockquote><p><b>group</b></p></blockquote><blockquote><p><b>group</b></p></blockquote><blockquote><p><b>group</b></p></blockquote><blockquote><p><b>group</b></p></blockquote></blockquote></div>"
  },
  "status": "draft",
  "date": "2014-08-09T07:35:26.985+10:00",
  "publisher": "HL7 FHIR Standard",
  "group": {
    "linkId": "Namespace",
    "title": "System of unique identification",
    "text": "A curated namespace that issues unique symbols within that namespace for the identification of concepts, people, devices, etc.  Represents a \"System\" used within the Identifier and Coding data types.",
    "required": true,
    "group": [
      {
        "linkId": "Namespace.type",
        "text": "codesystem | identifier | root",
        "required": true,
        "question": [
          {
            "linkId": "code",
            "text": "code:",
            "type": "string",
            "required": true
          }
        ]
      },
      {
        "linkId": "Namespace.name",
        "text": "Human-readable label",
        "required": true,
        "question": [
          {
            "linkId": "string",
            "text": "value",
            "type": "string",
            "required": true
          }
        ]
      },
      {
        "linkId": "Namespace.status",
        "text": "proposed | active | retired",
        "required": true,
        "question": [
          {
            "linkId": "code",
            "text": "code:",
            "type": "string",
            "required": true
          }
        ]
      },
      {
        "linkId": "Namespace.country",
        "text": "ISO 3-char country code",
        "question": [
          {
            "linkId": "code",
            "text": "code:",
            "type": "choice",
            "required": true
          }
        ]
      },
      {
        "linkId": "Namespace.category",
        "text": "driver | provider | patient | bank",
        "question": [
          {
            "linkId": "text",
            "text": "text:",
            "type": "string",
            "required": true
          },
          {
            "linkId": "coding",
            "text": "code:",
            "type": "open-choice",
            "required": true,
            "repeats": true
          }
        ]
      },
      {
        "linkId": "Namespace.responsible",
        "text": "Who maintains system namespace?",
        "question": [
          {
            "linkId": "string",
            "text": "value",
            "type": "string",
            "required": true
          }
        ]
      },
      {
        "linkId": "Namespace.description",
        "text": "What does namespace identify?",
        "question": [
          {
            "linkId": "string",
            "text": "value",
            "type": "string",
            "required": true
          }
        ]
      },
      {
        "linkId": "Namespace.usage",
        "text": "How/where is it used",
        "question": [
          {
            "linkId": "string",
            "text": "value",
            "type": "string",
            "required": true
          }
        ]
      },
      {
        "linkId": "Namespace.uniqueId",
        "title": "Unique identifiers used for system",
        "text": "Indicates how the system may be identified when referenced in electronic exchange.",
        "required": true,
        "repeats": true,
        "group": [
          {
            "linkId": "Namespace.uniqueId.type",
            "text": "oid | uuid | uri | other",
            "required": true,
            "question": [
              {
                "linkId": "code",
                "text": "code:",
                "type": "string",
                "required": true
              }
            ]
          },
          {
            "linkId": "Namespace.uniqueId.value",
            "text": "The unique identifier",
            "required": true,
            "question": [
              {
                "linkId": "string",
                "text": "value",
                "type": "string",
                "required": true
              }
            ]
          },
          {
            "linkId": "Namespace.uniqueId.preferred",
            "text": "Is this the id that should be used for this type",
            "question": [
              {
                "linkId": "boolean",
                "text": "value",
                "type": "boolean",
                "required": true
              }
            ]
          },
          {
            "linkId": "Namespace.uniqueId.period",
            "text": "When is identifier valid?",
            "question": [
              {
                "linkId": "low",
                "text": "start:",
                "type": "dateTime",
                "required": true
              },
              {
                "linkId": "end",
                "text": "end:",
                "type": "dateTime",
                "required": true
              }
            ]
          }
        ]
      },
      {
        "linkId": "Namespace.contact",
        "title": "Who should be contacted for questions about namespace",
        "text": "The person who can be contacted about this system registration entry.",
        "group": [
          {
            "linkId": "Namespace.contact.name",
            "text": "Name of person",
            "question": [
              {
                "linkId": "text",
                "text": "text:",
                "type": "string",
                "required": true
              },
              {
                "linkId": "family",
                "text": "family:",
                "type": "string",
                "required": true,
                "repeats": true
              },
              {
                "linkId": "given",
                "text": "given:",
                "type": "string",
                "required": true,
                "repeats": true
              }
            ]
          },
          {
            "linkId": "Namespace.contact.telecom",
            "text": "Phone, email, etc.",
            "repeats": true,
            "question": [
              {
                "linkId": "type",
                "text": "type:",
                "type": "choice",
                "required": true,
                "options": {
                  "reference": "http://hl7.org/fhir/vs/contact-system"
                }
              },
              {
                "linkId": "value",
                "text": "value:",
                "type": "string",
                "required": true
              }
            ]
          }
        ]
      },
      {
        "linkId": "Namespace.replacedBy",
        "text": "Use this instead",
        "question": [
          {
            "linkId": "reference",
            "text": "url:",
            "type": "string",
            "required": true
          }
        ]
      }
    ]
  }
}