{"resourceType":"Observation","text":{"status":"generated","div":"<div>\n      <p>\n        <b>Generated Narrative with Details</b>\n      </p>\n      <p>\n        <b>name</b>: Blood culture for bacteria, including anaerobic screen \n        <span style=\"background: LightGoldenRodYellow \">(Details : {SNOMED CT code '104177005' = 'Blood culture for bacteria, including anaerobic screen', given as 'Blood culture for bacteria, including anaerobic screen'})</span>\n      </p>\n      <p>\n        <b>value</b>: Staphylococcus aureus \n        <span style=\"background: LightGoldenRodYellow \">(Details : {SNOMED CT code '3092008' = 'Staphylococcus aureus', given as 'Staphylococcus aureus'})</span>\n      </p>\n      <p>\n        <b>interpretation</b>: Positive \n        <span style=\"background: LightGoldenRodYellow \">(Details : {http://hl7.org/fhir/v2/0078 code 'POS' = 'Positive', given as 'null'})</span>\n      </p>\n      <p>\n        <b>issued</b>: 11-Mar 2013 10:28\n      </p>\n      <p>\n        <b>status</b>: final_\n      </p>\n      <p>\n        <b>reliability</b>: ok\n      </p>\n      <p>\n        <b>method</b>: Blood culture for bacteria, including anaerobic screen \n        <span style=\"background: LightGoldenRodYellow \">(Details : {SNOMED CT code '104177005' = 'Blood culture for bacteria, including anaerobic screen', given as 'Blood culture for bacteria, including anaerobic screen'})</span>\n      </p>\n      <p>\n        <b>subject</b>: \n        <a href=\"patient-example-f201-roel.html\">Roel. Generated Summary: BSN = 123456789 (official), BSN = 123456789 (official); Roel(official); \n          <span title=\"Codes: {http://snomed.info/sct 248153007}, {http://hl7.org/fhir/v3/AdministrativeGender M}\">Male</span>; birthDate: 13-Mar 1960; \n          <span title=\"Codes: {http://snomed.info/sct 36629006}, {http://hl7.org/fhir/v3/MaritalStatus M}\">Legally married</span>; \n          <span title=\"Codes: {urn:std:iso:639-1 nl-NL}\">Dutch</span>; active\n        </a>\n      </p>\n      <p>\n        <b>performer</b>: \n        <a href=\"practitioner-example-f202-lm.html\">Luigi Maas. Generated Summary: UZI-nummer = 12345678902 (official), BIG-nummer = 12345678902 (official); Luigi Maas(official); \n          <span title=\"Codes: {http://snomed.info/sct 248153007}\">Male</span>; birthDate: 12-Jun 1960; \n          <span title=\"Codes: {http://snomed.info/sct 33526004}\">Electronic laboratory reporting</span>; \n          <span title=\"Codes: {http://snomed.info/sct 159285000}\">Medical laboratory technician</span>\n        </a>\n      </p>\n    </div>"},"name":{"coding":[{"system":"http://snomed.info/sct","code":"104177005","display":"Blood culture for bacteria, including anaerobic screen"}]},"valueCodeableConcept":{"coding":[{"system":"http://snomed.info/sct","code":"3092008","display":"Staphylococcus aureus"}]},"interpretation":{"coding":[{"system":"http://hl7.org/fhir/v2/0078","code":"POS"}]},"issued":"2013-03-11T10:28:00+01:00","status":"final","reliability":"ok","method":{"coding":[{"system":"http://snomed.info/sct","code":"104177005","display":"Blood culture for bacteria, including anaerobic screen"}]},"subject":{"reference":"Patient/f201","display":"Roel"},"performer":[{"reference":"Practitioner/f202","display":"Luigi Maas"}]}