{"resourceType":"Observation","text":{"status":"generated","div":"<div>\n      <p>\n        <b>Generated Narrative with Details</b>\n      </p>\n      <p>\n        <b>name</b>: Erythrocytes [#/volume] in Blood by Automated count \n        <span style=\"background: LightGoldenRodYellow \">(Details : {LOINC code '789-8' = 'Erythrocytes [#/volume] in Blood by Automated count', given as 'Erythrocytes [#/volume] in Blood by Automated count'})</span>\n      </p>\n      <p>\n        <b>value</b>: 4.12 10^12/L\n        <span style=\"background: LightGoldenRodYellow \"> (Details: http://unitsofmeasure.org code 10*12/L = '10*12/L')</span>\n      </p>\n      <p>\n        <b>interpretation</b>: abnormal \n        <span style=\"background: LightGoldenRodYellow \">(Details : {http://hl7.org/fhir/v2/0078 code 'A' = 'Abnormal (applies to non-numeric results)', given as 'abnormal'})</span>\n      </p>\n      <p>\n        <b>applies</b>: 2-Apr 2013 10:30 --&gt; 5-Apr 2013 10:30\n      </p>\n      <p>\n        <b>issued</b>: 3-Apr 2013 15:30\n      </p>\n      <p>\n        <b>status</b>: final_\n      </p>\n      <p>\n        <b>reliability</b>: ok\n      </p>\n      <p>\n        <b>bodySite</b>: Superficial forearm vein \n        <span style=\"background: LightGoldenRodYellow \">(Details : {SNOMED CT code '308046002' = '308046002', given as 'Superficial forearm vein'})</span>\n      </p>\n      <p>\n        <b>method</b>: Injection to forearm \n        <span style=\"background: LightGoldenRodYellow \">(Details : {SNOMED CT code '120220003' = '120220003', given as 'Injection to forearm'})</span>\n      </p>\n      <p>\n        <b>identifier</b>: 6326 (official)\n      </p>\n      <p>\n        <b>subject</b>: \n        <a href=\"patient-example-f001-pieter.html\">P. van de Heuvel. Generated Summary: 738472983 (usual), ?? (usual); Pieter van de Heuvel ; \n          <span title=\"Codes: {http://hl7.org/fhir/v3/AdministrativeGender M}\">Male</span>; birthDate: 17-Nov 1944; \n          <span title=\"Codes: {http://hl7.org/fhir/v3/MaritalStatus M}\">Getrouwd</span>; multipleBirth; \n          <span title=\"Codes: {urn:ietf:bcp:47 nl}\">Nederlands</span>; active\n        </a>\n      </p>\n      <p>\n        <b>performer</b>: \n        <a href=\"practitioner-example-f005-al.html\">A. Langeveld. Generated Summary: 118265112 (official), 191REW8WE916 (usual); Langeveld Anne (official); \n          <span title=\"Codes: {urn:oid:2.16.840.1.113883.4.642.1.24 F}\">Female</span>; birthDate: 11-Mar 1959; \n          <span title=\"Codes: {urn:oid:2.16.840.1.113883.2.4.15.111 01.000}\">Care role</span>; \n          <span title=\"Codes: {urn:oid:2.16.840.1.113883.2.4.15.111 01.018}\">specialisation</span>; \n          <span title=\"Codes: {urn:oid:2.16.840.1.113883.6.121 fr}\">France</span>\n        </a>\n      </p>\n      <h3>ReferenceRanges</h3>\n      <table class=\"grid\">\n        <tr>\n          <td>\n            <b>Low</b>\n          </td>\n          <td>\n            <b>High</b>\n          </td>\n          <td>\n            <b>Meaning</b>\n          </td>\n          <td>\n            <b>Age</b>\n          </td>\n          <td>\n            <b>Text</b>\n          </td>\n        </tr>\n        <tr>\n          <td>4.4 10^12/L\n            <span style=\"background: LightGoldenRodYellow \"> (Details: http://unitsofmeasure.org code 10*12/L = '10*12/L')</span>\n          </td>\n          <td>5.8 10^12/L\n            <span style=\"background: LightGoldenRodYellow \"> (Details: http://unitsofmeasure.org code 10*12/L = '10*12/L')</span>\n          </td>\n          <td> </td>\n          <td> </td>\n          <td> </td>\n        </tr>\n      </table>\n    </div>"},"name":{"coding":[{"system":"http://loinc.org","code":"789-8","display":"Erythrocytes [#/volume] in Blood by Automated count"}]},"valueQuantity":{"value":4.12,"units":"10^12/L","system":"http://unitsofmeasure.org","code":"10*12/L"},"interpretation":{"coding":[{"system":"http://hl7.org/fhir/v2/0078","code":"A","display":"abnormal"}]},"appliesPeriod":{"start":"2013-04-02T10:30:10+01:00","end":"2013-04-05T10:30:10+01:00"},"issued":"2013-04-03T15:30:10+01:00","status":"final","reliability":"ok","bodySite":{"coding":[{"system":"http://snomed.info/id","code":"308046002","display":"Superficial forearm vein"}]},"method":{"coding":[{"system":"http://snomed.info/id","code":"120220003","display":"Injection to forearm"}]},"identifier":{"use":"official","system":"http://www.bmc.nl/zorgportal/identifiers/observations","value":"6326"},"subject":{"reference":"Patient/f001","display":"P. van de Heuvel"},"performer":[{"reference":"Practitioner/f005","display":"A. Langeveld"}],"referenceRange":[{"low":{"value":4.4,"units":"10^12/L","system":"http://unitsofmeasure.org","code":"10*12/L"},"high":{"value":5.8,"units":"10^12/L","system":"http://unitsofmeasure.org","code":"10*12/L"}}]}