{"resourceType":"Observation","text":{"status":"generated","div":"<div>\n      <p>\n        <b>Generated Narrative with Details</b>\n      </p>\n      <p>\n        <b>name</b>: BMI \n        <span style=\"background: LightGoldenRodYellow \">(Details : {SNOMED CT code '60621009' = 'Quetelet index', given as 'Body mass index'}; {LOINC code '39156-5' = 'Body mass index (BMI) [Ratio]', given as 'Body mass index (BMI) [Ratio]'})</span>\n      </p>\n      <p>\n        <b>value</b>: 31.31\n      </p>\n      <p>\n        <b>interpretation</b>: High \n        <span style=\"background: LightGoldenRodYellow \">(Details : {SNOMED CT code '75540009' = 'High', given as 'High'}; {http://hl7.org/fhir/v2/0078 code 'H' = 'Above high normal', given as 'null'})</span>\n      </p>\n      <p>\n        <b>issued</b>: 4-Apr 2013 13:27\n      </p>\n      <p>\n        <b>status</b>: final_\n      </p>\n      <p>\n        <b>reliability</b>: ok\n      </p>\n      <p>\n        <b>bodySite</b>: Entire body as a whole \n        <span style=\"background: LightGoldenRodYellow \">(Details : {SNOMED CT code '38266002' = 'Total body', given as 'Entire body as a whole'})</span>\n      </p>\n      <p>\n        <b>method</b>: Measurement procedure \n        <span style=\"background: LightGoldenRodYellow \">(Details : {SNOMED CT code '122869004' = 'Measurement', given as 'Measurement procedure'})</span>\n      </p>\n      <p>\n        <b>subject</b>: \n        <a href=\"patient-example-f201-roel.html\">Roel. Generated Summary: BSN = 123456789 (official), BSN = 123456789 (official); Roel(official); \n          <span title=\"Codes: {http://snomed.info/sct 248153007}, {http://hl7.org/fhir/v3/AdministrativeGender M}\">Male</span>; birthDate: 13-Mar 1960; \n          <span title=\"Codes: {http://snomed.info/sct 36629006}, {http://hl7.org/fhir/v3/MaritalStatus M}\">Legally married</span>; \n          <span title=\"Codes: {urn:std:iso:639-1 nl-NL}\">Dutch</span>; active\n        </a>\n      </p>\n      <p>\n        <b>performer</b>: \n        <a href=\"practitioner-example-f201-ab.html\">Generated Summary: UZI-nummer = 12345678901 (official); Dokter Bronsig(official); \n          <span title=\"Codes: {http://snomed.info/sct 248153007}\">Male</span>; birthDate: 24-Dec 1956; \n          <span title=\"Codes: {http://snomed.info/sct 225304007}\">Implementation of planned interventions</span>; \n          <span title=\"Codes: {http://snomed.info/sct 310512001}\">Medical oncologist</span>\n        </a>\n      </p>\n      <blockquote>\n        <p>\n          <b>referenceRange</b>\n        </p>\n        <p>\n          <b>high</b>: 20\n        </p>\n        <p>\n          <b>meaning</b>: Underweight \n          <span style=\"background: LightGoldenRodYellow \">(Details : {SNOMED CT code '3248342006' = '3248342006', given as 'Underweight'})</span>\n        </p>\n      </blockquote>\n      <blockquote>\n        <p>\n          <b>referenceRange</b>\n        </p>\n        <p>\n          <b>low</b>: 20\n        </p>\n        <p>\n          <b>high</b>: 25\n        </p>\n        <p>\n          <b>meaning</b>: Normal weight \n          <span style=\"background: LightGoldenRodYellow \">(Details : {SNOMED CT code '43664005' = 'Normal weight (finding)', given as 'Normal weight'})</span>\n        </p>\n      </blockquote>\n      <blockquote>\n        <p>\n          <b>referenceRange</b>\n        </p>\n        <p>\n          <b>low</b>: 25\n        </p>\n        <p>\n          <b>high</b>: 30\n        </p>\n        <p>\n          <b>meaning</b>: Overweight \n          <span style=\"background: LightGoldenRodYellow \">(Details : {SNOMED CT code '238131007' = 'Overweight (finding)', given as 'Overweight'})</span>\n        </p>\n      </blockquote>\n      <blockquote>\n        <p>\n          <b>referenceRange</b>\n        </p>\n        <p>\n          <b>low</b>: 30\n        </p>\n        <p>\n          <b>high</b>: 40\n        </p>\n        <p>\n          <b>meaning</b>: Obese \n          <span style=\"background: LightGoldenRodYellow \">(Details : {SNOMED CT code '414915002' = 'Obese (finding)', given as 'Obese'})</span>\n        </p>\n      </blockquote>\n      <blockquote>\n        <p>\n          <b>referenceRange</b>\n        </p>\n        <p>\n          <b>low</b>: 40\n        </p>\n        <p>\n          <b>meaning</b>: Morbid obesity \n          <span style=\"background: LightGoldenRodYellow \">(Details : {SNOMED CT code '238136002' = 'Morbid obesity (disorder)', given as 'Morbid obesity'})</span>\n        </p>\n      </blockquote>\n      <blockquote>\n        <p>\n          <b>related</b>\n        </p>\n        <p>\n          <b>type</b>: derivedfrom\n        </p>\n        <p>\n          <b>target</b>: Body height measure \n          <span style=\"background: LightGoldenRodYellow \">(Details : {SNOMED CT code '50373000' = 'Body height measure (observable entity)', given as 'Body height measure'})</span>; 182 centimeter\n          <span style=\"background: LightGoldenRodYellow \"> (Details: SNOMED CT code 258672001 = 'centimeter (qualifier value)')</span>; final_; ok\n        </p>\n      </blockquote>\n      <blockquote>\n        <p>\n          <b>related</b>\n        </p>\n        <p>\n          <b>type</b>: derivedfrom\n        </p>\n        <p>\n          <b>target</b>: Body weight \n          <span style=\"background: LightGoldenRodYellow \">(Details : {SNOMED CT code '27113001' = 'Body weight (observable entity)', given as 'Body weight'})</span>; 103.7 kilogram\n          <span style=\"background: LightGoldenRodYellow \"> (Details: SNOMED CT code 258683005 = 'kilogram (qualifier value)')</span>; final_; ok\n        </p>\n      </blockquote>\n    </div>"},"contained":[{"resourceType":"Observation","_id":"height","name":{"coding":[{"system":"http://snomed.info/sct","code":"50373000","display":"Body height measure"}]},"valueQuantity":{"value":182,"units":"centimeter","system":"http://snomed.info/sct","code":"258672001"},"status":"final","reliability":"ok"},{"resourceType":"Observation","_id":"weight","name":{"coding":[{"system":"http://snomed.info/sct","code":"27113001","display":"Body weight"}]},"valueQuantity":{"value":103.7,"units":"kilogram","system":"http://snomed.info/sct","code":"258683005"},"status":"final","reliability":"ok"}],"name":{"coding":[{"system":"http://snomed.info/sct","code":"60621009","display":"Body mass index"},{"system":"http://loinc.org","code":"39156-5","display":"Body mass index (BMI) [Ratio]"}],"text":"BMI"},"valueQuantity":{"value":31.31},"interpretation":{"coding":[{"system":"http://snomed.info/sct","code":"75540009","display":"High"},{"system":"http://hl7.org/fhir/v2/0078","code":"H"}]},"issued":"2013-04-04T13:27:00+01:00","status":"final","reliability":"ok","bodySite":{"coding":[{"system":"http://snomed.info/sct","code":"38266002","display":"Entire body as a whole"}]},"method":{"coding":[{"system":"http://snomed.info/sct","code":"122869004","display":"Measurement procedure"}]},"subject":{"reference":"Patient/f201","display":"Roel"},"performer":[{"reference":"Practitioner/f201"}],"referenceRange":[{"high":{"value":20},"meaning":{"coding":[{"system":"http://snomed.info/sct","code":"3248342006","display":"Underweight"}]}},{"low":{"value":20},"high":{"value":25},"meaning":{"coding":[{"system":"http://snomed.info/sct","code":"43664005","display":"Normal weight"}]}},{"low":{"value":25},"high":{"value":30},"meaning":{"coding":[{"system":"http://snomed.info/sct","code":"238131007","display":"Overweight"}]}},{"low":{"value":30},"high":{"value":40},"meaning":{"coding":[{"system":"http://snomed.info/sct","code":"414915002","display":"Obese"}]}},{"low":{"value":40},"meaning":{"coding":[{"system":"http://snomed.info/sct","code":"238136002","display":"Morbid obesity"}]}}],"related":[{"type":"derived-from","target":{"reference":"#height"}},{"type":"derived-from","target":{"reference":"#weight"}}]}