{"resourceType":"Observation","text":{"status":"generated","div":"<div>\n      <p>\n        <b>Generated Narrative with Details</b>\n      </p>\n      <p>\n        <b>name</b>: Hemoglobin [Mass/volume] in Venous blood \n        <span style=\"background: LightGoldenRodYellow \">(Details : {LOINC code '30350-3' = 'Hemoglobin [Mass/volume] in Venous blood', given as 'Hemoglobin [Mass/volume] in Venous blood'})</span>\n      </p>\n      <p>\n        <b>value</b>: 7.2 g/dl\n        <span style=\"background: LightGoldenRodYellow \"> (Details: http://unitsofmeasure.org code g/dL = 'g/dL')</span>\n      </p>\n      <p>\n        <b>interpretation</b>: low \n        <span style=\"background: LightGoldenRodYellow \">(Details : {http://hl7.org/fhir/v2/0078 code 'L' = 'Below low normal', given as 'low'})</span>\n      </p>\n      <p>\n        <b>applies</b>: 2-Apr 2013 10:30 --&gt; 5-Apr 2013 10:30\n      </p>\n      <p>\n        <b>issued</b>: 3-Apr 2013 15:30\n      </p>\n      <p>\n        <b>status</b>: final_\n      </p>\n      <p>\n        <b>reliability</b>: ok\n      </p>\n      <p>\n        <b>bodySite</b>: Superficial forearm vein \n        <span style=\"background: LightGoldenRodYellow \">(Details : {SNOMED CT code '308046002' = 'Superficial forearm vein', given as 'Superficial forearm vein'})</span>\n      </p>\n      <p>\n        <b>method</b>: Injection to forearm \n        <span style=\"background: LightGoldenRodYellow \">(Details : {SNOMED CT code '120220003' = 'Injection to forearm', given as 'Injection to forearm'})</span>\n      </p>\n      <p>\n        <b>identifier</b>: 6327 (official)\n      </p>\n      <p>\n        <b>subject</b>: \n        <a href=\"patient-example-f001-pieter.html\">P. van de Heuvel. Generated Summary: 738472983 (usual), ?? (usual); Pieter van de Heuvel ; \n          <span title=\"Codes: {http://hl7.org/fhir/v3/AdministrativeGender M}\">Male</span>; birthDate: 17-Nov 1944; \n          <span title=\"Codes: {http://hl7.org/fhir/v3/MaritalStatus M}\">Getrouwd</span>; multipleBirth; \n          <span title=\"Codes: {urn:ietf:bcp:47 nl}\">Nederlands</span>; active\n        </a>\n      </p>\n      <p>\n        <b>performer</b>: \n        <a href=\"practitioner-example-f005-al.html\">A. Langeveld. Generated Summary: 118265112 (official), 191REW8WE916 (usual); Langeveld Anne (official); \n          <span title=\"Codes: {urn:oid:2.16.840.1.113883.4.642.1.24 F}\">Female</span>; birthDate: 11-Mar 1959; \n          <span title=\"Codes: {urn:oid:2.16.840.1.113883.2.4.15.111 01.000}\">Care role</span>; \n          <span title=\"Codes: {urn:oid:2.16.840.1.113883.2.4.15.111 01.018}\">specialisation</span>; \n          <span title=\"Codes: {urn:oid:2.16.840.1.113883.6.121 fr}\">France</span>\n        </a>\n      </p>\n      <h3>ReferenceRanges</h3>\n      <table class=\"grid\">\n        <tr>\n          <td>\n            <b>Low</b>\n          </td>\n          <td>\n            <b>High</b>\n          </td>\n          <td>\n            <b>Meaning</b>\n          </td>\n          <td>\n            <b>Age</b>\n          </td>\n          <td>\n            <b>Text</b>\n          </td>\n        </tr>\n        <tr>\n          <td>7.5 g/dl\n            <span style=\"background: LightGoldenRodYellow \"> (Details: http://unitsofmeasure.org code g/dL = 'g/dL')</span>\n          </td>\n          <td>10 g/dl\n            <span style=\"background: LightGoldenRodYellow \"> (Details: http://unitsofmeasure.org code g/dL = 'g/dL')</span>\n          </td>\n          <td> </td>\n          <td> </td>\n          <td> </td>\n        </tr>\n      </table>\n    </div>"},"name":{"coding":[{"system":"http://loinc.org","code":"30350-3","display":"Hemoglobin [Mass/volume] in Venous blood"}]},"valueQuantity":{"value":7.2,"units":"g/dl","system":"http://unitsofmeasure.org","code":"g/dL"},"interpretation":{"coding":[{"system":"http://hl7.org/fhir/v2/0078","code":"L","display":"low"}]},"appliesPeriod":{"start":"2013-04-02T10:30:10+01:00","end":"2013-04-05T10:30:10+01:00"},"issued":"2013-04-03T15:30:10+01:00","status":"final","reliability":"ok","bodySite":{"coding":[{"system":"http://snomed.info/sct","code":"308046002","display":"Superficial forearm vein"}]},"method":{"coding":[{"system":"http://snomed.info/sct","code":"120220003","display":"Injection to forearm"}]},"identifier":{"use":"official","system":"http://www.bmc.nl/zorgportal/identifiers/observations","value":"6327"},"subject":{"reference":"Patient/f001","display":"P. van de Heuvel"},"performer":[{"reference":"Practitioner/f005","display":"A. Langeveld"}],"referenceRange":[{"low":{"value":7.5,"units":"g/dl","system":"http://unitsofmeasure.org","code":"g/dL"},"high":{"value":10,"units":"g/dl","system":"http://unitsofmeasure.org","code":"g/dL"}}]}