{
  "resourceType": "Questionnaire",
  "text": {
    "status": "generated",
    "div": "<div><p><b>Generated Narrative with Details</b></p><p><b>status</b>: draft</p><p><b>date</b>: 9-Aug 2014 7:35</p><p><b>publisher</b>: HL7 FHIR Standard</p><blockquote><p><b>group</b></p><p><b>linkId</b>: Observation</p><p><b>title</b>: Measurements and simple assertions</p><p><b>text</b>: Measurements and simple assertions made about a patient, device or other subject.</p><p><b>required</b>: true</p><blockquote><p><b>group</b></p></blockquote><blockquote><p><b>group</b></p></blockquote><blockquote><p><b>group</b></p></blockquote><blockquote><p><b>group</b></p></blockquote><blockquote><p><b>group</b></p></blockquote><blockquote><p><b>group</b></p></blockquote><blockquote><p><b>group</b></p></blockquote><blockquote><p><b>group</b></p></blockquote><blockquote><p><b>group</b></p></blockquote><blockquote><p><b>group</b></p></blockquote><blockquote><p><b>group</b></p></blockquote><blockquote><p><b>group</b></p></blockquote><blockquote><p><b>group</b></p></blockquote><blockquote><p><b>group</b></p></blockquote><blockquote><p><b>group</b></p></blockquote><blockquote><p><b>group</b></p></blockquote><blockquote><p><b>group</b></p></blockquote></blockquote></div>"
  },
  "status": "draft",
  "date": "2014-08-09T07:35:26.985+10:00",
  "publisher": "HL7 FHIR Standard",
  "group": {
    "linkId": "Observation",
    "title": "Measurements and simple assertions",
    "text": "Measurements and simple assertions made about a patient, device or other subject.",
    "required": true,
    "group": [
      {
        "linkId": "Observation.name",
        "text": "Type of observation (code / type)",
        "required": true,
        "question": [
          {
            "linkId": "text",
            "text": "text:",
            "type": "string",
            "required": true
          },
          {
            "linkId": "coding",
            "text": "code:",
            "type": "open-choice",
            "required": true,
            "repeats": true,
            "options": {
              "reference": "http://hl7.org/fhir/vs/observation-codes"
            }
          }
        ]
      },
      {
        "linkId": "Observation.value[x]",
        "text": "Actual result"
      },
      {
        "linkId": "Observation.interpretation",
        "text": "High, low, normal, etc.",
        "question": [
          {
            "linkId": "text",
            "text": "text:",
            "type": "string",
            "required": true
          },
          {
            "linkId": "coding",
            "text": "code:",
            "type": "open-choice",
            "required": true,
            "repeats": true,
            "options": {
              "reference": "http://hl7.org/fhir/vs/observation-interpretation"
            }
          }
        ]
      },
      {
        "linkId": "Observation.comments",
        "text": "Comments about result",
        "question": [
          {
            "linkId": "string",
            "text": "value",
            "type": "string",
            "required": true
          }
        ]
      },
      {
        "linkId": "Observation.applies[x]",
        "text": "Physiologically Relevant time/time-period for observation"
      },
      {
        "linkId": "Observation.issued",
        "text": "Date/Time this was made available",
        "question": [
          {
            "linkId": "instant",
            "text": "value:",
            "type": "instant",
            "required": true
          }
        ]
      },
      {
        "linkId": "Observation.status",
        "text": "registered | preliminary | final | amended +",
        "required": true,
        "question": [
          {
            "linkId": "code",
            "text": "code:",
            "type": "string",
            "required": true
          }
        ]
      },
      {
        "linkId": "Observation.reliability",
        "text": "ok | ongoing | early | questionable | calibrating | error +",
        "required": true,
        "question": [
          {
            "linkId": "code",
            "text": "code:",
            "type": "string",
            "required": true
          }
        ]
      },
      {
        "linkId": "Observation.bodySite",
        "text": "Observed body part",
        "question": [
          {
            "linkId": "text",
            "text": "text:",
            "type": "string",
            "required": true
          },
          {
            "linkId": "coding",
            "text": "code:",
            "type": "open-choice",
            "required": true,
            "repeats": true,
            "options": {
              "reference": "http://hl7.org/fhir/vs/body-site"
            }
          }
        ]
      },
      {
        "linkId": "Observation.method",
        "text": "How it was done",
        "question": [
          {
            "linkId": "text",
            "text": "text:",
            "type": "string",
            "required": true
          },
          {
            "linkId": "coding",
            "text": "code:",
            "type": "open-choice",
            "required": true,
            "repeats": true,
            "options": {
              "reference": "http://hl7.org/fhir/vs/observation-methods"
            }
          }
        ]
      },
      {
        "linkId": "Observation.identifier",
        "text": "Unique Id for this particular observation",
        "question": [
          {
            "linkId": "label",
            "text": "label:",
            "type": "string",
            "required": true
          },
          {
            "linkId": "system",
            "text": "system:",
            "type": "string",
            "required": true
          },
          {
            "linkId": "value",
            "text": "value:",
            "type": "string",
            "required": true
          }
        ]
      },
      {
        "linkId": "Observation.subject",
        "text": "Who and/or what this is about"
      },
      {
        "linkId": "Observation.specimen",
        "text": "Specimen used for this observation",
        "question": [
          {
            "linkId": "reference",
            "text": "url:",
            "type": "string",
            "required": true
          }
        ]
      },
      {
        "linkId": "Observation.performer",
        "text": "Who did the observation",
        "repeats": true
      },
      {
        "linkId": "Observation.encounter",
        "text": "Healthcare event related to the observation",
        "question": [
          {
            "linkId": "reference",
            "text": "url:",
            "type": "string",
            "required": true
          }
        ]
      },
      {
        "linkId": "Observation.referenceRange",
        "title": "Provides guide for interpretation",
        "text": "Guidance on how to interpret the value by comparison to a normal or recommended range.",
        "repeats": true,
        "group": [
          {
            "linkId": "Observation.referenceRange.low",
            "text": "Low Range, if relevant",
            "question": [
              {
                "linkId": "comparator",
                "text": "comp:",
                "type": "choice",
                "required": true,
                "options": {
                  "reference": "http://hl7.org/fhir/vs/quantity-comparator"
                }
              },
              {
                "linkId": "value",
                "text": "value:",
                "type": "decimal",
                "required": true
              },
              {
                "linkId": "units",
                "text": "units:",
                "type": "string",
                "required": true
              }
            ]
          },
          {
            "linkId": "Observation.referenceRange.high",
            "text": "High Range, if relevant",
            "question": [
              {
                "linkId": "comparator",
                "text": "comp:",
                "type": "choice",
                "required": true,
                "options": {
                  "reference": "http://hl7.org/fhir/vs/quantity-comparator"
                }
              },
              {
                "linkId": "value",
                "text": "value:",
                "type": "decimal",
                "required": true
              },
              {
                "linkId": "units",
                "text": "units:",
                "type": "string",
                "required": true
              }
            ]
          },
          {
            "linkId": "Observation.referenceRange.meaning",
            "text": "Indicates the meaning/use of this range of this range",
            "question": [
              {
                "linkId": "text",
                "text": "text:",
                "type": "string",
                "required": true
              },
              {
                "linkId": "coding",
                "text": "code:",
                "type": "open-choice",
                "required": true,
                "repeats": true,
                "options": {
                  "reference": "http://hl7.org/fhir/vs/referencerange-meaning"
                }
              }
            ]
          },
          {
            "linkId": "Observation.referenceRange.age",
            "text": "Applicable age range, if relevant"
          },
          {
            "linkId": "Observation.referenceRange.text",
            "text": "Text based reference range in an observation",
            "question": [
              {
                "linkId": "string",
                "text": "value",
                "type": "string",
                "required": true
              }
            ]
          }
        ]
      },
      {
        "linkId": "Observation.related",
        "title": "Observations related to this observation",
        "text": "Related observations - either components, or previous observations, or statements of derivation.",
        "repeats": true,
        "group": [
          {
            "linkId": "Observation.related.type",
            "text": "has-component | has-member | derived-from | sequel-to | replaces | qualified-by | interfered-by",
            "question": [
              {
                "linkId": "code",
                "text": "code:",
                "type": "string",
                "required": true
              }
            ]
          },
          {
            "linkId": "Observation.related.target",
            "text": "Observation that is related to this one",
            "required": true,
            "question": [
              {
                "linkId": "reference",
                "text": "url:",
                "type": "string",
                "required": true
              }
            ]
          }
        ]
      }
    ]
  }
}