{"resourceType":"Observation","text":{"status":"generated","div":"<div>\n      <p>\n        <b>Generated Narrative with Details</b>\n      </p>\n      <p>\n        <b>name</b>: Glomerular filtration rate/1.73 sq M.predicted \n        <span style=\"background: LightGoldenRodYellow \">(Details : {LOINC code '69405-9' = 'Glomerular filtration rate/1.73 sq M.predicted', given as 'Glomerular filtration rate/1.73 sq M.predicted'})</span>\n      </p>\n      <p>\n        <b>value</b>: 54 mL/min/1.73m2\n        <span style=\"background: LightGoldenRodYellow \"> (Details: http://unitsofmeasure.org code mL/min/{1.73_m2} = 'mL/min/{1.73_m2}')</span>\n      </p>\n      <p>\n        <b>interpretation</b>: low \n        <span style=\"background: LightGoldenRodYellow \">(Details : {http://hl7.org/fhir/v2/0078 code 'L' = 'Below low normal', given as 'low'})</span>\n      </p>\n      <p>\n        <b>issued</b>: 4-Apr 2013 14:34\n      </p>\n      <p>\n        <b>status</b>: final_\n      </p>\n      <p>\n        <b>reliability</b>: ok\n      </p>\n      <p>\n        <b>method</b>: Calculated laboratory test method \n        <span style=\"background: LightGoldenRodYellow \">(Details : {SNOMED CT code '117337005' = '117337005', given as 'Calculated laboratory test method'})</span>\n      </p>\n      <p>\n        <b>identifier</b>: eGFR value of Roel on April 2013 - 03720 = 1304-03720-eGFR\n      </p>\n      <p>\n        <b>subject</b>: \n        <a href=\"patient-example-f201-roel.html\">Roel. Generated Summary: BSN = 123456789 (official), BSN = 123456789 (official); Roel(official); \n          <span title=\"Codes: {http://snomed.info/sct 248153007}, {http://hl7.org/fhir/v3/AdministrativeGender M}\">Male</span>; birthDate: 13-Mar 1960; \n          <span title=\"Codes: {http://snomed.info/sct 36629006}, {http://hl7.org/fhir/v3/MaritalStatus M}\">Legally married</span>; \n          <span title=\"Codes: {urn:std:iso:639-1 nl-NL}\">Dutch</span>; active\n        </a>\n      </p>\n      <p>\n        <b>performer</b>: \n        <a href=\"practitioner-example-f202-lm.html\">Luigi Maas. Generated Summary: UZI-nummer = 12345678902 (official), BIG-nummer = 12345678902 (official); Luigi Maas(official); \n          <span title=\"Codes: {http://snomed.info/sct 248153007}\">Male</span>; birthDate: 12-Jun 1960; \n          <span title=\"Codes: {http://snomed.info/sct 33526004}\">Electronic laboratory reporting</span>; \n          <span title=\"Codes: {http://snomed.info/sct 159285000}\">Medical laboratory technician</span>\n        </a>\n      </p>\n      <h3>ReferenceRanges</h3>\n      <table class=\"grid\">\n        <tr>\n          <td>\n            <b>Low</b>\n          </td>\n          <td>\n            <b>High</b>\n          </td>\n          <td>\n            <b>Meaning</b>\n          </td>\n          <td>\n            <b>Age</b>\n          </td>\n          <td>\n            <b>Text</b>\n          </td>\n        </tr>\n        <tr>\n          <td>60 mL/min/1.73m2\n            <span style=\"background: LightGoldenRodYellow \"> (Details: http://unitsofmeasure.org code mL/min/{1.73_m2} = 'mL/min/{1.73_m2}')</span>\n          </td>\n          <td> </td>\n          <td> </td>\n          <td> </td>\n          <td> </td>\n        </tr>\n      </table>\n    </div>"},"name":{"coding":[{"system":"http://loinc.org","code":"69405-9","display":"Glomerular filtration rate/1.73 sq M.predicted"}]},"valueQuantity":{"value":54,"units":"mL/min/1.73m2","system":"http://unitsofmeasure.org","code":"mL/min/{1.73_m2}"},"interpretation":{"coding":[{"system":"http://hl7.org/fhir/v2/0078","code":"L","display":"low"}]},"issued":"2013-04-04T14:34:00+01:00","status":"final","reliability":"ok","method":{"coding":[{"system":"http://snomed.info/id","code":"117337005","display":"Calculated laboratory test method"}]},"identifier":{"label":"eGFR value of Roel on April 2013 - 03720","system":"https://intranet.aumc.nl/labvalues","value":"1304-03720-eGFR"},"subject":{"reference":"Patient/f201","display":"Roel"},"performer":[{"reference":"Practitioner/f202","display":"Luigi Maas"}],"referenceRange":[{"low":{"value":60,"units":"mL/min/1.73m2","system":"http://unitsofmeasure.org","code":"mL/min/{1.73_m2}"}}]}