{
  "resourceType": "OperationDefinition",
  "text": {
    "status": "generated",
    "div": "<div><h2>Concept Translation</h2><p>Operation: translate</p><div><p>Translate a code from one value set to another, based on the existing value set and concept maps resources, and/or other additional knowledge available to the server. || One (and only one) of the in parameters (code, coding, codeableConcept) must be provided, to identify the code that is to be translated.  || The outcome is an operationOutcome with hints, warnings, or errors, or the translated code in an extension</p>\n</div><p>URL: [base]/ConceptMap/$translate</p><p>Parameters</p><table class=\"grid\"><tr><td><b>Name</b></td><td><b>Use</b></td><td><b>Cardinality</b></td><td><b>Type</b></td><td><b>Documentation</b></td></tr><tr><td>code</td><td>in</td><td>0..1</td><td>code</td><td><div><p>The code that is to be translated. If a code is provided, a system must be provided</p>\n</div></td></tr><tr><td>system</td><td>in</td><td>0..1</td><td>uri</td><td><div><p>The system for the code that is to be translated</p>\n</div></td></tr><tr><td>version</td><td>in</td><td>0..1</td><td>string</td><td><div><p>The version of the system, if one was provided in the source data</p>\n</div></td></tr><tr><td>valueSet</td><td>in</td><td>0..1</td><td>Resource(ValueSet)</td><td><div><p>Identifies the value set used when the concept (system/code pair) was chosen.</p>\n</div></td></tr><tr><td>coding</td><td>in</td><td>0..1</td><td>Coding</td><td><div><p>A coding to translate</p>\n</div></td></tr><tr><td>codeableConcept</td><td>in</td><td>0..1</td><td>CodeableConcept</td><td><div><p>A full codeableConcept to validate. The server can translate any of the coding values as it chooses</p>\n</div></td></tr><tr><td>outcome</td><td>out</td><td>1..1</td><td>OperationOutcome</td><td><div><p>If the translation is successful, the translation is represented as an extension (uri = <a href=\"http://hl7.org/fhir/Profile/general-extensions#translation\">http://hl7.org/fhir/Profile/general-extensions#translation</a>) of type Coding on the operation outcome, or else an error must be returned. Hints and warnings may be returned in either case</p>\n</div></td></tr></table><div/></div>"
  },
  "title": "Concept Translation",
  "publisher": "HL7 (FHIR Project)",
  "telecom": [
    {
      "system": "url",
      "value": "http://hl7.org/fhir"
    },
    {
      "system": "email",
      "value": "fhir@lists.hl7.org"
    }
  ],
  "description": "Translate a code from one value set to another, based on the existing value set and concept maps resources, and/or other additional knowledge available to the server. || One (and only one) of the in parameters (code, coding, codeableConcept) must be provided, to identify the code that is to be translated.  || The outcome is an operationOutcome with hints, warnings, or errors, or the translated code in an extension",
  "status": "draft",
  "date": "2014-08-09T07:35:26.985+10:00",
  "kind": "operation",
  "name": "translate",
  "system": false,
  "type": [
    "ConceptMap"
  ],
  "instance": false,
  "parameter": [
    {
      "name": "code",
      "use": "in",
      "min": 0,
      "max": "1",
      "documentation": "The code that is to be translated. If a code is provided, a system must be provided",
      "type": {
        "system": "http://hl7.org/fhir/vs/defined-types",
        "code": "code"
      }
    },
    {
      "name": "system",
      "use": "in",
      "min": 0,
      "max": "1",
      "documentation": "The system for the code that is to be translated",
      "type": {
        "system": "http://hl7.org/fhir/vs/defined-types",
        "code": "uri"
      }
    },
    {
      "name": "version",
      "use": "in",
      "min": 0,
      "max": "1",
      "documentation": "The version of the system, if one was provided in the source data",
      "type": {
        "system": "http://hl7.org/fhir/vs/defined-types",
        "code": "string"
      }
    },
    {
      "name": "valueSet",
      "use": "in",
      "min": 0,
      "max": "1",
      "documentation": "Identifies the value set used when the concept (system/code pair) was chosen.",
      "type": {
        "system": "http://hl7.org/fhir/vs/defined-types",
        "code": "Resource(ValueSet)"
      }
    },
    {
      "name": "coding",
      "use": "in",
      "min": 0,
      "max": "1",
      "documentation": "A coding to translate",
      "type": {
        "system": "http://hl7.org/fhir/vs/defined-types",
        "code": "Coding"
      }
    },
    {
      "name": "codeableConcept",
      "use": "in",
      "min": 0,
      "max": "1",
      "documentation": "A full codeableConcept to validate. The server can translate any of the coding values as it chooses",
      "type": {
        "system": "http://hl7.org/fhir/vs/defined-types",
        "code": "CodeableConcept"
      }
    },
    {
      "name": "outcome",
      "use": "out",
      "min": 1,
      "max": "1",
      "documentation": "If the translation is successful, the translation is represented as an extension (uri = [[[http://hl7.org/fhir/Profile/general-extensions#translation]]]) of type Coding on the operation outcome, or else an error must be returned. Hints and warnings may be returned in either case",
      "type": {
        "system": "http://hl7.org/fhir/vs/defined-types",
        "code": "OperationOutcome"
      }
    }
  ]
}