{
  "resourceType": "Questionnaire",
  "text": {
    "status": "generated",
    "div": "<div><p><b>Generated Narrative with Details</b></p><p><b>status</b>: draft</p><p><b>date</b>: 9-Aug 2014 7:35</p><p><b>publisher</b>: HL7 FHIR Standard</p><blockquote><p><b>group</b></p><p><b>linkId</b>: OperationDefinition</p><p><b>title</b>: Definition of an operation or a named query</p><p><b>text</b>: A formal computable definition of an operation (on the RESTful interface) or a named query (using the search interaction).</p><p><b>required</b>: true</p><blockquote><p><b>group</b></p></blockquote><blockquote><p><b>group</b></p></blockquote><blockquote><p><b>group</b></p></blockquote><blockquote><p><b>group</b></p></blockquote><blockquote><p><b>group</b></p></blockquote><blockquote><p><b>group</b></p></blockquote><blockquote><p><b>group</b></p></blockquote><blockquote><p><b>group</b></p></blockquote><blockquote><p><b>group</b></p></blockquote><blockquote><p><b>group</b></p></blockquote><blockquote><p><b>group</b></p></blockquote><blockquote><p><b>group</b></p></blockquote><blockquote><p><b>group</b></p></blockquote><blockquote><p><b>group</b></p></blockquote><blockquote><p><b>group</b></p></blockquote><blockquote><p><b>group</b></p></blockquote><blockquote><p><b>group</b></p></blockquote><blockquote><p><b>group</b></p></blockquote></blockquote></div>"
  },
  "status": "draft",
  "date": "2014-08-09T07:35:26.985+10:00",
  "publisher": "HL7 FHIR Standard",
  "group": {
    "linkId": "OperationDefinition",
    "title": "Definition of an operation or a named query",
    "text": "A formal computable definition of an operation (on the RESTful interface) or a named query (using the search interaction).",
    "required": true,
    "group": [
      {
        "linkId": "OperationDefinition.identifier",
        "text": "Logical id to reference this operation definition",
        "question": [
          {
            "linkId": "string",
            "text": "url:",
            "type": "string",
            "required": true
          }
        ]
      },
      {
        "linkId": "OperationDefinition.version",
        "text": "Logical id for this version of the operation definition",
        "question": [
          {
            "linkId": "string",
            "text": "value",
            "type": "string",
            "required": true
          }
        ]
      },
      {
        "linkId": "OperationDefinition.title",
        "text": "Informal name for this profile",
        "required": true,
        "question": [
          {
            "linkId": "string",
            "text": "value",
            "type": "string",
            "required": true
          }
        ]
      },
      {
        "linkId": "OperationDefinition.publisher",
        "text": "Name of the publisher (Organization or individual)",
        "question": [
          {
            "linkId": "string",
            "text": "value",
            "type": "string",
            "required": true
          }
        ]
      },
      {
        "linkId": "OperationDefinition.telecom",
        "text": "Contact information of the publisher",
        "repeats": true,
        "question": [
          {
            "linkId": "type",
            "text": "type:",
            "type": "choice",
            "required": true,
            "options": {
              "reference": "http://hl7.org/fhir/vs/contact-system"
            }
          },
          {
            "linkId": "value",
            "text": "value:",
            "type": "string",
            "required": true
          }
        ]
      },
      {
        "linkId": "OperationDefinition.description",
        "text": "Natural language description of the operation",
        "question": [
          {
            "linkId": "string",
            "text": "value",
            "type": "string",
            "required": true
          }
        ]
      },
      {
        "linkId": "OperationDefinition.code",
        "text": "Assist with indexing and finding",
        "repeats": true,
        "question": [
          {
            "linkId": "coding",
            "text": "code:",
            "type": "open-choice",
            "required": true
          }
        ]
      },
      {
        "linkId": "OperationDefinition.status",
        "text": "draft | active | retired",
        "required": true,
        "question": [
          {
            "linkId": "code",
            "text": "code:",
            "type": "string",
            "required": true
          }
        ]
      },
      {
        "linkId": "OperationDefinition.experimental",
        "text": "If for testing purposes, not real usage",
        "question": [
          {
            "linkId": "boolean",
            "text": "value",
            "type": "boolean",
            "required": true
          }
        ]
      },
      {
        "linkId": "OperationDefinition.date",
        "text": "Date for this version of the operation definition",
        "question": [
          {
            "linkId": "dateTime",
            "text": "date/time:",
            "type": "dateTime",
            "required": true
          }
        ]
      },
      {
        "linkId": "OperationDefinition.kind",
        "text": "operation | query",
        "required": true,
        "question": [
          {
            "linkId": "code",
            "text": "code:",
            "type": "string",
            "required": true
          }
        ]
      },
      {
        "linkId": "OperationDefinition.name",
        "text": "Name used to invoke the operation",
        "required": true,
        "question": [
          {
            "linkId": "code",
            "text": "code:",
            "type": "choice",
            "required": true
          }
        ]
      },
      {
        "linkId": "OperationDefinition.notes",
        "text": "Additional information about use",
        "question": [
          {
            "linkId": "string",
            "text": "value",
            "type": "string",
            "required": true
          }
        ]
      },
      {
        "linkId": "OperationDefinition.base",
        "text": "Marks this as a profile of the base",
        "question": [
          {
            "linkId": "reference",
            "text": "url:",
            "type": "string",
            "required": true
          }
        ]
      },
      {
        "linkId": "OperationDefinition.system",
        "text": "Invoke at the system level?",
        "required": true,
        "question": [
          {
            "linkId": "boolean",
            "text": "value",
            "type": "boolean",
            "required": true
          }
        ]
      },
      {
        "linkId": "OperationDefinition.type",
        "text": "Invoke at resource level for these type",
        "repeats": true,
        "question": [
          {
            "linkId": "code",
            "text": "code:",
            "type": "string",
            "required": true
          }
        ]
      },
      {
        "linkId": "OperationDefinition.instance",
        "text": "Invoke on an instance?",
        "required": true,
        "question": [
          {
            "linkId": "boolean",
            "text": "value",
            "type": "boolean",
            "required": true
          }
        ]
      },
      {
        "linkId": "OperationDefinition.parameter",
        "title": "Parameters for the operation/query",
        "text": "Parameters for the operation/query.",
        "repeats": true,
        "group": [
          {
            "linkId": "OperationDefinition.parameter.name",
            "text": "Name of the parameter",
            "required": true,
            "question": [
              {
                "linkId": "code",
                "text": "code:",
                "type": "choice",
                "required": true
              }
            ]
          },
          {
            "linkId": "OperationDefinition.parameter.use",
            "text": "in | out",
            "required": true,
            "question": [
              {
                "linkId": "code",
                "text": "code:",
                "type": "string",
                "required": true
              }
            ]
          },
          {
            "linkId": "OperationDefinition.parameter.min",
            "text": "Minimum Cardinality",
            "required": true,
            "question": [
              {
                "linkId": "string",
                "text": "value",
                "type": "integer",
                "required": true
              }
            ]
          },
          {
            "linkId": "OperationDefinition.parameter.max",
            "text": "Maximum Cardinality (a number or *)",
            "required": true,
            "question": [
              {
                "linkId": "string",
                "text": "value",
                "type": "string",
                "required": true
              }
            ]
          },
          {
            "linkId": "OperationDefinition.parameter.documentation",
            "text": "Description of meaning/use",
            "question": [
              {
                "linkId": "string",
                "text": "value",
                "type": "string",
                "required": true
              }
            ]
          },
          {
            "linkId": "OperationDefinition.parameter.type",
            "text": "What type this parameter hs",
            "required": true,
            "question": [
              {
                "linkId": "coding",
                "text": "code:",
                "type": "open-choice",
                "required": true,
                "options": {
                  "reference": "http://hl7.org/fhir/vs/operation-definition-parameter-type"
                }
              }
            ]
          },
          {
            "linkId": "OperationDefinition.parameter.profile",
            "text": "Profile on the type",
            "question": [
              {
                "linkId": "reference",
                "text": "url:",
                "type": "string",
                "required": true
              }
            ]
          }
        ]
      }
    ]
  }
}