{
  "resourceType": "ValueSet",
  "text": {
    "status": "generated",
    "div": "<div><h2>OperationParameterUse</h2><p>Whether an operation parameter is an input or an output parameter</p><p>This value set defines its own terms in the system http://hl7.org/fhir/operation-parameter-use</p><table><tr><td><b>Code</b></td><td><b>Display</b></td><td><b>Definition</b></td></tr><tr><td>in<a name=\"in\"> </a></td><td/><td>This is an input parameter.</td></tr><tr><td>out<a name=\"out\"> </a></td><td/><td>This is an output parameter.</td></tr></table></div>"
  },
  "identifier": "http://hl7.org/fhir/vs/operation-parameter-use",
  "name": "OperationParameterUse",
  "publisher": "HL7 (FHIR Project)",
  "telecom": [
    {
      "system": "url",
      "value": "http://hl7.org/fhir"
    },
    {
      "system": "email",
      "value": "fhir@lists.hl7.org"
    }
  ],
  "description": "Whether an operation parameter is an input or an output parameter",
  "status": "draft",
  "date": "2014-08-09T07:35:36.912+10:00",
  "define": {
    "system": "http://hl7.org/fhir/operation-parameter-use",
    "caseSensitive": true,
    "concept": [
      {
        "code": "in",
        "definition": "This is an input parameter."
      },
      {
        "code": "out",
        "definition": "This is an output parameter."
      }
    ]
  }
}