{
  "resourceType": "Questionnaire",
  "text": {
    "status": "generated",
    "div": "<div><p><b>Generated Narrative with Details</b></p><p><b>status</b>: draft</p><p><b>date</b>: 9-Aug 2014 7:35</p><p><b>publisher</b>: HL7 FHIR Standard</p><blockquote><p><b>group</b></p><p><b>linkId</b>: OperationOutcome</p><p><b>title</b>: Information about the success/failure of an action</p><p><b>text</b>: A collection of error, warning or information messages that result from a system action.</p><p><b>required</b>: true</p><blockquote><p><b>group</b></p></blockquote></blockquote></div>"
  },
  "status": "draft",
  "date": "2014-08-09T07:35:26.985+10:00",
  "publisher": "HL7 FHIR Standard",
  "group": {
    "linkId": "OperationOutcome",
    "title": "Information about the success/failure of an action",
    "text": "A collection of error, warning or information messages that result from a system action.",
    "required": true,
    "group": [
      {
        "linkId": "OperationOutcome.issue",
        "title": "A single issue associated with the action",
        "text": "An error, warning or information message that results from a system action.",
        "required": true,
        "repeats": true,
        "group": [
          {
            "linkId": "OperationOutcome.issue.severity",
            "text": "fatal | error | warning | information",
            "required": true,
            "question": [
              {
                "linkId": "code",
                "text": "code:",
                "type": "string",
                "required": true
              }
            ]
          },
          {
            "linkId": "OperationOutcome.issue.type",
            "text": "Error or warning code",
            "question": [
              {
                "linkId": "coding",
                "text": "code:",
                "type": "open-choice",
                "required": true,
                "options": {
                  "reference": "http://hl7.org/fhir/vs/issue-type"
                }
              }
            ]
          },
          {
            "linkId": "OperationOutcome.issue.details",
            "text": "Additional description of the issue",
            "question": [
              {
                "linkId": "string",
                "text": "value",
                "type": "string",
                "required": true
              }
            ]
          },
          {
            "linkId": "OperationOutcome.issue.location",
            "text": "XPath of element(s) related to issue",
            "repeats": true,
            "question": [
              {
                "linkId": "string",
                "text": "value",
                "type": "string",
                "required": true
              }
            ]
          }
        ]
      }
    ]
  }
}