{
  "resourceType": "OperationDefinition",
  "text": {
    "status": "generated",
    "div": "<div><h2>Populate Questionnaire</h2><p>Operation: questionnaire</p><div><p>Generates a <a href=\"Questionnaire\">Questionnaire</a> instance  based on a specified <a href=\"Profile\">Profile</a>, creating questions for each core or extension element found in the profile.<br/></p>\n<p>If the operation is not called at the instance level, one of the <em>identifier</em>, <em>profile</em> or <em>url</em> 'in' parameters must be provided.  (If called at the instance level, these parameters will be ignored.  If more than one is specified, servers may raise an error or may resolve with the parameter of their choice.)</p>\n<p>The response will contain a <a href=\"Questionnaire\">Questionnaire</a> instance based on the specified <a href=\"Profile\">Profile</a> and/or an <a href=\"OperationOutcome\">OperationOutcome</a> resource with errors or warnings.</p>\n<p>Nested groups are used to handle complex structures and data types.  If the 'supportedOnly' parameter is set to true, only those elements marked as &quot;must support&quot; will be included.</p>\n<p>This operation is intended to enable auto-generation of simple interfaces for arbitrary profiles.  The 'questionnaire' approach to data entry has limitations that will make it less optimal than custom-defined interfaces.  However, this function may be useful for simple applications or for systems that wish to support &quot;non-core&quot; resources with minimal development effort.</p>\n</div><p>URL: [base]/Profile/$questionnaire</p><p>URL: [base]/Profile/[id]/$questionnaire</p><p>Parameters</p><table class=\"grid\"><tr><td><b>Name</b></td><td><b>Use</b></td><td><b>Cardinality</b></td><td><b>Type</b></td><td><b>Documentation</b></td></tr><tr><td>identifier</td><td>in</td><td>0..1</td><td>uri</td><td><div><p>A logical profile identifier (i.e. 'Profile.identifier''). The server must know the profile or be able to retrieve it from other known repositories.</p>\n</div></td></tr><tr><td>profile</td><td>in</td><td>0..1</td><td>token</td><td><div><p>The <a href=\"Profile\">Profile</a> is provided directly as part of the request. Servers may choose not to accept profiles in this fashion</p>\n</div></td></tr><tr><td>url</td><td>in</td><td>0..1</td><td>uri</td><td><div><p>The profile's official url (i.e. 'Profile.url'). The server must know the profile or be able to retrieve it from other known repositories.</p>\n</div></td></tr><tr><td>supportedOnly</td><td>in</td><td>0..1</td><td>boolean</td><td><div><p>If true, the questionnaire will only include those elements marked as &quot;mustSupport='true'&quot; in the profile.</p>\n</div></td></tr><tr><td>answers</td><td>out</td><td>1..1</td><td>Questionnaire</td><td><div><p>The questionnaire form generated based on the profile.</p>\n</div></td></tr></table><div><p><strong>Open Issue</strong>: Ideally, extensions should be populated in the generated <a href=\"Questionnaire\">Questionnaire</a> that will support taking <a href=\"QuestionnaireAnswers\">QuestionnaireAnswers</a> resources generated from the Questionnaire and turning them back into the appropriate resources.</p>\n</div></div>"
  },
  "title": "Populate Questionnaire",
  "publisher": "HL7 (FHIR Project)",
  "telecom": [
    {
      "system": "url",
      "value": "http://hl7.org/fhir"
    },
    {
      "system": "email",
      "value": "fhir@lists.hl7.org"
    }
  ],
  "description": "Generates a [[[Questionnaire]]] instance  based on a specified [[[Profile]]], creating questions for each core or extension element found in the profile.  \n\nIf the operation is not called at the instance level, one of the *identifier*, *profile* or *url* 'in' parameters must be provided.  (If called at the instance level, these parameters will be ignored.  If more than one is specified, servers may raise an error or may resolve with the parameter of their choice.)\n\nThe response will contain a [[[Questionnaire]]] instance based on the specified [[[Profile]]] and/or an [[[OperationOutcome]]] resource with errors or warnings.\n\nNested groups are used to handle complex structures and data types.  If the 'supportedOnly' parameter is set to true, only those elements marked as \"must support\" will be included.\n\nThis operation is intended to enable auto-generation of simple interfaces for arbitrary profiles.  The 'questionnaire' approach to data entry has limitations that will make it less optimal than custom-defined interfaces.  However, this function may be useful for simple applications or for systems that wish to support \"non-core\" resources with minimal development effort.",
  "status": "draft",
  "date": "2014-08-09T07:35:26.985+10:00",
  "kind": "operation",
  "name": "questionnaire",
  "notes": "**Open Issue**: Ideally, extensions should be populated in the generated [[[Questionnaire]]] that will support taking [[[QuestionnaireAnswers]]] resources generated from the Questionnaire and turning them back into the appropriate resources.",
  "system": false,
  "type": [
    "Profile"
  ],
  "instance": true,
  "parameter": [
    {
      "name": "identifier",
      "use": "in",
      "min": 0,
      "max": "1",
      "documentation": "A logical profile identifier (i.e. 'Profile.identifier''). The server must know the profile or be able to retrieve it from other known repositories.",
      "type": {
        "system": "http://hl7.org/fhir/vs/defined-types",
        "code": "uri"
      }
    },
    {
      "name": "profile",
      "use": "in",
      "min": 0,
      "max": "1",
      "documentation": "The [[[Profile]]] is provided directly as part of the request. Servers may choose not to accept profiles in this fashion",
      "type": {
        "system": "http://hl7.org/fhir/vs/defined-types",
        "code": "token"
      }
    },
    {
      "name": "url",
      "use": "in",
      "min": 0,
      "max": "1",
      "documentation": "The profile's official url (i.e. 'Profile.url'). The server must know the profile or be able to retrieve it from other known repositories.",
      "type": {
        "system": "http://hl7.org/fhir/vs/defined-types",
        "code": "uri"
      }
    },
    {
      "name": "supportedOnly",
      "use": "in",
      "min": 0,
      "max": "1",
      "documentation": "If true, the questionnaire will only include those elements marked as \"mustSupport='true'\" in the profile.",
      "type": {
        "system": "http://hl7.org/fhir/vs/defined-types",
        "code": "boolean"
      }
    },
    {
      "name": "answers",
      "use": "out",
      "min": 1,
      "max": "1",
      "documentation": "The questionnaire form generated based on the profile.",
      "type": {
        "system": "http://hl7.org/fhir/vs/defined-types",
        "code": "Questionnaire"
      }
    }
  ]
}