{
  "resourceType": "Questionnaire",
  "text": {
    "status": "generated",
    "div": "<div><p><b>Generated Narrative with Details</b></p><p><b>status</b>: draft</p><p><b>date</b>: 9-Aug 2014 7:35</p><p><b>publisher</b>: HL7 FHIR Standard</p><blockquote><p><b>group</b></p><p><b>linkId</b>: Order</p><p><b>title</b>: A request to perform an action</p><p><b>text</b>: A request to perform an action.</p><p><b>required</b>: true</p><blockquote><p><b>group</b></p></blockquote><blockquote><p><b>group</b></p></blockquote><blockquote><p><b>group</b></p></blockquote><blockquote><p><b>group</b></p></blockquote><blockquote><p><b>group</b></p></blockquote><blockquote><p><b>group</b></p></blockquote><blockquote><p><b>group</b></p></blockquote><blockquote><p><b>group</b></p></blockquote><blockquote><p><b>group</b></p></blockquote></blockquote></div>"
  },
  "status": "draft",
  "date": "2014-08-09T07:35:26.985+10:00",
  "publisher": "HL7 FHIR Standard",
  "group": {
    "linkId": "Order",
    "title": "A request to perform an action",
    "text": "A request to perform an action.",
    "required": true,
    "group": [
      {
        "linkId": "Order.identifier",
        "text": "Identifiers assigned to this order by the orderer or by the receiver",
        "repeats": true,
        "question": [
          {
            "linkId": "label",
            "text": "label:",
            "type": "string",
            "required": true
          },
          {
            "linkId": "system",
            "text": "system:",
            "type": "string",
            "required": true
          },
          {
            "linkId": "value",
            "text": "value:",
            "type": "string",
            "required": true
          }
        ]
      },
      {
        "linkId": "Order.date",
        "text": "When the order was made",
        "question": [
          {
            "linkId": "dateTime",
            "text": "date/time:",
            "type": "dateTime",
            "required": true
          }
        ]
      },
      {
        "linkId": "Order.subject",
        "text": "Patient this order is about",
        "question": [
          {
            "linkId": "reference",
            "text": "url:",
            "type": "string",
            "required": true
          }
        ]
      },
      {
        "linkId": "Order.source",
        "text": "Who initiated the order",
        "question": [
          {
            "linkId": "reference",
            "text": "url:",
            "type": "string",
            "required": true
          }
        ]
      },
      {
        "linkId": "Order.target",
        "text": "Who is intended to fulfill the order"
      },
      {
        "linkId": "Order.reason[x]",
        "text": "Text - why the order was made"
      },
      {
        "linkId": "Order.authority",
        "text": "If required by policy",
        "question": [
          {
            "linkId": "reference",
            "text": "url:",
            "type": "string",
            "required": true
          }
        ]
      },
      {
        "linkId": "Order.when",
        "title": "When order should be fulfilled",
        "text": "When order should be fulfilled.",
        "group": [
          {
            "linkId": "Order.when.code",
            "text": "Code specifies when request should be done. The code may simply be a priority code",
            "question": [
              {
                "linkId": "text",
                "text": "text:",
                "type": "string",
                "required": true
              },
              {
                "linkId": "coding",
                "text": "code:",
                "type": "open-choice",
                "required": true,
                "repeats": true
              }
            ]
          },
          {
            "linkId": "Order.when.schedule",
            "text": "A formal schedule"
          }
        ]
      },
      {
        "linkId": "Order.detail",
        "text": "What action is being ordered",
        "required": true,
        "repeats": true,
        "question": [
          {
            "linkId": "reference",
            "text": "url:",
            "type": "string",
            "required": true
          }
        ]
      }
    ]
  }
}