{"resourceType":"Organization","text":{"status":"generated","div":"<div>\n      <p>\n        <b>Generated Narrative with Details</b>\n      </p>\n      <p>\n        <b>identifier</b>: 91654 (official), 17-0112278 (usual)\n      </p>\n      <p>\n        <b>name</b>: Burgers University Medical Center\n      </p>\n      <p>\n        <b>type</b>: University Medical Hospital \n        <span style=\"background: LightGoldenRodYellow \">(Details : {urn:oid:2.16.840.1.113883.2.4.15.1060 code 'V6' = 'V6', given as 'University Medical Hospital'}; {http://hl7.org/fhir/organization-type code 'prov' = 'Healthcare Provider', given as 'Healthcare Provider'})</span>\n      </p>\n      <p>\n        <b>telecom</b>: ph: 022-655 2300(work)\n      </p>\n      <p>\n        <b>address</b>: \n      </p>\n      <ul>\n        <li>Galapagosweg 91 Den Burg 9105 PZ NLD (work)</li>\n        <li>PO Box 2311 Den Burg 9100 AA NLD (work)</li>\n      </ul>\n      <blockquote>\n        <p>\n          <b>contact</b>\n        </p>\n        <p>\n          <b>purpose</b>: Press \n          <span style=\"background: LightGoldenRodYellow \">(Details : {http://hl7.org/fhir/contactentity-type code 'PRESS' = 'Press', given as 'null'})</span>\n        </p>\n        <p>\n          <b>telecom</b>: ph: 022-655 2334\n        </p>\n      </blockquote>\n      <blockquote>\n        <p>\n          <b>contact</b>\n        </p>\n        <p>\n          <b>purpose</b>: Patient \n          <span style=\"background: LightGoldenRodYellow \">(Details : {http://hl7.org/fhir/contactentity-type code 'PATINF' = 'Patient', given as 'null'})</span>\n        </p>\n        <p>\n          <b>telecom</b>: ph: 022-655 2335\n        </p>\n      </blockquote>\n    </div>"},"identifier":[{"use":"official","system":"urn:oid:2.16.528.1","value":"91654"},{"use":"usual","system":"urn:oid:2.16.840.1.113883.2.4.6.1","value":"17-0112278"}],"name":"Burgers University Medical Center","type":{"coding":[{"system":"urn:oid:2.16.840.1.113883.2.4.15.1060","code":"V6","display":"University Medical Hospital"},{"system":"http://hl7.org/fhir/organization-type","code":"prov","display":"Healthcare Provider"}]},"telecom":[{"system":"phone","value":"022-655 2300","use":"work"}],"address":[{"use":"work","line":["Galapagosweg 91"],"city":"Den Burg","zip":"9105 PZ","country":"NLD"},{"use":"work","line":["PO Box 2311"],"city":"Den Burg","zip":"9100 AA","country":"NLD"}],"contact":[{"purpose":{"coding":[{"system":"http://hl7.org/fhir/contactentity-type","code":"PRESS"}]},"telecom":[{"system":"phone","value":"022-655 2334"}]},{"purpose":{"coding":[{"system":"http://hl7.org/fhir/contactentity-type","code":"PATINF"}]},"telecom":[{"system":"phone","value":"022-655 2335"}]}]}