{
  "resourceType": "Questionnaire",
  "text": {
    "status": "generated",
    "div": "<div><p><b>Generated Narrative with Details</b></p><p><b>status</b>: draft</p><p><b>date</b>: 9-Aug 2014 7:35</p><p><b>publisher</b>: HL7 FHIR Standard</p><blockquote><p><b>group</b></p><p><b>linkId</b>: Other</p><p><b>title</b>: Resource for non-supported content</p><p><b>text</b>: Other is a conformant for handling resource concepts not yet defined for FHIR or outside HL7's scope of interest.</p><p><b>required</b>: true</p><blockquote><p><b>group</b></p></blockquote><blockquote><p><b>group</b></p></blockquote><blockquote><p><b>group</b></p></blockquote><blockquote><p><b>group</b></p></blockquote><blockquote><p><b>group</b></p></blockquote></blockquote></div>"
  },
  "status": "draft",
  "date": "2014-08-09T07:35:26.985+10:00",
  "publisher": "HL7 FHIR Standard",
  "group": {
    "linkId": "Other",
    "title": "Resource for non-supported content",
    "text": "Other is a conformant for handling resource concepts not yet defined for FHIR or outside HL7's scope of interest.",
    "required": true,
    "group": [
      {
        "linkId": "Other.identifier",
        "text": "Business identifier",
        "repeats": true,
        "question": [
          {
            "linkId": "label",
            "text": "label:",
            "type": "string",
            "required": true
          },
          {
            "linkId": "system",
            "text": "system:",
            "type": "string",
            "required": true
          },
          {
            "linkId": "value",
            "text": "value:",
            "type": "string",
            "required": true
          }
        ]
      },
      {
        "linkId": "Other.code",
        "text": "Kind of Resource",
        "required": true,
        "question": [
          {
            "linkId": "text",
            "text": "text:",
            "type": "string",
            "required": true
          },
          {
            "linkId": "coding",
            "text": "code:",
            "type": "open-choice",
            "required": true,
            "repeats": true,
            "options": {
              "reference": "http://hl7.org/fhir/vs/other-resource-type"
            }
          }
        ]
      },
      {
        "linkId": "Other.subject",
        "text": "Identifies the",
        "question": [
          {
            "linkId": "reference",
            "text": "url:",
            "type": "string",
            "required": true
          }
        ]
      },
      {
        "linkId": "Other.author",
        "text": "Who created"
      },
      {
        "linkId": "Other.created",
        "text": "When created",
        "question": [
          {
            "linkId": "dateTime",
            "text": "date/time:",
            "type": "dateTime",
            "required": true
          }
        ]
      }
    ]
  }
}