{
  "resourceType": "Questionnaire",
  "text": {
    "status": "generated",
    "div": "<div><p><b>Generated Narrative with Details</b></p><p><b>status</b>: draft</p><p><b>date</b>: 9-Aug 2014 7:35</p><p><b>publisher</b>: HL7 FHIR Standard</p><blockquote><p><b>group</b></p><p><b>linkId</b>: Patient</p><p><b>title</b>: Information about a person or animal receiving health care services</p><p><b>text</b>: Demographics and other administrative information about a person or animal receiving care or other health-related services.</p><p><b>required</b>: true</p><blockquote><p><b>group</b></p></blockquote><blockquote><p><b>group</b></p></blockquote><blockquote><p><b>group</b></p></blockquote><blockquote><p><b>group</b></p></blockquote><blockquote><p><b>group</b></p></blockquote><blockquote><p><b>group</b></p></blockquote><blockquote><p><b>group</b></p></blockquote><blockquote><p><b>group</b></p></blockquote><blockquote><p><b>group</b></p></blockquote><blockquote><p><b>group</b></p></blockquote><blockquote><p><b>group</b></p></blockquote><blockquote><p><b>group</b></p></blockquote><blockquote><p><b>group</b></p></blockquote><blockquote><p><b>group</b></p></blockquote><blockquote><p><b>group</b></p></blockquote><blockquote><p><b>group</b></p></blockquote><blockquote><p><b>group</b></p></blockquote></blockquote></div>"
  },
  "status": "draft",
  "date": "2014-08-09T07:35:26.985+10:00",
  "publisher": "HL7 FHIR Standard",
  "group": {
    "linkId": "Patient",
    "title": "Information about a person or animal receiving health care services",
    "text": "Demographics and other administrative information about a person or animal receiving care or other health-related services.",
    "required": true,
    "group": [
      {
        "linkId": "Patient.identifier",
        "text": "An identifier for the person as this patient",
        "repeats": true,
        "question": [
          {
            "linkId": "label",
            "text": "label:",
            "type": "string",
            "required": true
          },
          {
            "linkId": "system",
            "text": "system:",
            "type": "string",
            "required": true
          },
          {
            "linkId": "value",
            "text": "value:",
            "type": "string",
            "required": true
          }
        ]
      },
      {
        "linkId": "Patient.name",
        "text": "A name associated with the patient",
        "repeats": true,
        "question": [
          {
            "linkId": "text",
            "text": "text:",
            "type": "string",
            "required": true
          },
          {
            "linkId": "family",
            "text": "family:",
            "type": "string",
            "required": true,
            "repeats": true
          },
          {
            "linkId": "given",
            "text": "given:",
            "type": "string",
            "required": true,
            "repeats": true
          }
        ]
      },
      {
        "linkId": "Patient.telecom",
        "text": "A contact detail for the individual",
        "repeats": true,
        "question": [
          {
            "linkId": "type",
            "text": "type:",
            "type": "choice",
            "required": true,
            "options": {
              "reference": "http://hl7.org/fhir/vs/contact-system"
            }
          },
          {
            "linkId": "value",
            "text": "value:",
            "type": "string",
            "required": true
          }
        ]
      },
      {
        "linkId": "Patient.gender",
        "text": "Gender for administrative purposes",
        "question": [
          {
            "linkId": "text",
            "text": "text:",
            "type": "string",
            "required": true
          },
          {
            "linkId": "coding",
            "text": "code:",
            "type": "open-choice",
            "required": true,
            "repeats": true,
            "options": {
              "reference": "http://hl7.org/fhir/vs/administrative-gender"
            }
          }
        ]
      },
      {
        "linkId": "Patient.birthDate",
        "text": "The date and time of birth for the individual",
        "question": [
          {
            "linkId": "dateTime",
            "text": "date/time:",
            "type": "dateTime",
            "required": true
          }
        ]
      },
      {
        "linkId": "Patient.deceased[x]",
        "text": "Indicates if the individual is deceased or not"
      },
      {
        "linkId": "Patient.address",
        "text": "Addresses for the individual",
        "repeats": true,
        "question": [
          {
            "linkId": "text",
            "text": "text:",
            "type": "string",
            "required": true
          },
          {
            "linkId": "line",
            "text": "line:",
            "type": "string",
            "required": true,
            "repeats": true
          },
          {
            "linkId": "city",
            "text": "city:",
            "type": "string",
            "required": true
          },
          {
            "linkId": "state",
            "text": "state:",
            "type": "string",
            "required": true
          },
          {
            "linkId": "zip",
            "text": "zip:",
            "type": "string",
            "required": true
          },
          {
            "linkId": "country",
            "text": "country:",
            "type": "string",
            "required": true
          }
        ]
      },
      {
        "linkId": "Patient.maritalStatus",
        "text": "Marital (civil) status of a person",
        "question": [
          {
            "linkId": "text",
            "text": "text:",
            "type": "string",
            "required": true
          },
          {
            "linkId": "coding",
            "text": "code:",
            "type": "open-choice",
            "required": true,
            "repeats": true,
            "options": {
              "reference": "http://hl7.org/fhir/vs/marital-status"
            }
          }
        ]
      },
      {
        "linkId": "Patient.multipleBirth[x]",
        "text": "Whether patient is part of a multiple birth"
      },
      {
        "linkId": "Patient.photo",
        "text": "Image of the person",
        "repeats": true
      },
      {
        "linkId": "Patient.contact",
        "title": "A contact party (e.g. guardian, partner, friend) for the patient",
        "text": "A contact party (e.g. guardian, partner, friend) for the patient.",
        "repeats": true,
        "group": [
          {
            "linkId": "Patient.contact.relationship",
            "text": "The kind of relationship",
            "repeats": true,
            "question": [
              {
                "linkId": "text",
                "text": "text:",
                "type": "string",
                "required": true
              },
              {
                "linkId": "coding",
                "text": "code:",
                "type": "open-choice",
                "required": true,
                "repeats": true,
                "options": {
                  "reference": "http://hl7.org/fhir/vs/patient-contact-relationship"
                }
              }
            ]
          },
          {
            "linkId": "Patient.contact.name",
            "text": "A name associated with the person",
            "question": [
              {
                "linkId": "text",
                "text": "text:",
                "type": "string",
                "required": true
              },
              {
                "linkId": "family",
                "text": "family:",
                "type": "string",
                "required": true,
                "repeats": true
              },
              {
                "linkId": "given",
                "text": "given:",
                "type": "string",
                "required": true,
                "repeats": true
              }
            ]
          },
          {
            "linkId": "Patient.contact.telecom",
            "text": "A contact detail for the person",
            "repeats": true,
            "question": [
              {
                "linkId": "type",
                "text": "type:",
                "type": "choice",
                "required": true,
                "options": {
                  "reference": "http://hl7.org/fhir/vs/contact-system"
                }
              },
              {
                "linkId": "value",
                "text": "value:",
                "type": "string",
                "required": true
              }
            ]
          },
          {
            "linkId": "Patient.contact.address",
            "text": "Address for the contact person",
            "question": [
              {
                "linkId": "text",
                "text": "text:",
                "type": "string",
                "required": true
              },
              {
                "linkId": "line",
                "text": "line:",
                "type": "string",
                "required": true,
                "repeats": true
              },
              {
                "linkId": "city",
                "text": "city:",
                "type": "string",
                "required": true
              },
              {
                "linkId": "state",
                "text": "state:",
                "type": "string",
                "required": true
              },
              {
                "linkId": "zip",
                "text": "zip:",
                "type": "string",
                "required": true
              },
              {
                "linkId": "country",
                "text": "country:",
                "type": "string",
                "required": true
              }
            ]
          },
          {
            "linkId": "Patient.contact.gender",
            "text": "Gender for administrative purposes",
            "question": [
              {
                "linkId": "text",
                "text": "text:",
                "type": "string",
                "required": true
              },
              {
                "linkId": "coding",
                "text": "code:",
                "type": "open-choice",
                "required": true,
                "repeats": true,
                "options": {
                  "reference": "http://hl7.org/fhir/vs/administrative-gender"
                }
              }
            ]
          },
          {
            "linkId": "Patient.contact.organization",
            "text": "Organization that is associated with the contact",
            "question": [
              {
                "linkId": "reference",
                "text": "url:",
                "type": "string",
                "required": true
              }
            ]
          }
        ]
      },
      {
        "linkId": "Patient.animal",
        "title": "If this patient is an animal (non-human)",
        "text": "This element has a value if the patient is an animal.",
        "group": [
          {
            "linkId": "Patient.animal.species",
            "text": "E.g. Dog, Cow",
            "required": true,
            "question": [
              {
                "linkId": "text",
                "text": "text:",
                "type": "string",
                "required": true
              },
              {
                "linkId": "coding",
                "text": "code:",
                "type": "open-choice",
                "required": true,
                "repeats": true,
                "options": {
                  "reference": "http://hl7.org/fhir/vs/animal-species"
                }
              }
            ]
          },
          {
            "linkId": "Patient.animal.breed",
            "text": "E.g. Poodle, Angus",
            "question": [
              {
                "linkId": "text",
                "text": "text:",
                "type": "string",
                "required": true
              },
              {
                "linkId": "coding",
                "text": "code:",
                "type": "open-choice",
                "required": true,
                "repeats": true,
                "options": {
                  "reference": "http://hl7.org/fhir/vs/animal-breeds"
                }
              }
            ]
          },
          {
            "linkId": "Patient.animal.genderStatus",
            "text": "E.g. Neutered, Intact",
            "question": [
              {
                "linkId": "text",
                "text": "text:",
                "type": "string",
                "required": true
              },
              {
                "linkId": "coding",
                "text": "code:",
                "type": "open-choice",
                "required": true,
                "repeats": true,
                "options": {
                  "reference": "http://hl7.org/fhir/vs/animal-genderstatus"
                }
              }
            ]
          }
        ]
      },
      {
        "linkId": "Patient.communication",
        "text": "Languages which may be used to communicate with the patient about his or her health",
        "repeats": true,
        "question": [
          {
            "linkId": "text",
            "text": "text:",
            "type": "string",
            "required": true
          },
          {
            "linkId": "coding",
            "text": "code:",
            "type": "open-choice",
            "required": true,
            "repeats": true
          }
        ]
      },
      {
        "linkId": "Patient.careProvider",
        "text": "Patient's nominated care provider",
        "repeats": true
      },
      {
        "linkId": "Patient.managingOrganization",
        "text": "Organization that is the custodian of the patient record",
        "question": [
          {
            "linkId": "reference",
            "text": "url:",
            "type": "string",
            "required": true
          }
        ]
      },
      {
        "linkId": "Patient.link",
        "title": "Link to another patient resource that concerns the same actual person",
        "text": "Link to another patient resource that concerns the same actual person.",
        "repeats": true,
        "group": [
          {
            "linkId": "Patient.link.other",
            "text": "The other patient resource that the link refers to",
            "required": true,
            "question": [
              {
                "linkId": "reference",
                "text": "url:",
                "type": "string",
                "required": true
              }
            ]
          },
          {
            "linkId": "Patient.link.type",
            "text": "replace | refer | seealso - type of link",
            "required": true,
            "question": [
              {
                "linkId": "code",
                "text": "code:",
                "type": "string",
                "required": true
              }
            ]
          }
        ]
      },
      {
        "linkId": "Patient.active",
        "text": "Whether this patient's record is in active use",
        "question": [
          {
            "linkId": "boolean",
            "text": "value",
            "type": "boolean",
            "required": true
          }
        ]
      }
    ]
  }
}