{
  "resourceType": "Questionnaire",
  "text": {
    "status": "generated",
    "div": "<div><p><b>Generated Narrative with Details</b></p><p><b>status</b>: draft</p><p><b>date</b>: 9-Aug 2014 7:35</p><p><b>publisher</b>: HL7 FHIR Standard</p><blockquote><p><b>group</b></p><p><b>linkId</b>: Practitioner</p><p><b>title</b>: A person with a  formal responsibility in the provisioning of healthcare or related services</p><p><b>text</b>: A person who is directly or indirectly involved in the provisioning of healthcare.</p><p><b>required</b>: true</p><blockquote><p><b>group</b></p></blockquote><blockquote><p><b>group</b></p></blockquote><blockquote><p><b>group</b></p></blockquote><blockquote><p><b>group</b></p></blockquote><blockquote><p><b>group</b></p></blockquote><blockquote><p><b>group</b></p></blockquote><blockquote><p><b>group</b></p></blockquote><blockquote><p><b>group</b></p></blockquote><blockquote><p><b>group</b></p></blockquote><blockquote><p><b>group</b></p></blockquote><blockquote><p><b>group</b></p></blockquote><blockquote><p><b>group</b></p></blockquote><blockquote><p><b>group</b></p></blockquote><blockquote><p><b>group</b></p></blockquote></blockquote></div>"
  },
  "status": "draft",
  "date": "2014-08-09T07:35:26.985+10:00",
  "publisher": "HL7 FHIR Standard",
  "group": {
    "linkId": "Practitioner",
    "title": "A person with a  formal responsibility in the provisioning of healthcare or related services",
    "text": "A person who is directly or indirectly involved in the provisioning of healthcare.",
    "required": true,
    "group": [
      {
        "linkId": "Practitioner.identifier",
        "text": "A identifier for the person as this agent",
        "repeats": true,
        "question": [
          {
            "linkId": "label",
            "text": "label:",
            "type": "string",
            "required": true
          },
          {
            "linkId": "system",
            "text": "system:",
            "type": "string",
            "required": true
          },
          {
            "linkId": "value",
            "text": "value:",
            "type": "string",
            "required": true
          }
        ]
      },
      {
        "linkId": "Practitioner.name",
        "text": "A name associated with the person",
        "question": [
          {
            "linkId": "text",
            "text": "text:",
            "type": "string",
            "required": true
          },
          {
            "linkId": "family",
            "text": "family:",
            "type": "string",
            "required": true,
            "repeats": true
          },
          {
            "linkId": "given",
            "text": "given:",
            "type": "string",
            "required": true,
            "repeats": true
          }
        ]
      },
      {
        "linkId": "Practitioner.telecom",
        "text": "A contact detail for the practitioner",
        "repeats": true,
        "question": [
          {
            "linkId": "type",
            "text": "type:",
            "type": "choice",
            "required": true,
            "options": {
              "reference": "http://hl7.org/fhir/vs/contact-system"
            }
          },
          {
            "linkId": "value",
            "text": "value:",
            "type": "string",
            "required": true
          }
        ]
      },
      {
        "linkId": "Practitioner.address",
        "text": "Where practitioner can be found/visited",
        "repeats": true,
        "question": [
          {
            "linkId": "text",
            "text": "text:",
            "type": "string",
            "required": true
          },
          {
            "linkId": "line",
            "text": "line:",
            "type": "string",
            "required": true,
            "repeats": true
          },
          {
            "linkId": "city",
            "text": "city:",
            "type": "string",
            "required": true
          },
          {
            "linkId": "state",
            "text": "state:",
            "type": "string",
            "required": true
          },
          {
            "linkId": "zip",
            "text": "zip:",
            "type": "string",
            "required": true
          },
          {
            "linkId": "country",
            "text": "country:",
            "type": "string",
            "required": true
          }
        ]
      },
      {
        "linkId": "Practitioner.gender",
        "text": "Gender for administrative purposes",
        "question": [
          {
            "linkId": "text",
            "text": "text:",
            "type": "string",
            "required": true
          },
          {
            "linkId": "coding",
            "text": "code:",
            "type": "open-choice",
            "required": true,
            "repeats": true,
            "options": {
              "reference": "http://hl7.org/fhir/vs/administrative-gender"
            }
          }
        ]
      },
      {
        "linkId": "Practitioner.birthDate",
        "text": "The date and time of birth for the practitioner",
        "question": [
          {
            "linkId": "dateTime",
            "text": "date/time:",
            "type": "dateTime",
            "required": true
          }
        ]
      },
      {
        "linkId": "Practitioner.photo",
        "text": "Image of the person",
        "repeats": true
      },
      {
        "linkId": "Practitioner.organization",
        "text": "The represented organization",
        "question": [
          {
            "linkId": "reference",
            "text": "url:",
            "type": "string",
            "required": true
          }
        ]
      },
      {
        "linkId": "Practitioner.role",
        "text": "Roles which this practitioner may perform",
        "repeats": true,
        "question": [
          {
            "linkId": "text",
            "text": "text:",
            "type": "string",
            "required": true
          },
          {
            "linkId": "coding",
            "text": "code:",
            "type": "open-choice",
            "required": true,
            "repeats": true,
            "options": {
              "reference": "http://hl7.org/fhir/vs/practitioner-role"
            }
          }
        ]
      },
      {
        "linkId": "Practitioner.specialty",
        "text": "Specific specialty of the practitioner",
        "repeats": true,
        "question": [
          {
            "linkId": "text",
            "text": "text:",
            "type": "string",
            "required": true
          },
          {
            "linkId": "coding",
            "text": "code:",
            "type": "open-choice",
            "required": true,
            "repeats": true,
            "options": {
              "reference": "http://hl7.org/fhir/vs/practitioner-specialty"
            }
          }
        ]
      },
      {
        "linkId": "Practitioner.period",
        "text": "The period during which the practitioner is authorized to perform in these role(s)",
        "question": [
          {
            "linkId": "low",
            "text": "start:",
            "type": "dateTime",
            "required": true
          },
          {
            "linkId": "end",
            "text": "end:",
            "type": "dateTime",
            "required": true
          }
        ]
      },
      {
        "linkId": "Practitioner.location",
        "text": "The location(s) at which this practitioner provides care",
        "repeats": true,
        "question": [
          {
            "linkId": "reference",
            "text": "url:",
            "type": "string",
            "required": true
          }
        ]
      },
      {
        "linkId": "Practitioner.qualification",
        "title": "Qualifications obtained by training and certification",
        "text": "Qualifications obtained by training and certification.",
        "repeats": true,
        "group": [
          {
            "linkId": "Practitioner.qualification.identifier",
            "text": "An identifier for this qualification for the practitioner",
            "repeats": true,
            "question": [
              {
                "linkId": "label",
                "text": "label:",
                "type": "string",
                "required": true
              },
              {
                "linkId": "system",
                "text": "system:",
                "type": "string",
                "required": true
              },
              {
                "linkId": "value",
                "text": "value:",
                "type": "string",
                "required": true
              }
            ]
          },
          {
            "linkId": "Practitioner.qualification.code",
            "text": "Coded representation of the qualification",
            "required": true,
            "question": [
              {
                "linkId": "text",
                "text": "text:",
                "type": "string",
                "required": true
              },
              {
                "linkId": "coding",
                "text": "code:",
                "type": "open-choice",
                "required": true,
                "repeats": true,
                "options": {
                  "reference": "http://hl7.org/fhir/vs/anzsco-occupations"
                }
              }
            ]
          },
          {
            "linkId": "Practitioner.qualification.period",
            "text": "Period during which the qualification is valid",
            "question": [
              {
                "linkId": "low",
                "text": "start:",
                "type": "dateTime",
                "required": true
              },
              {
                "linkId": "end",
                "text": "end:",
                "type": "dateTime",
                "required": true
              }
            ]
          },
          {
            "linkId": "Practitioner.qualification.issuer",
            "text": "Organization that regulates and issues the qualification",
            "question": [
              {
                "linkId": "reference",
                "text": "url:",
                "type": "string",
                "required": true
              }
            ]
          }
        ]
      },
      {
        "linkId": "Practitioner.communication",
        "text": "A language the practitioner is able to use in patient communication",
        "repeats": true,
        "question": [
          {
            "linkId": "text",
            "text": "text:",
            "type": "string",
            "required": true
          },
          {
            "linkId": "coding",
            "text": "code:",
            "type": "open-choice",
            "required": true,
            "repeats": true
          }
        ]
      }
    ]
  }
}