{
  "resourceType": "Questionnaire",
  "text": {
    "status": "generated",
    "div": "<div><p><b>Generated Narrative with Details</b></p><p><b>status</b>: draft</p><p><b>date</b>: 9-Aug 2014 7:35</p><p><b>publisher</b>: HL7 FHIR Standard</p><blockquote><p><b>group</b></p><p><b>linkId</b>: Profile</p><p><b>title</b>: Resource Profile</p><p><b>text</b>: A Resource Profile - a statement of use of one or more FHIR Resources.  It may include constraints on Resources and Data Types, Terminology Binding Statements and Extension Definitions.</p><p><b>required</b>: true</p><blockquote><p><b>group</b></p></blockquote><blockquote><p><b>group</b></p></blockquote><blockquote><p><b>group</b></p></blockquote><blockquote><p><b>group</b></p></blockquote><blockquote><p><b>group</b></p></blockquote><blockquote><p><b>group</b></p></blockquote><blockquote><p><b>group</b></p></blockquote><blockquote><p><b>group</b></p></blockquote><blockquote><p><b>group</b></p></blockquote><blockquote><p><b>group</b></p></blockquote><blockquote><p><b>group</b></p></blockquote><blockquote><p><b>group</b></p></blockquote><blockquote><p><b>group</b></p></blockquote><blockquote><p><b>group</b></p></blockquote><blockquote><p><b>group</b></p></blockquote><blockquote><p><b>group</b></p></blockquote></blockquote></div>"
  },
  "status": "draft",
  "date": "2014-08-09T07:35:26.985+10:00",
  "publisher": "HL7 FHIR Standard",
  "group": {
    "linkId": "Profile",
    "title": "Resource Profile",
    "text": "A Resource Profile - a statement of use of one or more FHIR Resources.  It may include constraints on Resources and Data Types, Terminology Binding Statements and Extension Definitions.",
    "required": true,
    "group": [
      {
        "linkId": "Profile.url",
        "text": "Literal URL used to reference this profile",
        "required": true,
        "question": [
          {
            "linkId": "string",
            "text": "url:",
            "type": "string",
            "required": true
          }
        ]
      },
      {
        "linkId": "Profile.identifier",
        "text": "Other identifiers for the profile",
        "repeats": true,
        "question": [
          {
            "linkId": "label",
            "text": "label:",
            "type": "string",
            "required": true
          },
          {
            "linkId": "system",
            "text": "system:",
            "type": "string",
            "required": true
          },
          {
            "linkId": "value",
            "text": "value:",
            "type": "string",
            "required": true
          }
        ]
      },
      {
        "linkId": "Profile.version",
        "text": "Logical id for this version of the profile",
        "question": [
          {
            "linkId": "string",
            "text": "value",
            "type": "string",
            "required": true
          }
        ]
      },
      {
        "linkId": "Profile.name",
        "text": "Informal name for this profile",
        "required": true,
        "question": [
          {
            "linkId": "string",
            "text": "value",
            "type": "string",
            "required": true
          }
        ]
      },
      {
        "linkId": "Profile.publisher",
        "text": "Name of the publisher (Organization or individual)",
        "question": [
          {
            "linkId": "string",
            "text": "value",
            "type": "string",
            "required": true
          }
        ]
      },
      {
        "linkId": "Profile.telecom",
        "text": "Contact information of the publisher",
        "repeats": true,
        "question": [
          {
            "linkId": "type",
            "text": "type:",
            "type": "choice",
            "required": true,
            "options": {
              "reference": "http://hl7.org/fhir/vs/contact-system"
            }
          },
          {
            "linkId": "value",
            "text": "value:",
            "type": "string",
            "required": true
          }
        ]
      },
      {
        "linkId": "Profile.description",
        "text": "Natural language description of the profile",
        "question": [
          {
            "linkId": "string",
            "text": "value",
            "type": "string",
            "required": true
          }
        ]
      },
      {
        "linkId": "Profile.code",
        "text": "Assist with indexing and finding",
        "repeats": true,
        "question": [
          {
            "linkId": "coding",
            "text": "code:",
            "type": "open-choice",
            "required": true
          }
        ]
      },
      {
        "linkId": "Profile.status",
        "text": "draft | active | retired",
        "required": true,
        "question": [
          {
            "linkId": "code",
            "text": "code:",
            "type": "string",
            "required": true
          }
        ]
      },
      {
        "linkId": "Profile.experimental",
        "text": "If for testing purposes, not real usage",
        "question": [
          {
            "linkId": "boolean",
            "text": "value",
            "type": "boolean",
            "required": true
          }
        ]
      },
      {
        "linkId": "Profile.date",
        "text": "Date for this version of the profile",
        "question": [
          {
            "linkId": "dateTime",
            "text": "date/time:",
            "type": "dateTime",
            "required": true
          }
        ]
      },
      {
        "linkId": "Profile.requirements",
        "text": "Scope and Usage this profile is for",
        "question": [
          {
            "linkId": "string",
            "text": "value",
            "type": "string",
            "required": true
          }
        ]
      },
      {
        "linkId": "Profile.fhirVersion",
        "text": "FHIR Version this profile targets",
        "question": [
          {
            "linkId": "string",
            "text": "value",
            "type": "string",
            "required": true
          }
        ]
      },
      {
        "linkId": "Profile.mapping",
        "title": "External specification that the content is mapped to",
        "text": "An external specification that the content is mapped to.",
        "repeats": true,
        "group": [
          {
            "linkId": "Profile.mapping.identity",
            "text": "Internal id when this mapping is used",
            "required": true,
            "question": [
              {
                "linkId": "string",
                "text": "value",
                "type": "string",
                "required": true
              }
            ]
          },
          {
            "linkId": "Profile.mapping.uri",
            "text": "Identifies what this mapping refers to",
            "question": [
              {
                "linkId": "string",
                "text": "url:",
                "type": "string",
                "required": true
              }
            ]
          },
          {
            "linkId": "Profile.mapping.name",
            "text": "Names what this mapping refers to",
            "question": [
              {
                "linkId": "string",
                "text": "value",
                "type": "string",
                "required": true
              }
            ]
          },
          {
            "linkId": "Profile.mapping.comments",
            "text": "Versions, Issues, Scope limitations etc",
            "question": [
              {
                "linkId": "string",
                "text": "value",
                "type": "string",
                "required": true
              }
            ]
          }
        ]
      },
      {
        "linkId": "Profile.structure",
        "title": "A constraint on a resource or a data type",
        "text": "A constraint statement about what contents a resource or data type may have.",
        "repeats": true,
        "group": [
          {
            "linkId": "Profile.structure.type",
            "text": "The Resource or Data Type being described",
            "required": true,
            "question": [
              {
                "linkId": "code",
                "text": "code:",
                "type": "string",
                "required": true
              }
            ]
          },
          {
            "linkId": "Profile.structure.base",
            "text": "Structure that this set of constraints applies to",
            "question": [
              {
                "linkId": "string",
                "text": "url:",
                "type": "string",
                "required": true
              }
            ]
          },
          {
            "linkId": "Profile.structure.name",
            "text": "Name for this particular structure (reference target)",
            "question": [
              {
                "linkId": "string",
                "text": "value",
                "type": "string",
                "required": true
              }
            ]
          },
          {
            "linkId": "Profile.structure.publish",
            "text": "This definition is published (i.e. for validation)",
            "question": [
              {
                "linkId": "boolean",
                "text": "value",
                "type": "boolean",
                "required": true
              }
            ]
          },
          {
            "linkId": "Profile.structure.purpose",
            "text": "Human summary: why describe this resource?",
            "question": [
              {
                "linkId": "string",
                "text": "value",
                "type": "string",
                "required": true
              }
            ]
          },
          {
            "linkId": "Profile.structure.snapshot",
            "title": "Snapshot view of the structure",
            "text": "A snapshot view is expressed in a stand alone form that can be used and interpreted without considering the base profile.",
            "group": [
              {
                "linkId": "Profile.structure.snapshot.element",
                "title": "Definition of elements in the resource (if no profile)",
                "text": "Captures constraints on each element within the resource.",
                "repeats": true,
                "group": [
                  {
                    "linkId": "Profile.structure.snapshot.element.path",
                    "text": "The path of the element (see the formal definitions)",
                    "required": true,
                    "question": [
                      {
                        "linkId": "string",
                        "text": "value",
                        "type": "string",
                        "required": true
                      }
                    ]
                  },
                  {
                    "linkId": "Profile.structure.snapshot.element.representation",
                    "text": "How this element is represented in instances",
                    "repeats": true,
                    "question": [
                      {
                        "linkId": "code",
                        "text": "code:",
                        "type": "string",
                        "required": true
                      }
                    ]
                  },
                  {
                    "linkId": "Profile.structure.snapshot.element.name",
                    "text": "Name for this particular element definition (reference target)",
                    "question": [
                      {
                        "linkId": "string",
                        "text": "value",
                        "type": "string",
                        "required": true
                      }
                    ]
                  },
                  {
                    "linkId": "Profile.structure.snapshot.element.slicing",
                    "title": "This element is sliced - slices follow",
                    "text": "Indicates that the element is sliced into a set of alternative definitions (there are multiple definitions on a single element in the base resource). The set of slices is any elements that come after this in the element sequence that have the same path, until a shorter path occurs (the shorter path terminates the set).",
                    "group": [
                      {
                        "linkId": "Profile.structure.snapshot.element.slicing.discriminator",
                        "text": "Element that used to distinguish the slices",
                        "question": [
                          {
                            "linkId": "string",
                            "text": "value",
                            "type": "string",
                            "required": true
                          }
                        ]
                      },
                      {
                        "linkId": "Profile.structure.snapshot.element.slicing.ordered",
                        "text": "If elements must be in same order as slices",
                        "question": [
                          {
                            "linkId": "boolean",
                            "text": "value",
                            "type": "boolean",
                            "required": true
                          }
                        ]
                      },
                      {
                        "linkId": "Profile.structure.snapshot.element.slicing.rules",
                        "text": "closed | open | openAtEnd",
                        "required": true,
                        "question": [
                          {
                            "linkId": "code",
                            "text": "code:",
                            "type": "string",
                            "required": true
                          }
                        ]
                      }
                    ]
                  },
                  {
                    "linkId": "Profile.structure.snapshot.element.definition",
                    "title": "More specific definition of the element",
                    "text": "Definition of the content of the element to provide a more specific definition than that contained for the element in the base resource.",
                    "group": [
                      {
                        "linkId": "Profile.structure.snapshot.element.definition.short",
                        "text": "Concise definition for xml presentation",
                        "question": [
                          {
                            "linkId": "string",
                            "text": "value",
                            "type": "string",
                            "required": true
                          }
                        ]
                      },
                      {
                        "linkId": "Profile.structure.snapshot.element.definition.formal",
                        "text": "Full formal definition in human language",
                        "question": [
                          {
                            "linkId": "string",
                            "text": "value",
                            "type": "string",
                            "required": true
                          }
                        ]
                      },
                      {
                        "linkId": "Profile.structure.snapshot.element.definition.comments",
                        "text": "Comments about the use of this element",
                        "question": [
                          {
                            "linkId": "string",
                            "text": "value",
                            "type": "string",
                            "required": true
                          }
                        ]
                      },
                      {
                        "linkId": "Profile.structure.snapshot.element.definition.requirements",
                        "text": "Why is this needed?",
                        "question": [
                          {
                            "linkId": "string",
                            "text": "value",
                            "type": "string",
                            "required": true
                          }
                        ]
                      },
                      {
                        "linkId": "Profile.structure.snapshot.element.definition.synonym",
                        "text": "Other names",
                        "repeats": true,
                        "question": [
                          {
                            "linkId": "string",
                            "text": "value",
                            "type": "string",
                            "required": true
                          }
                        ]
                      },
                      {
                        "linkId": "Profile.structure.snapshot.element.definition.min",
                        "text": "Minimum Cardinality",
                        "question": [
                          {
                            "linkId": "string",
                            "text": "value",
                            "type": "integer",
                            "required": true
                          }
                        ]
                      },
                      {
                        "linkId": "Profile.structure.snapshot.element.definition.max",
                        "text": "Maximum Cardinality (a number or *)",
                        "question": [
                          {
                            "linkId": "string",
                            "text": "value",
                            "type": "string",
                            "required": true
                          }
                        ]
                      },
                      {
                        "linkId": "Profile.structure.snapshot.element.definition.type",
                        "title": "Data type and Profile for this element",
                        "text": "The data type or resource that the value of this element is permitted to be.",
                        "repeats": true,
                        "group": [
                          {
                            "linkId": "Profile.structure.snapshot.element.definition.type.code",
                            "text": "Name of Data type or Resource",
                            "required": true,
                            "question": [
                              {
                                "linkId": "code",
                                "text": "code:",
                                "type": "string",
                                "required": true
                              }
                            ]
                          },
                          {
                            "linkId": "Profile.structure.snapshot.element.definition.type.profile",
                            "text": "Profile.structure to apply",
                            "question": [
                              {
                                "linkId": "string",
                                "text": "url:",
                                "type": "string",
                                "required": true
                              }
                            ]
                          },
                          {
                            "linkId": "Profile.structure.snapshot.element.definition.type.aggregation",
                            "text": "contained | referenced | bundled - how aggregated",
                            "repeats": true,
                            "question": [
                              {
                                "linkId": "code",
                                "text": "code:",
                                "type": "string",
                                "required": true
                              }
                            ]
                          }
                        ]
                      },
                      {
                        "linkId": "Profile.structure.snapshot.element.definition.nameReference",
                        "text": "To another element constraint (by element.name)",
                        "question": [
                          {
                            "linkId": "string",
                            "text": "value",
                            "type": "string",
                            "required": true
                          }
                        ]
                      },
                      {
                        "linkId": "Profile.structure.snapshot.element.definition.value[x]",
                        "text": "Fixed value: [as defined for a primitive type]"
                      },
                      {
                        "linkId": "Profile.structure.snapshot.element.definition.example[x]",
                        "text": "Example value: [as defined for type]"
                      },
                      {
                        "linkId": "Profile.structure.snapshot.element.definition.maxLength",
                        "text": "Length for strings",
                        "question": [
                          {
                            "linkId": "string",
                            "text": "value",
                            "type": "integer",
                            "required": true
                          }
                        ]
                      },
                      {
                        "linkId": "Profile.structure.snapshot.element.definition.condition",
                        "text": "Reference to invariant about presence",
                        "repeats": true,
                        "question": [
                          {
                            "linkId": "string",
                            "text": "value",
                            "type": "string",
                            "required": true
                          }
                        ]
                      },
                      {
                        "linkId": "Profile.structure.snapshot.element.definition.constraint",
                        "title": "Condition that must evaluate to true",
                        "text": "Formal constraints such as co-occurrence and other constraints that can be computationally evaluated within the context of the instance.",
                        "repeats": true,
                        "group": [
                          {
                            "linkId": "Profile.structure.snapshot.element.definition.constraint.key",
                            "text": "Target of 'condition' reference above",
                            "required": true,
                            "question": [
                              {
                                "linkId": "string",
                                "text": "value",
                                "type": "string",
                                "required": true
                              }
                            ]
                          },
                          {
                            "linkId": "Profile.structure.snapshot.element.definition.constraint.name",
                            "text": "Short human label",
                            "question": [
                              {
                                "linkId": "string",
                                "text": "value",
                                "type": "string",
                                "required": true
                              }
                            ]
                          },
                          {
                            "linkId": "Profile.structure.snapshot.element.definition.constraint.severity",
                            "text": "error | warning",
                            "required": true,
                            "question": [
                              {
                                "linkId": "code",
                                "text": "code:",
                                "type": "string",
                                "required": true
                              }
                            ]
                          },
                          {
                            "linkId": "Profile.structure.snapshot.element.definition.constraint.human",
                            "text": "Human description of constraint",
                            "required": true,
                            "question": [
                              {
                                "linkId": "string",
                                "text": "value",
                                "type": "string",
                                "required": true
                              }
                            ]
                          },
                          {
                            "linkId": "Profile.structure.snapshot.element.definition.constraint.xpath",
                            "text": "XPath expression of constraint",
                            "required": true,
                            "question": [
                              {
                                "linkId": "string",
                                "text": "value",
                                "type": "string",
                                "required": true
                              }
                            ]
                          }
                        ]
                      },
                      {
                        "linkId": "Profile.structure.snapshot.element.definition.mustSupport",
                        "text": "If the element must supported",
                        "question": [
                          {
                            "linkId": "boolean",
                            "text": "value",
                            "type": "boolean",
                            "required": true
                          }
                        ]
                      },
                      {
                        "linkId": "Profile.structure.snapshot.element.definition.isModifier",
                        "text": "If this modifies the meaning of other elements",
                        "question": [
                          {
                            "linkId": "boolean",
                            "text": "value",
                            "type": "boolean",
                            "required": true
                          }
                        ]
                      },
                      {
                        "linkId": "Profile.structure.snapshot.element.definition.binding",
                        "title": "ValueSet details if this is coded",
                        "text": "Binds to a value set if this element is coded (code, Coding, CodeableConcept).",
                        "group": [
                          {
                            "linkId": "Profile.structure.snapshot.element.definition.binding.name",
                            "text": "Descriptive Name",
                            "required": true,
                            "question": [
                              {
                                "linkId": "string",
                                "text": "value",
                                "type": "string",
                                "required": true
                              }
                            ]
                          },
                          {
                            "linkId": "Profile.structure.snapshot.element.definition.binding.isExtensible",
                            "text": "Can additional codes be used?",
                            "required": true,
                            "question": [
                              {
                                "linkId": "boolean",
                                "text": "value",
                                "type": "boolean",
                                "required": true
                              }
                            ]
                          },
                          {
                            "linkId": "Profile.structure.snapshot.element.definition.binding.conformance",
                            "text": "required | preferred | example",
                            "question": [
                              {
                                "linkId": "code",
                                "text": "code:",
                                "type": "string",
                                "required": true
                              }
                            ]
                          },
                          {
                            "linkId": "Profile.structure.snapshot.element.definition.binding.description",
                            "text": "Human explanation of the value set",
                            "question": [
                              {
                                "linkId": "string",
                                "text": "value",
                                "type": "string",
                                "required": true
                              }
                            ]
                          },
                          {
                            "linkId": "Profile.structure.snapshot.element.definition.binding.reference[x]",
                            "text": "Source of value set"
                          }
                        ]
                      },
                      {
                        "linkId": "Profile.structure.snapshot.element.definition.mapping",
                        "title": "Map element to another set of definitions",
                        "text": "Identifies a concept from an external specification that roughly corresponds to this element.",
                        "repeats": true,
                        "group": [
                          {
                            "linkId": "Profile.structure.snapshot.element.definition.mapping.identity",
                            "text": "Reference to mapping declaration",
                            "required": true,
                            "question": [
                              {
                                "linkId": "string",
                                "text": "value",
                                "type": "string",
                                "required": true
                              }
                            ]
                          },
                          {
                            "linkId": "Profile.structure.snapshot.element.definition.mapping.map",
                            "text": "Details of the mapping",
                            "required": true,
                            "question": [
                              {
                                "linkId": "string",
                                "text": "value",
                                "type": "string",
                                "required": true
                              }
                            ]
                          }
                        ]
                      }
                    ]
                  }
                ]
              }
            ]
          },
          {
            "linkId": "Profile.structure.differential",
            "title": "Differential view of the structure",
            "text": "A differential view is expressed relative to the base profile - a statement of differences that it applies."
          },
          {
            "linkId": "Profile.structure.searchParam",
            "title": "Search params defined",
            "text": "Additional search parameters for implementations to support and/or make use of.",
            "repeats": true,
            "group": [
              {
                "linkId": "Profile.structure.searchParam.name",
                "text": "Name of search parameter",
                "required": true,
                "question": [
                  {
                    "linkId": "string",
                    "text": "value",
                    "type": "string",
                    "required": true
                  }
                ]
              },
              {
                "linkId": "Profile.structure.searchParam.type",
                "text": "number | date | string | token | reference | composite | quantity",
                "required": true,
                "question": [
                  {
                    "linkId": "code",
                    "text": "code:",
                    "type": "string",
                    "required": true
                  }
                ]
              },
              {
                "linkId": "Profile.structure.searchParam.documentation",
                "text": "Contents and meaning of search parameter",
                "required": true,
                "question": [
                  {
                    "linkId": "string",
                    "text": "value",
                    "type": "string",
                    "required": true
                  }
                ]
              },
              {
                "linkId": "Profile.structure.searchParam.xpath",
                "text": "XPath that extracts the parameter set",
                "question": [
                  {
                    "linkId": "string",
                    "text": "value",
                    "type": "string",
                    "required": true
                  }
                ]
              },
              {
                "linkId": "Profile.structure.searchParam.target",
                "text": "Types of resource (if a resource reference)",
                "repeats": true,
                "question": [
                  {
                    "linkId": "code",
                    "text": "code:",
                    "type": "string",
                    "required": true
                  }
                ]
              }
            ]
          }
        ]
      },
      {
        "linkId": "Profile.extensionDefn",
        "title": "Definition of an extension",
        "text": "An extension defined as part of the profile.",
        "repeats": true,
        "group": [
          {
            "linkId": "Profile.extensionDefn.code",
            "text": "Identifies the extension in this profile",
            "required": true,
            "question": [
              {
                "linkId": "code",
                "text": "code:",
                "type": "choice",
                "required": true
              }
            ]
          },
          {
            "linkId": "Profile.extensionDefn.display",
            "text": "Use this name when displaying the value",
            "question": [
              {
                "linkId": "string",
                "text": "value",
                "type": "string",
                "required": true
              }
            ]
          },
          {
            "linkId": "Profile.extensionDefn.contextType",
            "text": "resource | datatype | mapping | extension",
            "required": true,
            "question": [
              {
                "linkId": "code",
                "text": "code:",
                "type": "string",
                "required": true
              }
            ]
          },
          {
            "linkId": "Profile.extensionDefn.context",
            "text": "Where the extension can be used in instances",
            "required": true,
            "repeats": true,
            "question": [
              {
                "linkId": "string",
                "text": "value",
                "type": "string",
                "required": true
              }
            ]
          },
          {
            "linkId": "Profile.extensionDefn.element",
            "title": "Definition of the elements in the extension",
            "text": "Definition of the extension and its content.",
            "required": true,
            "repeats": true
          }
        ]
      }
    ]
  }
}