{
  "resourceType": "Questionnaire",
  "text": {
    "status": "generated",
    "div": "<div><p><b>Generated Narrative with Details</b></p><p><b>status</b>: draft</p><p><b>date</b>: 9-Aug 2014 7:35</p><p><b>publisher</b>: HL7 FHIR Standard</p><blockquote><p><b>group</b></p><p><b>linkId</b>: Provenance</p><p><b>title</b>: Who, What, When for a set of resources</p><p><b>text</b>: Provenance information that describes the activity that led to the creation of a set of resources. This information can be used to help determine their reliability or trace where the information in them came from. The focus of the provenance resource is record keeping, audit and traceability, and not explicit statements of clinical significance.</p><p><b>required</b>: true</p><blockquote><p><b>group</b></p></blockquote><blockquote><p><b>group</b></p></blockquote><blockquote><p><b>group</b></p></blockquote><blockquote><p><b>group</b></p></blockquote><blockquote><p><b>group</b></p></blockquote><blockquote><p><b>group</b></p></blockquote><blockquote><p><b>group</b></p></blockquote><blockquote><p><b>group</b></p></blockquote><blockquote><p><b>group</b></p></blockquote></blockquote></div>"
  },
  "status": "draft",
  "date": "2014-08-09T07:35:26.985+10:00",
  "publisher": "HL7 FHIR Standard",
  "group": {
    "linkId": "Provenance",
    "title": "Who, What, When for a set of resources",
    "text": "Provenance information that describes the activity that led to the creation of a set of resources. This information can be used to help determine their reliability or trace where the information in them came from. The focus of the provenance resource is record keeping, audit and traceability, and not explicit statements of clinical significance.",
    "required": true,
    "group": [
      {
        "linkId": "Provenance.target",
        "text": "Target resource(s) (usually version specific)",
        "required": true,
        "repeats": true,
        "question": [
          {
            "linkId": "reference",
            "text": "url:",
            "type": "string",
            "required": true
          }
        ]
      },
      {
        "linkId": "Provenance.period",
        "text": "When the activity occurred",
        "question": [
          {
            "linkId": "low",
            "text": "start:",
            "type": "dateTime",
            "required": true
          },
          {
            "linkId": "end",
            "text": "end:",
            "type": "dateTime",
            "required": true
          }
        ]
      },
      {
        "linkId": "Provenance.recorded",
        "text": "When the activity was recorded / updated",
        "required": true,
        "question": [
          {
            "linkId": "instant",
            "text": "value:",
            "type": "instant",
            "required": true
          }
        ]
      },
      {
        "linkId": "Provenance.reason",
        "text": "Reason the activity is occurring",
        "question": [
          {
            "linkId": "text",
            "text": "text:",
            "type": "string",
            "required": true
          },
          {
            "linkId": "coding",
            "text": "code:",
            "type": "open-choice",
            "required": true,
            "repeats": true
          }
        ]
      },
      {
        "linkId": "Provenance.location",
        "text": "Where the activity occurred, if relevant",
        "question": [
          {
            "linkId": "reference",
            "text": "url:",
            "type": "string",
            "required": true
          }
        ]
      },
      {
        "linkId": "Provenance.policy",
        "text": "Policy or plan the activity was defined by",
        "repeats": true,
        "question": [
          {
            "linkId": "string",
            "text": "url:",
            "type": "string",
            "required": true
          }
        ]
      },
      {
        "linkId": "Provenance.agent",
        "title": "Person, organization, records, etc. involved in creating resource",
        "text": "An agent takes a role in an activity such that the agent can be assigned some degree of responsibility for the activity taking place. An agent can be a person, a piece of software, an inanimate object, an organization, or other entities that may be ascribed responsibility.",
        "repeats": true,
        "group": [
          {
            "linkId": "Provenance.agent.role",
            "text": "e.g. author | overseer | enterer | attester | source | cc: +",
            "required": true,
            "question": [
              {
                "linkId": "coding",
                "text": "code:",
                "type": "open-choice",
                "required": true,
                "options": {
                  "reference": "http://hl7.org/fhir/vs/provenance-agent-role"
                }
              }
            ]
          },
          {
            "linkId": "Provenance.agent.type",
            "text": "e.g. Resource | Person | Application | Record | Document +",
            "required": true,
            "question": [
              {
                "linkId": "coding",
                "text": "code:",
                "type": "open-choice",
                "required": true,
                "options": {
                  "reference": "http://hl7.org/fhir/vs/provenance-agent-type"
                }
              }
            ]
          },
          {
            "linkId": "Provenance.agent.reference",
            "text": "Identity of agent (urn or url)",
            "required": true,
            "question": [
              {
                "linkId": "string",
                "text": "url:",
                "type": "string",
                "required": true
              }
            ]
          },
          {
            "linkId": "Provenance.agent.display",
            "text": "Human description of participant",
            "question": [
              {
                "linkId": "string",
                "text": "value",
                "type": "string",
                "required": true
              }
            ]
          }
        ]
      },
      {
        "linkId": "Provenance.entity",
        "title": "An entity used in this activity",
        "text": "An entity used in this activity.",
        "repeats": true,
        "group": [
          {
            "linkId": "Provenance.entity.role",
            "text": "derivation | revision | quotation | source",
            "required": true,
            "question": [
              {
                "linkId": "code",
                "text": "code:",
                "type": "string",
                "required": true
              }
            ]
          },
          {
            "linkId": "Provenance.entity.type",
            "text": "Resource Type, or something else",
            "required": true,
            "question": [
              {
                "linkId": "coding",
                "text": "code:",
                "type": "open-choice",
                "required": true,
                "options": {
                  "reference": "http://hl7.org/fhir/vs/resource-types"
                }
              }
            ]
          },
          {
            "linkId": "Provenance.entity.reference",
            "text": "Identity of participant (urn or url)",
            "required": true,
            "question": [
              {
                "linkId": "string",
                "text": "url:",
                "type": "string",
                "required": true
              }
            ]
          },
          {
            "linkId": "Provenance.entity.display",
            "text": "Human description of participant",
            "question": [
              {
                "linkId": "string",
                "text": "value",
                "type": "string",
                "required": true
              }
            ]
          },
          {
            "linkId": "Provenance.entity.agent",
            "title": "Entity is attributed to this agent",
            "text": "The entity is attributed to an agent to express the agent's responsibility for that entity, possibly along with other agents. This description can be understood as shorthand for saying that the agent was responsible for the activity which generated the entity."
          }
        ]
      },
      {
        "linkId": "Provenance.integritySignature",
        "text": "Base64 signature (DigSig) - integrity check",
        "question": [
          {
            "linkId": "string",
            "text": "value",
            "type": "string",
            "required": true
          }
        ]
      }
    ]
  }
}