{
  "resourceType": "Questionnaire",
  "text": {
    "status": "generated",
    "div": "<div><p><b>Generated Narrative with Details</b></p><p><b>status</b>: draft</p><p><b>date</b>: 9-Aug 2014 7:35</p><p><b>publisher</b>: HL7 FHIR Standard</p><blockquote><p><b>group</b></p><p><b>linkId</b>: Query</p><p><b>title</b>: A description of a query with a set of parameters</p><p><b>text</b>: A description of a query with a set of parameters.</p><p><b>required</b>: true</p><blockquote><p><b>group</b></p></blockquote><blockquote><p><b>group</b></p></blockquote><blockquote><p><b>group</b></p></blockquote></blockquote></div>"
  },
  "status": "draft",
  "date": "2014-08-09T07:35:26.985+10:00",
  "publisher": "HL7 FHIR Standard",
  "group": {
    "linkId": "Query",
    "title": "A description of a query with a set of parameters",
    "text": "A description of a query with a set of parameters.",
    "required": true,
    "group": [
      {
        "linkId": "Query.identifier",
        "text": "Links query and its response(s)",
        "required": true,
        "question": [
          {
            "linkId": "string",
            "text": "url:",
            "type": "string",
            "required": true
          }
        ]
      },
      {
        "linkId": "Query.parameter",
        "text": "Set of query parameters with values",
        "required": true,
        "repeats": true
      },
      {
        "linkId": "Query.response",
        "title": "If this is a response to a query",
        "text": "If this is a response to a query.",
        "group": [
          {
            "linkId": "Query.response.identifier",
            "text": "Links response to source query",
            "required": true,
            "question": [
              {
                "linkId": "string",
                "text": "url:",
                "type": "string",
                "required": true
              }
            ]
          },
          {
            "linkId": "Query.response.outcome",
            "text": "ok | limited | refused | error",
            "required": true,
            "question": [
              {
                "linkId": "code",
                "text": "code:",
                "type": "string",
                "required": true
              }
            ]
          },
          {
            "linkId": "Query.response.total",
            "text": "Total number of matching records",
            "question": [
              {
                "linkId": "string",
                "text": "value",
                "type": "integer",
                "required": true
              }
            ]
          },
          {
            "linkId": "Query.response.parameter",
            "text": "Parameters server used",
            "repeats": true
          },
          {
            "linkId": "Query.response.first",
            "text": "To get first page (if paged)",
            "repeats": true
          },
          {
            "linkId": "Query.response.previous",
            "text": "To get previous page (if paged)",
            "repeats": true
          },
          {
            "linkId": "Query.response.next",
            "text": "To get next page (if paged)",
            "repeats": true
          },
          {
            "linkId": "Query.response.last",
            "text": "To get last page (if paged)",
            "repeats": true
          },
          {
            "linkId": "Query.response.reference",
            "text": "Resources that are the results of the search",
            "repeats": true,
            "question": [
              {
                "linkId": "reference",
                "text": "url:",
                "type": "string",
                "required": true
              }
            ]
          }
        ]
      }
    ]
  }
}