{"resourceType":"QuestionnaireAnswers","text":{"status":"generated","div":"<div>\n      \n      <pre>\n        Cathy Jones, female. Birth weight 3.25 kg at 44.3 cm. \n        Injection of Vitamin K given on 1972-11-30 (first dose) and 1972-12-11 (second dose)\n        Note: Was able to speak Chinese at birth.\n      </pre>\n    \n    </div>"},"status":"completed","subject":{"reference":"http://www.hl7.org/fhir/Patient/1"},"author":{"reference":"http://www.hl7.org/fhir/Practitioner/1"},"authored":"2013-02-19T14:15:00","group":{"title":"NSW Government My Personal Health Record, january 2013","group":[{"title":"Birth details - To be completed by health professional","group":[{"question":[{"text":"Name of child","answer":[{"valueString":"Cathy Jones"}]},{"text":"Sex","answer":[{"valueCoding":{"code":"f"}}]}]},{"title":"Neonatal Information","question":[{"text":"Birth weight (kg)","answer":[{"valueDecimal":3.25}]},{"text":"Birth length (cm)","answer":[{"valueDecimal":44.3}]},{"text":"Vitamin K given","answer":[{"valueCoding":{"code":"INJECTION"}}],"group":[{"extension":[{"url":"http://example.org/Profile/questionnaire#visibilityCondition","valueString":"HAS_VALUE(../choice/code) AND NEQ(../choice/code,'NO')"}],"question":[{"text":"1st dose","answer":[{"valueDate":"1972-11-30"}]},{"text":"2nd dose","answer":[{"valueDate":"1972-12-11"}]}]}]},{"text":"Hep B given y / n","answer":[{"valueBoolean":true}],"group":[{"question":[{"text":"Date given","answer":[{"valueDate":"1972-12-04"}]}]}]},{"text":"Abnormalities noted at birth","answer":[{"valueString":"Already able to speak Chinese"}]}]}]}]}}