{
  "resourceType": "Questionnaire",
  "text": {
    "status": "generated",
    "div": "<div><p><b>Generated Narrative with Details</b></p><p><b>status</b>: draft</p><p><b>date</b>: 9-Aug 2014 7:35</p><p><b>publisher</b>: HL7 FHIR Standard</p><blockquote><p><b>group</b></p><p><b>linkId</b>: Questionnaire</p><p><b>title</b>: A structured set of questions</p><p><b>text</b>: A structured set of questions intended to guide the collection of answers. The questions are ordered and grouped into coherent subsets, corresponding to the structure of the grouping of the underlying questions.</p><p><b>required</b>: true</p><blockquote><p><b>group</b></p></blockquote><blockquote><p><b>group</b></p></blockquote><blockquote><p><b>group</b></p></blockquote><blockquote><p><b>group</b></p></blockquote><blockquote><p><b>group</b></p></blockquote><blockquote><p><b>group</b></p></blockquote></blockquote></div>"
  },
  "status": "draft",
  "date": "2014-08-09T07:35:26.985+10:00",
  "publisher": "HL7 FHIR Standard",
  "group": {
    "linkId": "Questionnaire",
    "title": "A structured set of questions",
    "text": "A structured set of questions intended to guide the collection of answers. The questions are ordered and grouped into coherent subsets, corresponding to the structure of the grouping of the underlying questions.",
    "required": true,
    "group": [
      {
        "linkId": "Questionnaire.identifier",
        "text": "External Ids for this questionnaire",
        "repeats": true,
        "question": [
          {
            "linkId": "label",
            "text": "label:",
            "type": "string",
            "required": true
          },
          {
            "linkId": "system",
            "text": "system:",
            "type": "string",
            "required": true
          },
          {
            "linkId": "value",
            "text": "value:",
            "type": "string",
            "required": true
          }
        ]
      },
      {
        "linkId": "Questionnaire.version",
        "text": "Logical id for this version of Questionnaire",
        "question": [
          {
            "linkId": "string",
            "text": "value",
            "type": "string",
            "required": true
          }
        ]
      },
      {
        "linkId": "Questionnaire.status",
        "text": "draft | published | retired",
        "required": true,
        "question": [
          {
            "linkId": "code",
            "text": "code:",
            "type": "string",
            "required": true
          }
        ]
      },
      {
        "linkId": "Questionnaire.date",
        "text": "Date this version was authored",
        "question": [
          {
            "linkId": "dateTime",
            "text": "date/time:",
            "type": "dateTime",
            "required": true
          }
        ]
      },
      {
        "linkId": "Questionnaire.publisher",
        "text": "Organization who designed the questionnaire",
        "question": [
          {
            "linkId": "string",
            "text": "value",
            "type": "string",
            "required": true
          }
        ]
      },
      {
        "linkId": "Questionnaire.group",
        "title": "Grouped questions",
        "text": "A collection of related questions (or further groupings of questions).",
        "required": true,
        "group": [
          {
            "linkId": "Questionnaire.group.linkId",
            "text": "To link questionnaire with questionnaire answers",
            "question": [
              {
                "linkId": "string",
                "text": "value",
                "type": "string",
                "required": true
              }
            ]
          },
          {
            "linkId": "Questionnaire.group.title",
            "text": "Name to be displayed for group",
            "question": [
              {
                "linkId": "string",
                "text": "value",
                "type": "string",
                "required": true
              }
            ]
          },
          {
            "linkId": "Questionnaire.group.concept",
            "text": "Concept that represents this section on a questionnaire",
            "repeats": true,
            "question": [
              {
                "linkId": "coding",
                "text": "code:",
                "type": "open-choice",
                "required": true
              }
            ]
          },
          {
            "linkId": "Questionnaire.group.text",
            "text": "Additional text for the group",
            "question": [
              {
                "linkId": "string",
                "text": "value",
                "type": "string",
                "required": true
              }
            ]
          },
          {
            "linkId": "Questionnaire.group.required",
            "text": "Must group be included in data results?",
            "question": [
              {
                "linkId": "boolean",
                "text": "value",
                "type": "boolean",
                "required": true
              }
            ]
          },
          {
            "linkId": "Questionnaire.group.repeats",
            "text": "Whether the group may repeat",
            "question": [
              {
                "linkId": "boolean",
                "text": "value",
                "type": "boolean",
                "required": true
              }
            ]
          },
          {
            "linkId": "Questionnaire.group.group",
            "title": "Nested questionnaire group",
            "text": "A sub-group within a group. The ordering of groups within this group is relevant.",
            "repeats": true
          },
          {
            "linkId": "Questionnaire.group.question",
            "title": "Questions in this group",
            "text": "Set of questions within this group. The order of questions within the group is relevant.",
            "repeats": true,
            "group": [
              {
                "linkId": "Questionnaire.group.question.linkId",
                "text": "To link questionnaire with questionnaire answers",
                "question": [
                  {
                    "linkId": "string",
                    "text": "value",
                    "type": "string",
                    "required": true
                  }
                ]
              },
              {
                "linkId": "Questionnaire.group.question.concept",
                "text": "Concept that represents this section on a questionnaire",
                "repeats": true,
                "question": [
                  {
                    "linkId": "coding",
                    "text": "code:",
                    "type": "open-choice",
                    "required": true
                  }
                ]
              },
              {
                "linkId": "Questionnaire.group.question.text",
                "text": "Text of the question as it is shown to the user",
                "question": [
                  {
                    "linkId": "string",
                    "text": "value",
                    "type": "string",
                    "required": true
                  }
                ]
              },
              {
                "linkId": "Questionnaire.group.question.type",
                "text": "boolean | decimal | integer | date | dateTime +",
                "question": [
                  {
                    "linkId": "code",
                    "text": "code:",
                    "type": "string",
                    "required": true
                  }
                ]
              },
              {
                "linkId": "Questionnaire.group.question.required",
                "text": "Must group be included in data results?",
                "question": [
                  {
                    "linkId": "boolean",
                    "text": "value",
                    "type": "boolean",
                    "required": true
                  }
                ]
              },
              {
                "linkId": "Questionnaire.group.question.repeats",
                "text": "Whether the group may repeat",
                "question": [
                  {
                    "linkId": "boolean",
                    "text": "value",
                    "type": "boolean",
                    "required": true
                  }
                ]
              },
              {
                "linkId": "Questionnaire.group.question.options",
                "text": "Valueset containing the possible options",
                "question": [
                  {
                    "linkId": "reference",
                    "text": "url:",
                    "type": "string",
                    "required": true
                  }
                ]
              },
              {
                "linkId": "Questionnaire.group.question.group",
                "title": "Nested questionnaire group",
                "text": "Nested group, containing nested question for this question. The order of groups within the question is relevant.",
                "repeats": true
              }
            ]
          }
        ]
      }
    ]
  }
}