{
  "resourceType": "Questionnaire",
  "text": {
    "status": "generated",
    "div": "<div><p><b>Generated Narrative with Details</b></p><p><b>status</b>: draft</p><p><b>date</b>: 9-Aug 2014 7:35</p><p><b>publisher</b>: HL7 FHIR Standard</p><blockquote><p><b>group</b></p><p><b>linkId</b>: QuestionnaireAnswers</p><p><b>title</b>: A structured set of questions and their answers</p><p><b>text</b>: A structured set of questions and their answers. The questions are ordered and grouped into coherent subsets, corresponding to the structure of the grouping of the underlying questions.</p><p><b>required</b>: true</p><blockquote><p><b>group</b></p></blockquote><blockquote><p><b>group</b></p></blockquote><blockquote><p><b>group</b></p></blockquote><blockquote><p><b>group</b></p></blockquote><blockquote><p><b>group</b></p></blockquote><blockquote><p><b>group</b></p></blockquote><blockquote><p><b>group</b></p></blockquote><blockquote><p><b>group</b></p></blockquote><blockquote><p><b>group</b></p></blockquote></blockquote></div>"
  },
  "status": "draft",
  "date": "2014-08-09T07:35:26.985+10:00",
  "publisher": "HL7 FHIR Standard",
  "group": {
    "linkId": "QuestionnaireAnswers",
    "title": "A structured set of questions and their answers",
    "text": "A structured set of questions and their answers. The questions are ordered and grouped into coherent subsets, corresponding to the structure of the grouping of the underlying questions.",
    "required": true,
    "group": [
      {
        "linkId": "QuestionnaireAnswers.identifier",
        "text": "Unique id for this set of answers",
        "question": [
          {
            "linkId": "label",
            "text": "label:",
            "type": "string",
            "required": true
          },
          {
            "linkId": "system",
            "text": "system:",
            "type": "string",
            "required": true
          },
          {
            "linkId": "value",
            "text": "value:",
            "type": "string",
            "required": true
          }
        ]
      },
      {
        "linkId": "QuestionnaireAnswers.questionnaire",
        "text": "Form being answered",
        "question": [
          {
            "linkId": "reference",
            "text": "url:",
            "type": "string",
            "required": true
          }
        ]
      },
      {
        "linkId": "QuestionnaireAnswers.status",
        "text": "in progress | completed | amended",
        "required": true,
        "question": [
          {
            "linkId": "code",
            "text": "code:",
            "type": "string",
            "required": true
          }
        ]
      },
      {
        "linkId": "QuestionnaireAnswers.subject",
        "text": "The subject of the questions",
        "question": [
          {
            "linkId": "reference",
            "text": "url:",
            "type": "string",
            "required": true
          }
        ]
      },
      {
        "linkId": "QuestionnaireAnswers.author",
        "text": "Person who received and recorded the answers"
      },
      {
        "linkId": "QuestionnaireAnswers.authored",
        "text": "Date this version was authored",
        "required": true,
        "question": [
          {
            "linkId": "dateTime",
            "text": "date/time:",
            "type": "dateTime",
            "required": true
          }
        ]
      },
      {
        "linkId": "QuestionnaireAnswers.source",
        "text": "The person who answered the questions"
      },
      {
        "linkId": "QuestionnaireAnswers.encounter",
        "text": "Primary encounter during which the answers were collected",
        "question": [
          {
            "linkId": "reference",
            "text": "url:",
            "type": "string",
            "required": true
          }
        ]
      },
      {
        "linkId": "QuestionnaireAnswers.group",
        "title": "Grouped questions",
        "text": "A group of questions to a possibly similarly grouped set of questions in the questionnaire answers.",
        "group": [
          {
            "linkId": "QuestionnaireAnswers.group.linkId",
            "text": "Corresponding group within Questionnaire",
            "question": [
              {
                "linkId": "string",
                "text": "value",
                "type": "string",
                "required": true
              }
            ]
          },
          {
            "linkId": "QuestionnaireAnswers.group.title",
            "text": "Name for this group",
            "question": [
              {
                "linkId": "string",
                "text": "value",
                "type": "string",
                "required": true
              }
            ]
          },
          {
            "linkId": "QuestionnaireAnswers.group.text",
            "text": "Additional text for the group",
            "question": [
              {
                "linkId": "string",
                "text": "value",
                "type": "string",
                "required": true
              }
            ]
          },
          {
            "linkId": "QuestionnaireAnswers.group.subject",
            "text": "The subject this group's answers are about",
            "question": [
              {
                "linkId": "reference",
                "text": "url:",
                "type": "string",
                "required": true
              }
            ]
          },
          {
            "linkId": "QuestionnaireAnswers.group.group",
            "title": "Nested questionnaire answers group",
            "text": "A sub-group within a group. The ordering of groups within this group is relevant.",
            "repeats": true
          },
          {
            "linkId": "QuestionnaireAnswers.group.question",
            "title": "Questions in this group",
            "text": "Set of questions within this group. The order of questions within the group is relevant.",
            "repeats": true,
            "group": [
              {
                "linkId": "QuestionnaireAnswers.group.question.linkId",
                "text": "Corresponding question within Questionnaire",
                "question": [
                  {
                    "linkId": "string",
                    "text": "value",
                    "type": "string",
                    "required": true
                  }
                ]
              },
              {
                "linkId": "QuestionnaireAnswers.group.question.text",
                "text": "Text of the question as it is shown to the user",
                "question": [
                  {
                    "linkId": "string",
                    "text": "value",
                    "type": "string",
                    "required": true
                  }
                ]
              },
              {
                "linkId": "QuestionnaireAnswers.group.question.answer",
                "title": "The response(s) to the question",
                "text": "The respondent's answer(s) to the question.",
                "repeats": true,
                "group": [
                  {
                    "linkId": "QuestionnaireAnswers.group.question.answer.value[x]",
                    "text": "Single-valued answer to the question"
                  }
                ]
              },
              {
                "linkId": "QuestionnaireAnswers.group.question.group",
                "title": "Nested questionnaire group",
                "text": "Nested group, containing nested question for this question. The order of groups within the question is relevant.",
                "repeats": true
              }
            ]
          }
        ]
      }
    ]
  }
}