{"resourceType":"QuestionnaireAnswers","text":{"status":"generated","div":"<div>\n      <p>\n        <b>Generated Narrative with Details</b>\n      </p>\n      <p>\n        <b>status</b>: completed\n      </p>\n      <p>\n        <b>subject</b>: \n        <a href=\"patient-example-f201-roel.html\">Roel. Generated Summary: BSN = 123456789 (official), BSN = 123456789 (official); Roel(official); \n          <span title=\"Codes: {http://snomed.info/sct 248153007}, {http://hl7.org/fhir/v3/AdministrativeGender M}\">Male</span>; birthDate: 13-Mar 1960; \n          <span title=\"Codes: {http://snomed.info/sct 36629006}, {http://hl7.org/fhir/v3/MaritalStatus M}\">Legally married</span>; \n          <span title=\"Codes: {urn:std:iso:639-1 nl-NL}\">Dutch</span>; active\n        </a>\n      </p>\n      <p>\n        <b>author</b>: \n        <a href=\"practitioner-example-f201-ab.html\">Generated Summary: UZI-nummer = 12345678901 (official); Dokter Bronsig(official); \n          <span title=\"Codes: {http://snomed.info/sct 248153007}\">Male</span>; birthDate: 24-Dec 1956; \n          <span title=\"Codes: {http://snomed.info/sct 225304007}\">Implementation of planned interventions</span>; \n          <span title=\"Codes: {http://snomed.info/sct 310512001}\">Medical oncologist</span>\n        </a>\n      </p>\n      <p>\n        <b>authored</b>: 18-Jun 2013 0:0\n      </p>\n      <p>\n        <b>source</b>: \n        <a href=\"practitioner-example-f201-ab.html\">Generated Summary: UZI-nummer = 12345678901 (official); Dokter Bronsig(official); \n          <span title=\"Codes: {http://snomed.info/sct 248153007}\">Male</span>; birthDate: 24-Dec 1956; \n          <span title=\"Codes: {http://snomed.info/sct 225304007}\">Implementation of planned interventions</span>; \n          <span title=\"Codes: {http://snomed.info/sct 310512001}\">Medical oncologist</span>\n        </a>\n      </p>\n      <blockquote>\n        <p>\n          <b>group</b>\n        </p>\n        <blockquote>\n          <p>\n            <b>group</b>\n          </p>\n        </blockquote>\n        <blockquote>\n          <p>\n            <b>group</b>\n          </p>\n        </blockquote>\n        <blockquote>\n          <p>\n            <b>group</b>\n          </p>\n        </blockquote>\n      </blockquote>\n    </div>"},"status":"completed","subject":{"reference":"Patient/f201","display":"Roel"},"author":{"reference":"Practitioner/f201"},"authored":"2013-06-18T00:00:00+01:00","source":{"reference":"Practitioner/f201"},"group":{"group":[{"question":[{"text":"Do you have allergies?","answer":[{"valueString":"I am allergic to house dust"}]}]},{"title":"General questions","question":[{"text":"What is your gender?","answer":[{"valueString":"Male"}]},{"text":"What is your date of birth?","answer":[{"valueDate":"1960-03-13"}]},{"text":"What is your country of birth?","answer":[{"valueString":"The Netherlands"}]},{"text":"What is your marital status?","answer":[{"valueString":"married"}]}]},{"title":"Intoxications","question":[{"text":"Do you smoke?","answer":[{"valueString":"No"}]},{"text":"Do you drink alchohol?","answer":[{"valueString":"No, but I used to drink"}]}]}]}}