{
  "resourceType": "ValueSet",
  "text": {
    "status": "generated",
    "div": "<div><h2>ReferralStatus</h2><p>The status of the referral</p><p>This value set defines its own terms in the system http://hl7.org/fhir/referralstatus</p><table><tr><td><b>Code</b></td><td><b>Display</b></td><td><b>Definition</b></td></tr><tr><td>draft<a name=\"draft\"> </a></td><td/><td>A draft referral that has yet to be send.</td></tr><tr><td>sent<a name=\"sent\"> </a></td><td/><td>The referral has been transmitted, but not yet acknowledged by the recipient.</td></tr><tr><td>active<a name=\"active\"> </a></td><td/><td>The referral has been acknowledged by the recipient, and is in the process of being actioned.</td></tr><tr><td>cancelled<a name=\"cancelled\"> </a></td><td/><td>The referral has been cancelled without being completed. For example it is no longer needed.</td></tr><tr><td>refused<a name=\"refused\"> </a></td><td/><td>The recipient has declined to accept the referral.</td></tr><tr><td>completed<a name=\"completed\"> </a></td><td/><td>The referral has been completely actioned.</td></tr></table></div>"
  },
  "identifier": "http://hl7.org/fhir/vs/referralstatus",
  "name": "ReferralStatus",
  "publisher": "HL7 (FHIR Project)",
  "telecom": [
    {
      "system": "url",
      "value": "http://hl7.org/fhir"
    },
    {
      "system": "email",
      "value": "fhir@lists.hl7.org"
    }
  ],
  "description": "The status of the referral",
  "status": "draft",
  "date": "2014-08-09T07:35:36.910+10:00",
  "define": {
    "system": "http://hl7.org/fhir/referralstatus",
    "caseSensitive": true,
    "concept": [
      {
        "code": "draft",
        "definition": "A draft referral that has yet to be send."
      },
      {
        "code": "sent",
        "definition": "The referral has been transmitted, but not yet acknowledged by the recipient."
      },
      {
        "code": "active",
        "definition": "The referral has been acknowledged by the recipient, and is in the process of being actioned."
      },
      {
        "code": "cancelled",
        "definition": "The referral has been cancelled without being completed. For example it is no longer needed."
      },
      {
        "code": "refused",
        "definition": "The recipient has declined to accept the referral."
      },
      {
        "code": "completed",
        "definition": "The referral has been completely actioned."
      }
    ]
  }
}