{"resourceType":"ReferralRequest","text":{"status":"generated","div":"<div>Referral to Dr Dave for Beverly weaver to have grommets inserted in her r) ear</div>"},"status":"sent","identifier":[{"system":"http://orionhealth.com/fhir/apps/referralids","value":"ret4421"}],"type":{"coding":[{"system":"http://orionhealth.com/fhir/apps/referraltypes","code":"rfs","display":"Referral for service"}]},"specialty":{"coding":[{"system":"http://orionhealth.com/fhir/apps/specialties","code":"ent","display":"ENT"}]},"priority":{"coding":[{"system":"http://orionhealth.com/fhir/apps/prioritycodes","code":"med","display":"Medium"}]},"subject":{"reference":"https://fhir.orionhealth.com/blaze/fhir/Patient/77662","display":"Beverly Weaver"},"requester":{"reference":"https://fhir.orionhealth.com/blaze/fhir/Practitioner/77272","display":"Serena Shrink"},"recipient":[{"reference":"https://fhir.orionhealth.com/blaze/fhir/Practitioner/76597","display":"Dr Dave"}],"dateSent":"2014-02-14","reason":{"text":"For consideration of Grommets"},"description":"In the past 2 years Beverly has had 6 instances of r) sided Otitis media. She is     falling behind her peers at school, and displaying some learning difficulties.","serviceRequested":[{"coding":[{"system":"http://loinc.org","code":"172676009","display":"Myringotomy and insertion of tympanic ventilation tube"}],"text":"Insertion of grommets"}]}