{
  "resourceType": "Questionnaire",
  "text": {
    "status": "generated",
    "div": "<div><p><b>Generated Narrative with Details</b></p><p><b>status</b>: draft</p><p><b>date</b>: 9-Aug 2014 7:35</p><p><b>publisher</b>: HL7 FHIR Standard</p><blockquote><p><b>group</b></p><p><b>linkId</b>: ReferralRequest</p><p><b>title</b>: A request for referral or tranfer of care</p><p><b>text</b>: Used to record and send details about a request for referral service or transfer of a patient to the care of another provider or provider organisation.</p><p><b>required</b>: true</p><blockquote><p><b>group</b></p></blockquote><blockquote><p><b>group</b></p></blockquote><blockquote><p><b>group</b></p></blockquote><blockquote><p><b>group</b></p></blockquote><blockquote><p><b>group</b></p></blockquote><blockquote><p><b>group</b></p></blockquote><blockquote><p><b>group</b></p></blockquote><blockquote><p><b>group</b></p></blockquote><blockquote><p><b>group</b></p></blockquote><blockquote><p><b>group</b></p></blockquote><blockquote><p><b>group</b></p></blockquote><blockquote><p><b>group</b></p></blockquote><blockquote><p><b>group</b></p></blockquote><blockquote><p><b>group</b></p></blockquote><blockquote><p><b>group</b></p></blockquote></blockquote></div>"
  },
  "status": "draft",
  "date": "2014-08-09T07:35:26.985+10:00",
  "publisher": "HL7 FHIR Standard",
  "group": {
    "linkId": "ReferralRequest",
    "title": "A request for referral or tranfer of care",
    "text": "Used to record and send details about a request for referral service or transfer of a patient to the care of another provider or provider organisation.",
    "required": true,
    "group": [
      {
        "linkId": "ReferralRequest.status",
        "text": "draft | sent | active | cancelled | refused | completed",
        "required": true,
        "question": [
          {
            "linkId": "code",
            "text": "code:",
            "type": "string",
            "required": true
          }
        ]
      },
      {
        "linkId": "ReferralRequest.identifier",
        "text": "Identifier of request",
        "repeats": true,
        "question": [
          {
            "linkId": "label",
            "text": "label:",
            "type": "string",
            "required": true
          },
          {
            "linkId": "system",
            "text": "system:",
            "type": "string",
            "required": true
          },
          {
            "linkId": "value",
            "text": "value:",
            "type": "string",
            "required": true
          }
        ]
      },
      {
        "linkId": "ReferralRequest.type",
        "text": "Referral/Transition of care request type",
        "question": [
          {
            "linkId": "text",
            "text": "text:",
            "type": "string",
            "required": true
          },
          {
            "linkId": "coding",
            "text": "code:",
            "type": "open-choice",
            "required": true,
            "repeats": true
          }
        ]
      },
      {
        "linkId": "ReferralRequest.specialty",
        "text": "The clinical specialty (discipline) that the referral is requested for",
        "question": [
          {
            "linkId": "text",
            "text": "text:",
            "type": "string",
            "required": true
          },
          {
            "linkId": "coding",
            "text": "code:",
            "type": "open-choice",
            "required": true,
            "repeats": true
          }
        ]
      },
      {
        "linkId": "ReferralRequest.priority",
        "text": "Urgency of referral / transfer of care request",
        "question": [
          {
            "linkId": "text",
            "text": "text:",
            "type": "string",
            "required": true
          },
          {
            "linkId": "coding",
            "text": "code:",
            "type": "open-choice",
            "required": true,
            "repeats": true
          }
        ]
      },
      {
        "linkId": "ReferralRequest.subject",
        "text": "Patient/subject of referral or care transfer request",
        "question": [
          {
            "linkId": "reference",
            "text": "url:",
            "type": "string",
            "required": true
          }
        ]
      },
      {
        "linkId": "ReferralRequest.requester",
        "text": "Requester of referral / transfer of care"
      },
      {
        "linkId": "ReferralRequest.recipient",
        "text": "Receiver of referral / transfer of care request",
        "repeats": true
      },
      {
        "linkId": "ReferralRequest.encounter",
        "text": "Encounter",
        "question": [
          {
            "linkId": "reference",
            "text": "url:",
            "type": "string",
            "required": true
          }
        ]
      },
      {
        "linkId": "ReferralRequest.dateSent",
        "text": "Date referral/transfer of care request is sent",
        "question": [
          {
            "linkId": "dateTime",
            "text": "date/time:",
            "type": "dateTime",
            "required": true
          }
        ]
      },
      {
        "linkId": "ReferralRequest.reason",
        "text": "Reason for referral / Transfer of care request",
        "question": [
          {
            "linkId": "text",
            "text": "text:",
            "type": "string",
            "required": true
          },
          {
            "linkId": "coding",
            "text": "code:",
            "type": "open-choice",
            "required": true,
            "repeats": true
          }
        ]
      },
      {
        "linkId": "ReferralRequest.description",
        "text": "A textual description of the referral",
        "question": [
          {
            "linkId": "string",
            "text": "value",
            "type": "string",
            "required": true
          }
        ]
      },
      {
        "linkId": "ReferralRequest.serviceRequested",
        "text": "Service(s) requested",
        "repeats": true,
        "question": [
          {
            "linkId": "text",
            "text": "text:",
            "type": "string",
            "required": true
          },
          {
            "linkId": "coding",
            "text": "code:",
            "type": "open-choice",
            "required": true,
            "repeats": true
          }
        ]
      },
      {
        "linkId": "ReferralRequest.supportingInformation",
        "text": "Additonal information to support referral or transfer of care request",
        "repeats": true,
        "question": [
          {
            "linkId": "reference",
            "text": "url:",
            "type": "string",
            "required": true
          }
        ]
      },
      {
        "linkId": "ReferralRequest.fulfillmentTime",
        "text": "Requested service(s) fulfillment time",
        "question": [
          {
            "linkId": "low",
            "text": "start:",
            "type": "dateTime",
            "required": true
          },
          {
            "linkId": "end",
            "text": "end:",
            "type": "dateTime",
            "required": true
          }
        ]
      }
    ]
  }
}