{
  "resourceType": "Questionnaire",
  "text": {
    "status": "generated",
    "div": "<div><p><b>Generated Narrative with Details</b></p><p><b>status</b>: draft</p><p><b>date</b>: 9-Aug 2014 7:35</p><p><b>publisher</b>: HL7 FHIR Standard</p><blockquote><p><b>group</b></p><p><b>linkId</b>: RelatedPerson</p><p><b>title</b>: An person that is related to a patient, but who is not a direct target of care</p><p><b>text</b>: Information about a person that is involved in the care for a patient, but who is not the target of healthcare, nor has a formal responsibility in the care process.</p><p><b>required</b>: true</p><blockquote><p><b>group</b></p></blockquote><blockquote><p><b>group</b></p></blockquote><blockquote><p><b>group</b></p></blockquote><blockquote><p><b>group</b></p></blockquote><blockquote><p><b>group</b></p></blockquote><blockquote><p><b>group</b></p></blockquote><blockquote><p><b>group</b></p></blockquote><blockquote><p><b>group</b></p></blockquote></blockquote></div>"
  },
  "status": "draft",
  "date": "2014-08-09T07:35:26.985+10:00",
  "publisher": "HL7 FHIR Standard",
  "group": {
    "linkId": "RelatedPerson",
    "title": "An person that is related to a patient, but who is not a direct target of care",
    "text": "Information about a person that is involved in the care for a patient, but who is not the target of healthcare, nor has a formal responsibility in the care process.",
    "required": true,
    "group": [
      {
        "linkId": "RelatedPerson.identifier",
        "text": "A Human identifier for this person",
        "repeats": true,
        "question": [
          {
            "linkId": "label",
            "text": "label:",
            "type": "string",
            "required": true
          },
          {
            "linkId": "system",
            "text": "system:",
            "type": "string",
            "required": true
          },
          {
            "linkId": "value",
            "text": "value:",
            "type": "string",
            "required": true
          }
        ]
      },
      {
        "linkId": "RelatedPerson.patient",
        "text": "The patient this person is related to",
        "required": true,
        "question": [
          {
            "linkId": "reference",
            "text": "url:",
            "type": "string",
            "required": true
          }
        ]
      },
      {
        "linkId": "RelatedPerson.relationship",
        "text": "The nature of the relationship",
        "question": [
          {
            "linkId": "text",
            "text": "text:",
            "type": "string",
            "required": true
          },
          {
            "linkId": "coding",
            "text": "code:",
            "type": "open-choice",
            "required": true,
            "repeats": true,
            "options": {
              "reference": "http://hl7.org/fhir/vs/relatedperson-relationshiptype"
            }
          }
        ]
      },
      {
        "linkId": "RelatedPerson.name",
        "text": "A name associated with the person",
        "question": [
          {
            "linkId": "text",
            "text": "text:",
            "type": "string",
            "required": true
          },
          {
            "linkId": "family",
            "text": "family:",
            "type": "string",
            "required": true,
            "repeats": true
          },
          {
            "linkId": "given",
            "text": "given:",
            "type": "string",
            "required": true,
            "repeats": true
          }
        ]
      },
      {
        "linkId": "RelatedPerson.telecom",
        "text": "A contact detail for the person",
        "repeats": true,
        "question": [
          {
            "linkId": "type",
            "text": "type:",
            "type": "choice",
            "required": true,
            "options": {
              "reference": "http://hl7.org/fhir/vs/contact-system"
            }
          },
          {
            "linkId": "value",
            "text": "value:",
            "type": "string",
            "required": true
          }
        ]
      },
      {
        "linkId": "RelatedPerson.gender",
        "text": "Gender for administrative purposes",
        "question": [
          {
            "linkId": "text",
            "text": "text:",
            "type": "string",
            "required": true
          },
          {
            "linkId": "coding",
            "text": "code:",
            "type": "open-choice",
            "required": true,
            "repeats": true,
            "options": {
              "reference": "http://hl7.org/fhir/vs/administrative-gender"
            }
          }
        ]
      },
      {
        "linkId": "RelatedPerson.address",
        "text": "Address where the related person can be contacted or visited",
        "question": [
          {
            "linkId": "text",
            "text": "text:",
            "type": "string",
            "required": true
          },
          {
            "linkId": "line",
            "text": "line:",
            "type": "string",
            "required": true,
            "repeats": true
          },
          {
            "linkId": "city",
            "text": "city:",
            "type": "string",
            "required": true
          },
          {
            "linkId": "state",
            "text": "state:",
            "type": "string",
            "required": true
          },
          {
            "linkId": "zip",
            "text": "zip:",
            "type": "string",
            "required": true
          },
          {
            "linkId": "country",
            "text": "country:",
            "type": "string",
            "required": true
          }
        ]
      },
      {
        "linkId": "RelatedPerson.photo",
        "text": "Image of the person",
        "repeats": true
      }
    ]
  }
}