{"resourceType":"RiskAssessment","text":{"status":"generated","div":"<div>\n      \n      <p>Probability of developing breast cancer before the age indicated:</p>\n      \n      <table>\n        \n        <thead>\n          \n          <tr>\n            \n            <th>Age</th>\n            \n            <th>Probability (%)</th>\n          \n          </tr>\n        \n        </thead>\n        \n        <tbody>\n          \n          <tr>\n            \n            <td>current-53</td>\n            \n            <td>0.0168</td>\n          \n          </tr>\n          \n          <tr>\n            \n            <td>54-57</td>\n            \n            <td>0.0368</td>\n          \n          </tr>\n          \n          <tr>\n            \n            <td>58-62</td>\n            \n            <td>0.0594</td>\n          \n          </tr>\n          \n          <tr>\n            \n            <td>63-67</td>\n            \n            <td>0.0838</td>\n          \n          </tr>\n          \n          <tr>\n            \n            <td>68-72</td>\n            \n            <td>0.1089</td>\n          \n          </tr>\n          \n          <tr>\n            \n            <td>73-77</td>\n            \n            <td>0.1327</td>\n          \n          </tr>\n          \n          <tr>\n            \n            <td>78-82</td>\n            \n            <td>0.1530</td>\n          \n          </tr>\n          \n          <tr>\n            \n            <td>83-87</td>\n            \n            <td>0.1663</td>\n          \n          </tr>\n        \n        </tbody>\n      \n      </table>\n    \n    </div>"},"date":"2006-01-13T23:01:00","method":{"coding":[{"code":"BRCAPRO"}]},"basis":[{"reference":"FamilyHistory/"}],"prediction":[{"outcome":{"text":"Breast Cancer"},"probabilityDecimal":0.000168,"whenRange":{"high":{"value":53,"units":"years","system":"http://unitsofmeasure.org","code":"a"}}},{"outcome":{"text":"Breast Cancer"},"probabilityDecimal":0.000368,"whenRange":{"low":{"value":54,"units":"years","system":"http://unitsofmeasure.org","code":"a"},"high":{"value":57,"units":"years","system":"http://unitsofmeasure.org","code":"a"}}},{"outcome":{"text":"Breast Cancer"},"probabilityDecimal":0.000594,"whenRange":{"low":{"value":58,"units":"years","system":"http://unitsofmeasure.org","code":"a"},"high":{"value":62,"units":"years","system":"http://unitsofmeasure.org","code":"a"}}},{"outcome":{"text":"Breast Cancer"},"probabilityDecimal":0.000838,"whenRange":{"low":{"value":63,"units":"years","system":"http://unitsofmeasure.org","code":"a"},"high":{"value":67,"units":"years","system":"http://unitsofmeasure.org","code":"a"}}},{"outcome":{"text":"Breast Cancer"},"probabilityDecimal":0.001089,"whenRange":{"low":{"value":68,"units":"years","system":"http://unitsofmeasure.org","code":"a"},"high":{"value":72,"units":"years","system":"http://unitsofmeasure.org","code":"a"}}},{"outcome":{"text":"Breast Cancer"},"probabilityDecimal":0.001327,"whenRange":{"low":{"value":73,"units":"years","system":"http://unitsofmeasure.org","code":"a"},"high":{"value":77,"units":"years","system":"http://unitsofmeasure.org","code":"a"}}},{"outcome":{"text":"Breast Cancer"},"probabilityDecimal":0.001530,"whenRange":{"low":{"value":78,"units":"years","system":"http://unitsofmeasure.org","code":"a"},"high":{"value":82,"units":"years","system":"http://unitsofmeasure.org","code":"a"}}},{"outcome":{"text":"Breast Cancer"},"probabilityDecimal":0.001663,"whenRange":{"low":{"value":83,"units":"years","system":"http://unitsofmeasure.org","code":"a"},"high":{"value":88,"units":"years","system":"http://unitsofmeasure.org","code":"a"}}}]}