{
  "resourceType": "Questionnaire",
  "text": {
    "status": "generated",
    "div": "<div><p><b>Generated Narrative with Details</b></p><p><b>status</b>: draft</p><p><b>date</b>: 9-Aug 2014 7:35</p><p><b>publisher</b>: HL7 FHIR Standard</p><blockquote><p><b>group</b></p><p><b>linkId</b>: RiskAssessment</p><p><b>title</b>: Potential outcomes for a subject with likelihood</p><p><b>text</b>: An assessment of the likely outcome(s) for a patient or other subject as well as the likelihood of each outcome.</p><p><b>required</b>: true</p><blockquote><p><b>group</b></p></blockquote><blockquote><p><b>group</b></p></blockquote><blockquote><p><b>group</b></p></blockquote><blockquote><p><b>group</b></p></blockquote><blockquote><p><b>group</b></p></blockquote><blockquote><p><b>group</b></p></blockquote><blockquote><p><b>group</b></p></blockquote><blockquote><p><b>group</b></p></blockquote><blockquote><p><b>group</b></p></blockquote></blockquote></div>"
  },
  "status": "draft",
  "date": "2014-08-09T07:35:26.985+10:00",
  "publisher": "HL7 FHIR Standard",
  "group": {
    "linkId": "RiskAssessment",
    "title": "Potential outcomes for a subject with likelihood",
    "text": "An assessment of the likely outcome(s) for a patient or other subject as well as the likelihood of each outcome.",
    "required": true,
    "group": [
      {
        "linkId": "RiskAssessment.subject",
        "text": "Who/what does assessment apply to?"
      },
      {
        "linkId": "RiskAssessment.date",
        "text": "When was assessment made?",
        "question": [
          {
            "linkId": "dateTime",
            "text": "date/time:",
            "type": "dateTime",
            "required": true
          }
        ]
      },
      {
        "linkId": "RiskAssessment.condition",
        "text": "Condition assessed",
        "question": [
          {
            "linkId": "reference",
            "text": "url:",
            "type": "string",
            "required": true
          }
        ]
      },
      {
        "linkId": "RiskAssessment.performer",
        "text": "Who did assessment?"
      },
      {
        "linkId": "RiskAssessment.identifier",
        "text": "Unique identifier for the assessment",
        "question": [
          {
            "linkId": "label",
            "text": "label:",
            "type": "string",
            "required": true
          },
          {
            "linkId": "system",
            "text": "system:",
            "type": "string",
            "required": true
          },
          {
            "linkId": "value",
            "text": "value:",
            "type": "string",
            "required": true
          }
        ]
      },
      {
        "linkId": "RiskAssessment.method",
        "text": "Evaluation mechanism",
        "question": [
          {
            "linkId": "text",
            "text": "text:",
            "type": "string",
            "required": true
          },
          {
            "linkId": "coding",
            "text": "code:",
            "type": "open-choice",
            "required": true,
            "repeats": true
          }
        ]
      },
      {
        "linkId": "RiskAssessment.basis",
        "text": "Information used in assessment",
        "repeats": true,
        "question": [
          {
            "linkId": "reference",
            "text": "url:",
            "type": "string",
            "required": true
          }
        ]
      },
      {
        "linkId": "RiskAssessment.prediction",
        "title": "Outcome predicted",
        "text": "Describes the expected outcome for the subject.",
        "repeats": true,
        "group": [
          {
            "linkId": "RiskAssessment.prediction.outcome",
            "text": "Possible outcome for the subject",
            "required": true,
            "question": [
              {
                "linkId": "text",
                "text": "text:",
                "type": "string",
                "required": true
              },
              {
                "linkId": "coding",
                "text": "code:",
                "type": "open-choice",
                "required": true,
                "repeats": true
              }
            ]
          },
          {
            "linkId": "RiskAssessment.prediction.probability[x]",
            "text": "Likelihood of specified outcome"
          },
          {
            "linkId": "RiskAssessment.prediction.relativeRisk",
            "text": "Relative likelihood",
            "question": [
              {
                "linkId": "string",
                "text": "value",
                "type": "decimal",
                "required": true
              }
            ]
          },
          {
            "linkId": "RiskAssessment.prediction.when[x]",
            "text": "Timeframe or age range"
          },
          {
            "linkId": "RiskAssessment.prediction.rationale",
            "text": "Explanation of prediction",
            "question": [
              {
                "linkId": "string",
                "text": "value",
                "type": "string",
                "required": true
              }
            ]
          }
        ]
      },
      {
        "linkId": "RiskAssessment.mitigation",
        "text": "How to reduce risk",
        "question": [
          {
            "linkId": "string",
            "text": "value",
            "type": "string",
            "required": true
          }
        ]
      }
    ]
  }
}