{
  "resourceType": "Questionnaire",
  "text": {
    "status": "generated",
    "div": "<div><p><b>Generated Narrative with Details</b></p><p><b>status</b>: draft</p><p><b>date</b>: 9-Aug 2014 7:35</p><p><b>publisher</b>: HL7 FHIR Standard</p><blockquote><p><b>group</b></p><p><b>linkId</b>: SecurityEvent</p><p><b>title</b>: Event record kept for security purposes</p><p><b>text</b>: A record of an event made for purposes of maintaining a security log. Typical uses include detection of intrusion attempts and monitoring for inappropriate usage.</p><p><b>required</b>: true</p><blockquote><p><b>group</b></p></blockquote><blockquote><p><b>group</b></p></blockquote><blockquote><p><b>group</b></p></blockquote><blockquote><p><b>group</b></p></blockquote></blockquote></div>"
  },
  "status": "draft",
  "date": "2014-08-09T07:35:26.985+10:00",
  "publisher": "HL7 FHIR Standard",
  "group": {
    "linkId": "SecurityEvent",
    "title": "Event record kept for security purposes",
    "text": "A record of an event made for purposes of maintaining a security log. Typical uses include detection of intrusion attempts and monitoring for inappropriate usage.",
    "required": true,
    "group": [
      {
        "linkId": "SecurityEvent.event",
        "title": "What was done",
        "text": "Identifies the name, action type, time, and disposition of the audited event.",
        "required": true,
        "group": [
          {
            "linkId": "SecurityEvent.event.type",
            "text": "Type/identifier of event",
            "required": true,
            "question": [
              {
                "linkId": "text",
                "text": "text:",
                "type": "string",
                "required": true
              },
              {
                "linkId": "coding",
                "text": "code:",
                "type": "open-choice",
                "required": true,
                "repeats": true,
                "options": {
                  "reference": "http://hl7.org/fhir/vs/security-event-type"
                }
              }
            ]
          },
          {
            "linkId": "SecurityEvent.event.subtype",
            "text": "More specific type/id for the event",
            "repeats": true,
            "question": [
              {
                "linkId": "text",
                "text": "text:",
                "type": "string",
                "required": true
              },
              {
                "linkId": "coding",
                "text": "code:",
                "type": "open-choice",
                "required": true,
                "repeats": true,
                "options": {
                  "reference": "http://hl7.org/fhir/vs/security-event-sub-type"
                }
              }
            ]
          },
          {
            "linkId": "SecurityEvent.event.action",
            "text": "Type of action performed during the event",
            "question": [
              {
                "linkId": "code",
                "text": "code:",
                "type": "string",
                "required": true
              }
            ]
          },
          {
            "linkId": "SecurityEvent.event.dateTime",
            "text": "Time when the event occurred on source",
            "required": true,
            "question": [
              {
                "linkId": "instant",
                "text": "value:",
                "type": "instant",
                "required": true
              }
            ]
          },
          {
            "linkId": "SecurityEvent.event.outcome",
            "text": "Whether the event succeeded or failed",
            "question": [
              {
                "linkId": "code",
                "text": "code:",
                "type": "string",
                "required": true
              }
            ]
          },
          {
            "linkId": "SecurityEvent.event.outcomeDesc",
            "text": "Description of the event outcome",
            "question": [
              {
                "linkId": "string",
                "text": "value",
                "type": "string",
                "required": true
              }
            ]
          }
        ]
      },
      {
        "linkId": "SecurityEvent.participant",
        "title": "A person, a hardware device or software process",
        "text": "A person, a hardware device or software process.",
        "required": true,
        "repeats": true,
        "group": [
          {
            "linkId": "SecurityEvent.participant.role",
            "text": "User roles (e.g. local RBAC codes)",
            "repeats": true,
            "question": [
              {
                "linkId": "text",
                "text": "text:",
                "type": "string",
                "required": true
              },
              {
                "linkId": "coding",
                "text": "code:",
                "type": "open-choice",
                "required": true,
                "repeats": true,
                "options": {
                  "reference": "http://hl7.org/fhir/vs/dicm-402-roleid"
                }
              }
            ]
          },
          {
            "linkId": "SecurityEvent.participant.reference",
            "text": "Direct reference to resource"
          },
          {
            "linkId": "SecurityEvent.participant.userId",
            "text": "Unique identifier for the user",
            "question": [
              {
                "linkId": "string",
                "text": "value",
                "type": "string",
                "required": true
              }
            ]
          },
          {
            "linkId": "SecurityEvent.participant.altId",
            "text": "Alternative User id e.g. authentication",
            "question": [
              {
                "linkId": "string",
                "text": "value",
                "type": "string",
                "required": true
              }
            ]
          },
          {
            "linkId": "SecurityEvent.participant.name",
            "text": "Human-meaningful name for the user",
            "question": [
              {
                "linkId": "string",
                "text": "value",
                "type": "string",
                "required": true
              }
            ]
          },
          {
            "linkId": "SecurityEvent.participant.requestor",
            "text": "Whether user is initiator",
            "required": true,
            "question": [
              {
                "linkId": "boolean",
                "text": "value",
                "type": "boolean",
                "required": true
              }
            ]
          },
          {
            "linkId": "SecurityEvent.participant.media",
            "text": "Type of media",
            "question": [
              {
                "linkId": "coding",
                "text": "code:",
                "type": "open-choice",
                "required": true
              }
            ]
          },
          {
            "linkId": "SecurityEvent.participant.network",
            "title": "Logical network location for application activity",
            "text": "Logical network location for application activity, if the activity has a network location.",
            "group": [
              {
                "linkId": "SecurityEvent.participant.network.identifier",
                "text": "Identifier for the network access point of the user device",
                "question": [
                  {
                    "linkId": "string",
                    "text": "value",
                    "type": "string",
                    "required": true
                  }
                ]
              },
              {
                "linkId": "SecurityEvent.participant.network.type",
                "text": "The type of network access point",
                "question": [
                  {
                    "linkId": "code",
                    "text": "code:",
                    "type": "string",
                    "required": true
                  }
                ]
              }
            ]
          }
        ]
      },
      {
        "linkId": "SecurityEvent.source",
        "title": "Application systems and processes",
        "text": "Application systems and processes.",
        "required": true,
        "group": [
          {
            "linkId": "SecurityEvent.source.site",
            "text": "Logical source location within the enterprise",
            "question": [
              {
                "linkId": "string",
                "text": "value",
                "type": "string",
                "required": true
              }
            ]
          },
          {
            "linkId": "SecurityEvent.source.identifier",
            "text": "The id of source where event originated",
            "required": true,
            "question": [
              {
                "linkId": "string",
                "text": "value",
                "type": "string",
                "required": true
              }
            ]
          },
          {
            "linkId": "SecurityEvent.source.type",
            "text": "The type of source where event originated",
            "repeats": true,
            "question": [
              {
                "linkId": "coding",
                "text": "code:",
                "type": "open-choice",
                "required": true,
                "options": {
                  "reference": "http://hl7.org/fhir/vs/security-source-type"
                }
              }
            ]
          }
        ]
      },
      {
        "linkId": "SecurityEvent.object",
        "title": "Specific instances of data or objects that have been accessed",
        "text": "Specific instances of data or objects that have been accessed.",
        "repeats": true,
        "group": [
          {
            "linkId": "SecurityEvent.object.identifier",
            "text": "Specific instance of object (e.g. versioned)",
            "question": [
              {
                "linkId": "label",
                "text": "label:",
                "type": "string",
                "required": true
              },
              {
                "linkId": "system",
                "text": "system:",
                "type": "string",
                "required": true
              },
              {
                "linkId": "value",
                "text": "value:",
                "type": "string",
                "required": true
              }
            ]
          },
          {
            "linkId": "SecurityEvent.object.reference",
            "text": "Specific instance of resource (e.g. versioned)",
            "question": [
              {
                "linkId": "reference",
                "text": "url:",
                "type": "string",
                "required": true
              }
            ]
          },
          {
            "linkId": "SecurityEvent.object.type",
            "text": "Object type being audited",
            "question": [
              {
                "linkId": "code",
                "text": "code:",
                "type": "string",
                "required": true
              }
            ]
          },
          {
            "linkId": "SecurityEvent.object.role",
            "text": "Functional application role of Object",
            "question": [
              {
                "linkId": "code",
                "text": "code:",
                "type": "string",
                "required": true
              }
            ]
          },
          {
            "linkId": "SecurityEvent.object.lifecycle",
            "text": "Life-cycle stage for the object",
            "question": [
              {
                "linkId": "code",
                "text": "code:",
                "type": "string",
                "required": true
              }
            ]
          },
          {
            "linkId": "SecurityEvent.object.sensitivity",
            "text": "Policy-defined sensitivity for the object",
            "question": [
              {
                "linkId": "text",
                "text": "text:",
                "type": "string",
                "required": true
              },
              {
                "linkId": "coding",
                "text": "code:",
                "type": "open-choice",
                "required": true,
                "repeats": true,
                "options": {
                  "reference": "http://hl7.org/fhir/vs/security-event-sensitivity"
                }
              }
            ]
          },
          {
            "linkId": "SecurityEvent.object.name",
            "text": "Instance-specific descriptor for Object",
            "question": [
              {
                "linkId": "string",
                "text": "value",
                "type": "string",
                "required": true
              }
            ]
          },
          {
            "linkId": "SecurityEvent.object.description",
            "text": "Descriptive text",
            "question": [
              {
                "linkId": "string",
                "text": "value",
                "type": "string",
                "required": true
              }
            ]
          },
          {
            "linkId": "SecurityEvent.object.query",
            "text": "Actual query for object"
          },
          {
            "linkId": "SecurityEvent.object.detail",
            "title": "Additional Information about the Object",
            "text": "Additional Information about the Object.",
            "repeats": true,
            "group": [
              {
                "linkId": "SecurityEvent.object.detail.type",
                "text": "Name of the property",
                "required": true,
                "question": [
                  {
                    "linkId": "string",
                    "text": "value",
                    "type": "string",
                    "required": true
                  }
                ]
              },
              {
                "linkId": "SecurityEvent.object.detail.value",
                "text": "Property value",
                "required": true
              }
            ]
          }
        ]
      }
    ]
  }
}