{
  "resourceType": "ValueSet",
  "text": {
    "status": "generated",
    "div": "<div><h2>QuestionnaireGroupSpecialType</h2><p>If specified, indicates that the group should be rendered as a repeating header or footer on each &quot;page&quot; of the questionnaire.</p><p>This value set defines its own terms in the system http://hl7.org/fhir/special-type</p><table><tr><td><b>Code</b></td><td><b>Display</b></td><td><b>Definition</b></td></tr><tr><td>header<a name=\"header\"> </a></td><td/><td>The group should repeat at the top of each &quot;page&quot; or rendered portion of the questionnaire.</td></tr><tr><td>footer<a name=\"footer\"> </a></td><td/><td>The group should repeat at the bottom of each &quot;page&quot; or rendered portion of the questionnaire.</td></tr></table></div>"
  },
  "identifier": "http://hl7.org/fhir/vs/special-type",
  "name": "QuestionnaireGroupSpecialType",
  "publisher": "HL7 (FHIR Project)",
  "telecom": [
    {
      "system": "url",
      "value": "http://hl7.org/fhir"
    },
    {
      "system": "email",
      "value": "fhir@lists.hl7.org"
    }
  ],
  "description": "If specified, indicates that the group should be rendered as a repeating header or footer on each \"page\" of the questionnaire.",
  "status": "draft",
  "date": "2014-08-09T07:35:36.911+10:00",
  "define": {
    "system": "http://hl7.org/fhir/special-type",
    "caseSensitive": true,
    "concept": [
      {
        "code": "header",
        "definition": "The group should repeat at the top of each \"page\" or rendered portion of the questionnaire."
      },
      {
        "code": "footer",
        "definition": "The group should repeat at the bottom of each \"page\" or rendered portion of the questionnaire."
      }
    ]
  }
}