{
  "resourceType": "Questionnaire",
  "text": {
    "status": "generated",
    "div": "<div><p><b>Generated Narrative with Details</b></p><p><b>status</b>: draft</p><p><b>date</b>: 9-Aug 2014 7:35</p><p><b>publisher</b>: HL7 FHIR Standard</p><blockquote><p><b>group</b></p><p><b>linkId</b>: Substance</p><p><b>title</b>: A homogeneous material with a definite composition</p><p><b>text</b>: A homogeneous material with a definite composition.</p><p><b>required</b>: true</p><blockquote><p><b>group</b></p></blockquote><blockquote><p><b>group</b></p></blockquote><blockquote><p><b>group</b></p></blockquote><blockquote><p><b>group</b></p></blockquote></blockquote></div>"
  },
  "status": "draft",
  "date": "2014-08-09T07:35:26.985+10:00",
  "publisher": "HL7 FHIR Standard",
  "group": {
    "linkId": "Substance",
    "title": "A homogeneous material with a definite composition",
    "text": "A homogeneous material with a definite composition.",
    "required": true,
    "group": [
      {
        "linkId": "Substance.type",
        "text": "What kind of substance this is",
        "required": true,
        "question": [
          {
            "linkId": "text",
            "text": "text:",
            "type": "string",
            "required": true
          },
          {
            "linkId": "coding",
            "text": "code:",
            "type": "open-choice",
            "required": true,
            "repeats": true,
            "options": {
              "reference": "http://hl7.org/fhir/vs/substance-type"
            }
          }
        ]
      },
      {
        "linkId": "Substance.description",
        "text": "Textual description of the substance, comments",
        "question": [
          {
            "linkId": "string",
            "text": "value",
            "type": "string",
            "required": true
          }
        ]
      },
      {
        "linkId": "Substance.instance",
        "title": "If this describes a specific package/container of the substance",
        "text": "Substance may be used to describe a kind of substance, or a specific package/container of the substance: an instance.",
        "group": [
          {
            "linkId": "Substance.instance.identifier",
            "text": "Identifier of the package/container",
            "question": [
              {
                "linkId": "label",
                "text": "label:",
                "type": "string",
                "required": true
              },
              {
                "linkId": "system",
                "text": "system:",
                "type": "string",
                "required": true
              },
              {
                "linkId": "value",
                "text": "value:",
                "type": "string",
                "required": true
              }
            ]
          },
          {
            "linkId": "Substance.instance.expiry",
            "text": "When no longer valid to use",
            "question": [
              {
                "linkId": "dateTime",
                "text": "date/time:",
                "type": "dateTime",
                "required": true
              }
            ]
          },
          {
            "linkId": "Substance.instance.quantity",
            "text": "Amount of substance in the package",
            "question": [
              {
                "linkId": "comparator",
                "text": "comp:",
                "type": "choice",
                "required": true,
                "options": {
                  "reference": "http://hl7.org/fhir/vs/quantity-comparator"
                }
              },
              {
                "linkId": "value",
                "text": "value:",
                "type": "decimal",
                "required": true
              },
              {
                "linkId": "units",
                "text": "units:",
                "type": "string",
                "required": true
              }
            ]
          }
        ]
      },
      {
        "linkId": "Substance.ingredient",
        "title": "Composition information about the substance",
        "text": "A substance can be composed of other substances.",
        "repeats": true,
        "group": [
          {
            "linkId": "Substance.ingredient.quantity",
            "text": "Optional amount (concentration)",
            "question": [
              {
                "linkId": "value",
                "text": "low:",
                "type": "decimal",
                "required": true
              },
              {
                "linkId": "value",
                "text": "high:",
                "type": "decimal",
                "required": true
              },
              {
                "linkId": "units",
                "text": "units:",
                "type": "string",
                "required": true
              }
            ]
          },
          {
            "linkId": "Substance.ingredient.substance",
            "text": "A component of the substance",
            "required": true,
            "question": [
              {
                "linkId": "reference",
                "text": "url:",
                "type": "string",
                "required": true
              }
            ]
          }
        ]
      }
    ]
  }
}