{"resourceType":"Supply","text":{"status":"generated","div":"<div>\n      <p>\n        <b>Generated Narrative with Details</b>\n      </p>\n      <p>\n        <b>kind</b>: Central Supply \n        <span style=\"background: LightGoldenRodYellow \">(Details : {http://hl7.org/fhir/supply-type code 'central' = 'Central Supply', given as 'Central Supply'})</span>\n      </p>\n      <p>\n        <b>identifier</b>: 23455\n      </p>\n      <p>\n        <b>status</b>: received\n      </p>\n      <p>\n        <b>orderedItem</b>: \n        <a href=\"device-example-f001-feedingtube.html\">Feeding tube. Generated Summary: \n          <span title=\"Codes: {http://snomed.info/sct 25062003}\">Feeding tube, device</span>\n        </a>\n      </p>\n      <h3>Dispenses</h3>\n      <table class=\"grid\">\n        <tr>\n          <td>\n            <b>Identifier</b>\n          </td>\n          <td>\n            <b>Status</b>\n          </td>\n          <td>\n            <b>Type</b>\n          </td>\n          <td>\n            <b>Quantity</b>\n          </td>\n          <td>\n            <b>SuppliedItem</b>\n          </td>\n          <td>\n            <b>Supplier</b>\n          </td>\n          <td>\n            <b>WhenPrepared</b>\n          </td>\n          <td>\n            <b>WhenHandedOver</b>\n          </td>\n          <td>\n            <b>Destination</b>\n          </td>\n          <td>\n            <b>Receiver</b>\n          </td>\n        </tr>\n        <tr>\n          <td>12345 (usual)</td>\n          <td>dispensed</td>\n          <td>Device \n            <span style=\"background: LightGoldenRodYellow \">(Details : {http://hl7.org/fhir/supply-item-type code 'device' = 'Device', given as 'Device'})</span>\n          </td>\n          <td>1 EA\n            <span style=\"background: LightGoldenRodYellow \"> (Details: http://unitsofmeasure.org/trac/ code {each} = '{each}')</span>\n          </td>\n          <td>\n            <a href=\"device-example-f001-feedingtube.html\">Feeding tube. Generated Summary: \n              <span title=\"Codes: {http://snomed.info/sct 25062003}\">Feeding tube, device</span>\n            </a>\n          </td>\n          <td>\n            <a href=\"practitioner-example-f006-rvdb.html\">Rob van den Berk . Generated Summary: 937223645 (official), 134IDY41W988 (usual); Rob van den Berk (official); \n              <span title=\"Codes: {http://hl7.org/fhir/v3/AdministrativeGender M}\">Male</span>; birthDate: 7-Dec 1975; \n              <span title=\"Codes: {urn:oid:2.16.840.1.113883.2.4.15.111 01.000}\">Care role</span>; \n              <span title=\"Codes: {urn:oid:2.16.840.1.113883.2.4.15.111 17.000}\">specialisation</span>\n            </a>\n          </td>\n          <td> </td>\n          <td>24-Jul 2014 1:23 --&gt; (ongoing)</td>\n          <td>\n            <a href=\"location-example-room.html\">Neuro Radiology Operation Room . Generated Summary: B1-S.F2.1.00; name: South Wing Neuro OR 1; description: Old South Wing, Neuro Radiology Operation Room 1 on second floor; \n              <span title=\"Codes: {http://hl7.org/fhir/v3/RoleCode RNEU}\">Neuroradiology unit</span>; \n              <span title=\"Codes: {http://hl7.org/fhir/location-physical-type ro}\">Room</span>; suspended\n            </a>\n          </td>\n          <td>\n            <a href=\"practitioner-example-f204-ce.html\">Carla Espinosa. Generated Summary: UZI-nummer = 12345678904 (official); Carla Espinosa; \n              <span title=\"Codes: {http://snomed.info/sct 248152002}\">Female</span>; birthDate: 5-Nov 1967; \n              <span title=\"Codes: {http://snomed.info/sct 224565004}\">Renal nurse</span>; \n              <span title=\"Codes: {http://snomed.info/sct 9632001}\">Nursing procedure</span>\n            </a>\n          </td>\n        </tr>\n      </table>\n    </div>"},"kind":{"coding":[{"system":"http://hl7.org/fhir/supply-type","code":"central","display":"Central Supply","primary":true,"valueSet":{"reference":"http://hl7.org/fhir/vs/supply-type","display":"supply-type"}}]},"identifier":{"system":"OR-Supply-Application","value":"23455","assigner":{"reference":"Organization/2.16.840.1.113883.19.5","display":"Good Health Clinic"}},"status":"received","orderedItem":{"reference":"Device/f001","display":"Feeding tube"},"dispense":[{"identifier":{"use":"usual","system":"MM-Supply-Application","value":"12345","assigner":{"reference":"Organization/2.16.840.1.113883.19.5","display":"Good Health Clinic"}},"status":"dispensed","type":{"coding":[{"system":"http://hl7.org/fhir/supply-item-type","code":"device","display":"Device","primary":true,"valueSet":{"reference":"http://hl7.org/fhir/vs/supply-item","display":"supply-item"}}]},"quantity":{"value":1,"units":"EA","system":"http://unitsofmeasure.org/trac/","code":"{each}"},"suppliedItem":{"reference":"Device/f001","display":"Feeding tube"},"supplier":{"reference":"Practitioner/f006","display":"Rob van den Berk "},"whenHandedOver":{"start":"2014-07-24T01:23:55-07:00"},"destination":{"reference":"Location/2","display":"Neuro Radiology Operation Room "},"receiver":[{"reference":"Practitioner/f204","display":"Carla Espinosa"}]}]}