{
  "resourceType": "Questionnaire",
  "text": {
    "status": "generated",
    "div": "<div><p><b>Generated Narrative with Details</b></p><p><b>status</b>: draft</p><p><b>date</b>: 9-Aug 2014 7:35</p><p><b>publisher</b>: HL7 FHIR Standard</p><blockquote><p><b>group</b></p><p><b>linkId</b>: Supply</p><p><b>title</b>: A supply -  request and provision</p><p><b>text</b>: A supply - a  request for something, and provision of what is supplied.</p><p><b>required</b>: true</p><blockquote><p><b>group</b></p></blockquote><blockquote><p><b>group</b></p></blockquote><blockquote><p><b>group</b></p></blockquote><blockquote><p><b>group</b></p></blockquote><blockquote><p><b>group</b></p></blockquote><blockquote><p><b>group</b></p></blockquote></blockquote></div>"
  },
  "status": "draft",
  "date": "2014-08-09T07:35:26.985+10:00",
  "publisher": "HL7 FHIR Standard",
  "group": {
    "linkId": "Supply",
    "title": "A supply -  request and provision",
    "text": "A supply - a  request for something, and provision of what is supplied.",
    "required": true,
    "group": [
      {
        "linkId": "Supply.kind",
        "text": "The kind of supply (central, non-stock, etc)",
        "question": [
          {
            "linkId": "text",
            "text": "text:",
            "type": "string",
            "required": true
          },
          {
            "linkId": "coding",
            "text": "code:",
            "type": "open-choice",
            "required": true,
            "repeats": true,
            "options": {
              "reference": "http://hl7.org/fhir/vs/supply-type"
            }
          }
        ]
      },
      {
        "linkId": "Supply.identifier",
        "text": "Unique identifier",
        "question": [
          {
            "linkId": "label",
            "text": "label:",
            "type": "string",
            "required": true
          },
          {
            "linkId": "system",
            "text": "system:",
            "type": "string",
            "required": true
          },
          {
            "linkId": "value",
            "text": "value:",
            "type": "string",
            "required": true
          }
        ]
      },
      {
        "linkId": "Supply.status",
        "text": "requested | dispensed | received | failed | cancelled",
        "question": [
          {
            "linkId": "code",
            "text": "code:",
            "type": "string",
            "required": true
          }
        ]
      },
      {
        "linkId": "Supply.orderedItem",
        "text": "Medication, Substance, or Device requested to be supplied"
      },
      {
        "linkId": "Supply.patient",
        "text": "Patient for whom the item is supplied",
        "question": [
          {
            "linkId": "reference",
            "text": "url:",
            "type": "string",
            "required": true
          }
        ]
      },
      {
        "linkId": "Supply.dispense",
        "title": "Supply details",
        "text": "Indicates the details of the dispense event such as the days supply and quantity of a supply dispensed.",
        "repeats": true,
        "group": [
          {
            "linkId": "Supply.dispense.identifier",
            "text": "External identifier",
            "question": [
              {
                "linkId": "label",
                "text": "label:",
                "type": "string",
                "required": true
              },
              {
                "linkId": "system",
                "text": "system:",
                "type": "string",
                "required": true
              },
              {
                "linkId": "value",
                "text": "value:",
                "type": "string",
                "required": true
              }
            ]
          },
          {
            "linkId": "Supply.dispense.status",
            "text": "in progress | dispensed | abandoned",
            "question": [
              {
                "linkId": "code",
                "text": "code:",
                "type": "string",
                "required": true
              }
            ]
          },
          {
            "linkId": "Supply.dispense.type",
            "text": "Category of dispense event",
            "question": [
              {
                "linkId": "text",
                "text": "text:",
                "type": "string",
                "required": true
              },
              {
                "linkId": "coding",
                "text": "code:",
                "type": "open-choice",
                "required": true,
                "repeats": true,
                "options": {
                  "reference": "http://hl7.org/fhir/vs/supply-item"
                }
              }
            ]
          },
          {
            "linkId": "Supply.dispense.quantity",
            "text": "Amount dispensed",
            "question": [
              {
                "linkId": "comparator",
                "text": "comp:",
                "type": "choice",
                "required": true,
                "options": {
                  "reference": "http://hl7.org/fhir/vs/quantity-comparator"
                }
              },
              {
                "linkId": "value",
                "text": "value:",
                "type": "decimal",
                "required": true
              },
              {
                "linkId": "units",
                "text": "units:",
                "type": "string",
                "required": true
              }
            ]
          },
          {
            "linkId": "Supply.dispense.suppliedItem",
            "text": "Medication, Substance, or Device supplied"
          },
          {
            "linkId": "Supply.dispense.supplier",
            "text": "Dispenser",
            "question": [
              {
                "linkId": "reference",
                "text": "url:",
                "type": "string",
                "required": true
              }
            ]
          },
          {
            "linkId": "Supply.dispense.whenPrepared",
            "text": "Dispensing time",
            "question": [
              {
                "linkId": "low",
                "text": "start:",
                "type": "dateTime",
                "required": true
              },
              {
                "linkId": "end",
                "text": "end:",
                "type": "dateTime",
                "required": true
              }
            ]
          },
          {
            "linkId": "Supply.dispense.whenHandedOver",
            "text": "Handover time",
            "question": [
              {
                "linkId": "low",
                "text": "start:",
                "type": "dateTime",
                "required": true
              },
              {
                "linkId": "end",
                "text": "end:",
                "type": "dateTime",
                "required": true
              }
            ]
          },
          {
            "linkId": "Supply.dispense.destination",
            "text": "Where the Supply was sent",
            "question": [
              {
                "linkId": "reference",
                "text": "url:",
                "type": "string",
                "required": true
              }
            ]
          },
          {
            "linkId": "Supply.dispense.receiver",
            "text": "Who collected the Supply",
            "repeats": true,
            "question": [
              {
                "linkId": "reference",
                "text": "url:",
                "type": "string",
                "required": true
              }
            ]
          }
        ]
      }
    ]
  }
}