<?xml version="1.0" encoding="UTF-8"?>

<Condition xmlns="http://hl7.org/fhir">
  <text>
    <status value="generated"/>
    <div xmlns="http://www.w3.org/1999/xhtml">
      <p>
        <b>Generated Narrative</b>
      </p>
      <p>
        <b>subject</b>: Roel
      </p>
      <p>
        <b>dateAsserted</b>: 1-Dec 2012
      </p>
      <p>
        <b>code</b>: 
        <span title="Codes: {http://snomed.info/sct 363346000}">Malignant neoplastic disease</span>
      </p>
      <p>
        <b>category</b>: 
        <span title="Codes: {http://hl7.org/fhir/condition-category diagnose}">diagnose</span>
      </p>
      <p>
        <b>status</b>: confirmed
      </p>
      <p>
        <b>certainty</b>: 
        <span title="Codes: {http://snomed.info/sct 17162000}">Certain</span>
      </p>
      <p>
        <b>severity</b>: 
        <span title="Codes: {http://snomed.info/sct 24484000}">Severe</span>
      </p>
      <p>
        <b>onset[x]</b>: 52 years
      </p>
      <h3>Evidences</h3>
      <table class="grid">
        <tr>
          <td>
            <b>Code</b>
          </td>
          <td>
            <b>Detail</b>
          </td>
        </tr>
        <tr>
          <td> </td>
          <td>Erasmus&#39; diagnostic report of Roel&#39;s tumor</td>
        </tr>
      </table>
      <h3>Locations</h3>
      <table class="grid">
        <tr>
          <td>
            <b>Code</b>
          </td>
          <td>
            <b>Detail</b>
          </td>
        </tr>
        <tr>
          <td>
            <span title="Codes: {http://snomed.info/sct 361355005}">Entire head and neck</span>
          </td>
          <td> </td>
        </tr>
      </table>
    </div>
  </text>
  <subject>
    <reference value="Patient/f201"/>
    <display value="Roel"/>
  </subject>
  <dateAsserted value="2012-12-01"/>
  <code>
    <coding>
      <system value="http://snomed.info/sct"/>
      <code value="363346000"/>
      <display value="Malignant neoplastic disease"/>
    </coding>
  </code>
  <category>
    <coding>
      <system value="http://hl7.org/fhir/condition-category"/>
      <code value="diagnose"/>
    </coding>
  </category>
  <status value="confirmed"/>
  <certainty>
    <coding>
      <system value="http://snomed.info/sct"/>
      <code value="17162000"/>
      <display value="Certain"/>
    </coding>
  </certainty>
  <severity>
    <coding>
      <system value="http://snomed.info/sct"/>
      <code value="24484000"/>
      <display value="Severe"/>
    </coding>
  </severity>
  <onsetAge>
    <value value="52"/>
    <units value="years"/>
    <system value="http://snomed.info/sct"/>
    <code value="258707000"/>
  </onsetAge>
  <evidence>
    <detail>
      <reference value="DiagnosticReport/f201"/>
      <display value="Erasmus&#39; diagnostic report of Roel&#39;s tumor"/>
    </detail>
  </evidence>
  <location>
    <code>
      <coding>
        <system value="http://snomed.info/sct"/>
        <code value="361355005"/>
        <display value="Entire head and neck"/>
      </coding>
    </code>
  </location>
</Condition>