<?xml version="1.0" encoding="UTF-8"?>

<Condition xmlns="http://hl7.org/fhir">
  <text>
    <status value="generated"/>
    <div xmlns="http://www.w3.org/1999/xhtml">
      <p>
        <b>Generated Narrative</b>
      </p>
      <p>
        <b>subject</b>: Roel
      </p>
      <p>
        <b>encounter</b>: Roel&#39;s encounter on March eleventh
      </p>
      <p>
        <b>asserter</b>: 
        <a href="practitioner-example-f201-ab.html">UZI-nummer = 12345678901 (official); Dokter Bronsig(official); Male; birthDate: 24-Dec 1956; Implementation of planned interventions; Medical oncologist</a>
      </p>
      <p>
        <b>dateAsserted</b>: 11-Mar 2013
      </p>
      <p>
        <b>code</b>: 
        <span title="Codes: {http://snomed.info/sct 36225005}">Acute renal insufficiency specified as due to procedure</span>
      </p>
      <p>
        <b>category</b>: 
        <span title="Codes: {http://snomed.info/sct 55607006}, {http://hl7.org/fhir/condition-category condition}">Problem</span>
      </p>
      <p>
        <b>status</b>: working
      </p>
      <p>
        <b>severity</b>: 
        <span title="Codes: {http://snomed.info/sct 24484000}">Severe</span>
      </p>
      <p>
        <b>onset[x]</b>: 11-Mar 2013
      </p>
      <p>
        <b>abatement[x]</b>: 20-Mar 2013
      </p>
      <h3>Stages</h3>
      <table class="grid">
        <tr>
          <td>
            <b>Summary</b>
          </td>
          <td>
            <b>Assessment</b>
          </td>
        </tr>
        <tr>
          <td>
            <span title="Codes: {http://snomed.info/sct 14803004}">Temporary</span>
          </td>
          <td> </td>
        </tr>
      </table>
      <h3>Locations</h3>
      <table class="grid">
        <tr>
          <td>
            <b>Code</b>
          </td>
          <td>
            <b>Detail</b>
          </td>
        </tr>
        <tr>
          <td>
            <span title="Codes: {http://snomed.info/sct 181414000}">Kidney</span>
          </td>
          <td> </td>
        </tr>
      </table>
      <h3>RelatedItems</h3>
      <table class="grid">
        <tr>
          <td>
            <b>Type</b>
          </td>
          <td>
            <b>Code</b>
          </td>
          <td>
            <b>Target</b>
          </td>
        </tr>
        <tr>
          <td>dueto</td>
          <td> </td>
          <td>TPF chemotherapy for the sphenoid bone</td>
        </tr>
      </table>
    </div>
  </text>
  <subject>
    <reference value="Patient/f201"/>
    <display value="Roel"/>
  </subject>
  <encounter>
    <reference value="Encounter/f203"/>
    <display value="Roel&#39;s encounter on March eleventh"/>
  </encounter>
  <asserter>
    <reference value="Practitioner/f201"/>
  </asserter>
  <dateAsserted value="2013-03-11"/>
  <code>
    <coding>
      <system value="http://snomed.info/sct"/>
      <code value="36225005"/>
      <display value="Acute renal insufficiency specified as due to procedure"/>
    </coding>
  </code>
  <category>
    <coding>
      <system value="http://snomed.info/sct"/>
      <code value="55607006"/>
      <display value="Problem"/>
    </coding>
    <coding>
      <system value="http://hl7.org/fhir/condition-category"/>
      <code value="condition"/>
    </coding>
  </category>
  <status value="working"/>
  <severity>
    <coding>
      <system value="http://snomed.info/sct"/>
      <code value="24484000"/>
      <display value="Severe"/>
    </coding>
  </severity>
  <onsetDate value="2013-03-11"/>
  <abatementDate value="2013-03-20"/>
  <stage>
    <summary>
      <coding>
        <system value="http://snomed.info/sct"/>
        <code value="14803004"/>
        <display value="Temporary"/>
      </coding>
    </summary>
  </stage>
  <location>
    <code>
      <coding>
        <system value="http://snomed.info/sct"/>
        <code value="181414000"/>
        <display value="Kidney"/>
      </coding>
    </code>
  </location>
  <relatedItem>
    <type value="due-to"/>
    <target>
      <reference value="Procedure/f201"/>
      <display value="TPF chemotherapy for the sphenoid bone"/>
    </target>
  </relatedItem>
</Condition>