{"resourceType":"Condition","text":{"status":"generated","div":"<div>\n      <p>\n        <b>Generated Narrative</b>\n      </p>\n      <p>\n        <b>subject</b>: P. van de Heuvel\n      </p>\n      <p>\n        <b>encounter</b>: \n        <a href=\"encounter-example-f003-abscess.html\">v6751 (official); finished; outpatient; Patient-initiated encounter; 90 min; Retropharyngeal abscess; Non-urgent ear, nose and throat admission</a>\n      </p>\n      <p>\n        <b>asserter</b>: P. van de Heuvel\n      </p>\n      <p>\n        <b>dateAsserted</b>: 20-Feb 2012\n      </p>\n      <p>\n        <b>code</b>: \n        <span title=\"Codes: {http://snomed.info/sct 18099001}\">Retropharyngeal abscess</span>\n      </p>\n      <p>\n        <b>category</b>: \n        <span title=\"Codes: {http://snomed.info/sct 439401001}\">diagnosis</span>\n      </p>\n      <p>\n        <b>status</b>: confirmed\n      </p>\n      <p>\n        <b>severity</b>: \n        <span title=\"Codes: {http://snomed.info/sct 371923003}\">Mild to moderate</span>\n      </p>\n      <p>\n        <b>onset[x]</b>: 27-Feb 2012\n      </p>\n      <h3>Evidences</h3>\n      <table class=\"grid\">\n        <tr>\n          <td>\n            <b>Code</b>\n          </td>\n          <td>\n            <b>Detail</b>\n          </td>\n        </tr>\n        <tr>\n          <td>\n            <span title=\"Codes: {http://snomed.info/sct 169068008}\">CT of neck</span>\n          </td>\n          <td> </td>\n        </tr>\n      </table>\n      <h3>Locations</h3>\n      <table class=\"grid\">\n        <tr>\n          <td>\n            <b>Code</b>\n          </td>\n          <td>\n            <b>Detail</b>\n          </td>\n        </tr>\n        <tr>\n          <td>\n            <span title=\"Codes: {http://snomed.info/sct 280193007}\">Entire retropharyngeal area</span>\n          </td>\n          <td> </td>\n        </tr>\n      </table>\n    </div>"},"subject":{"reference":"Patient/f001","display":"P. van de Heuvel"},"encounter":{"reference":"Encounter/f003"},"asserter":{"reference":"Patient/f001","display":"P. van de Heuvel"},"dateAsserted":"2012-02-20","code":{"coding":[{"system":"http://snomed.info/sct","code":"18099001","display":"Retropharyngeal abscess"}]},"category":{"coding":[{"system":"http://snomed.info/sct","code":"439401001","display":"diagnosis"}]},"status":"confirmed","severity":{"coding":[{"system":"http://snomed.info/sct","code":"371923003","display":"Mild to moderate"}]},"onsetDate":"2012-02-27","evidence":[{"code":{"coding":[{"system":"http://snomed.info/sct","code":"169068008","display":"CT of neck"}]}}],"location":[{"code":{"coding":[{"system":"http://snomed.info/sct","code":"280193007","display":"Entire retropharyngeal area"}]}}]}