{"resourceType":"Condition","text":{"status":"generated","div":"<div>\n      <p>\n        <b>Generated Narrative</b>\n      </p>\n      <p>\n        <b>subject</b>: Roel\n      </p>\n      <p>\n        <b>encounter</b>: Roel's encounter on March eleventh\n      </p>\n      <p>\n        <b>asserter</b>: \n        <a href=\"practitioner-example-f201-ab.html\">UZI-nummer = 12345678901 (official); Dokter Bronsig(official); Male; birthDate: 24-Dec 1956; Implementation of planned interventions; Medical oncologist</a>\n      </p>\n      <p>\n        <b>dateAsserted</b>: 11-Mar 2013\n      </p>\n      <p>\n        <b>code</b>: \n        <span title=\"Codes: {http://snomed.info/sct 36225005}\">Acute renal insufficiency specified as due to procedure</span>\n      </p>\n      <p>\n        <b>category</b>: \n        <span title=\"Codes: {http://snomed.info/sct 55607006}, {http://hl7.org/fhir/condition-category condition}\">Problem</span>\n      </p>\n      <p>\n        <b>status</b>: working\n      </p>\n      <p>\n        <b>severity</b>: \n        <span title=\"Codes: {http://snomed.info/sct 24484000}\">Severe</span>\n      </p>\n      <p>\n        <b>onset[x]</b>: 11-Mar 2013\n      </p>\n      <p>\n        <b>abatement[x]</b>: 20-Mar 2013\n      </p>\n      <h3>Stages</h3>\n      <table class=\"grid\">\n        <tr>\n          <td>\n            <b>Summary</b>\n          </td>\n          <td>\n            <b>Assessment</b>\n          </td>\n        </tr>\n        <tr>\n          <td>\n            <span title=\"Codes: {http://snomed.info/sct 14803004}\">Temporary</span>\n          </td>\n          <td> </td>\n        </tr>\n      </table>\n      <h3>Locations</h3>\n      <table class=\"grid\">\n        <tr>\n          <td>\n            <b>Code</b>\n          </td>\n          <td>\n            <b>Detail</b>\n          </td>\n        </tr>\n        <tr>\n          <td>\n            <span title=\"Codes: {http://snomed.info/sct 181414000}\">Kidney</span>\n          </td>\n          <td> </td>\n        </tr>\n      </table>\n      <h3>RelatedItems</h3>\n      <table class=\"grid\">\n        <tr>\n          <td>\n            <b>Type</b>\n          </td>\n          <td>\n            <b>Code</b>\n          </td>\n          <td>\n            <b>Target</b>\n          </td>\n        </tr>\n        <tr>\n          <td>dueto</td>\n          <td> </td>\n          <td>TPF chemotherapy for the sphenoid bone</td>\n        </tr>\n      </table>\n    </div>"},"subject":{"reference":"Patient/f201","display":"Roel"},"encounter":{"reference":"Encounter/f203","display":"Roel's encounter on March eleventh"},"asserter":{"reference":"Practitioner/f201"},"dateAsserted":"2013-03-11","code":{"coding":[{"system":"http://snomed.info/sct","code":"36225005","display":"Acute renal insufficiency specified as due to procedure"}]},"category":{"coding":[{"system":"http://snomed.info/sct","code":"55607006","display":"Problem"},{"system":"http://hl7.org/fhir/condition-category","code":"condition"}]},"status":"working","severity":{"coding":[{"system":"http://snomed.info/sct","code":"24484000","display":"Severe"}]},"onsetDate":"2013-03-11","abatementDate":"2013-03-20","stage":{"summary":{"coding":[{"system":"http://snomed.info/sct","code":"14803004","display":"Temporary"}]}},"location":[{"code":{"coding":[{"system":"http://snomed.info/sct","code":"181414000","display":"Kidney"}]}}],"relatedItem":[{"type":"due-to","target":{"reference":"Procedure/f201","display":"TPF chemotherapy for the sphenoid bone"}}]}