{"resourceType":"Condition","text":{"status":"generated","div":"<div>\n      <p>\n        <b>Generated Narrative</b>\n      </p>\n      <p>\n        <b>subject</b>: P. van de Heuvel\n      </p>\n      <p>\n        <b>encounter</b>: \n        <a href=\"encounter-example-f001-heart.html\">v1451 (official); finished; outpatient; Patient-initiated encounter; 140 min; Heart valve replacement; Non-urgent cardiological admission</a>\n      </p>\n      <p>\n        <b>asserter</b>: P. van de Heuvel\n      </p>\n      <p>\n        <b>dateAsserted</b>: 5-Oct 2011\n      </p>\n      <p>\n        <b>code</b>: \n        <span title=\"Codes: {http://snomed.info/sct 368009}\">Heart valve disorder</span>\n      </p>\n      <p>\n        <b>category</b>: \n        <span title=\"Codes: {http://snomed.info/sct 439401001}\">diagnosis</span>\n      </p>\n      <p>\n        <b>status</b>: confirmed\n      </p>\n      <p>\n        <b>severity</b>: \n        <span title=\"Codes: {http://snomed.info/sct 6736007}\">Moderate</span>\n      </p>\n      <p>\n        <b>onset[x]</b>: 5-Aug 2011\n      </p>\n      <h3>Evidences</h3>\n      <table class=\"grid\">\n        <tr>\n          <td>\n            <b>Code</b>\n          </td>\n          <td>\n            <b>Detail</b>\n          </td>\n        </tr>\n        <tr>\n          <td>\n            <span title=\"Codes: {http://snomed.info/sct 426396005}\">Cardiac chest pain</span>\n          </td>\n          <td> </td>\n        </tr>\n      </table>\n      <h3>Locations</h3>\n      <table class=\"grid\">\n        <tr>\n          <td>\n            <b>Code</b>\n          </td>\n          <td>\n            <b>Detail</b>\n          </td>\n        </tr>\n        <tr>\n          <td>\n            <span title=\"Codes: {http://snomed.info/sct 40768004}\">Left thorax</span>\n          </td>\n          <td>heart structure</td>\n        </tr>\n      </table>\n    </div>"},"subject":{"reference":"Patient/f001","display":"P. van de Heuvel"},"encounter":{"reference":"Encounter/f001"},"asserter":{"reference":"Patient/f001","display":"P. van de Heuvel"},"dateAsserted":"2011-10-05","code":{"coding":[{"system":"http://snomed.info/sct","code":"368009","display":"Heart valve disorder"}]},"category":{"coding":[{"system":"http://snomed.info/sct","code":"439401001","display":"diagnosis"}]},"status":"confirmed","severity":{"coding":[{"system":"http://snomed.info/sct","code":"6736007","display":"Moderate"}]},"onsetDate":"2011-08-05","evidence":[{"code":{"coding":[{"system":"http://snomed.info/sct","code":"426396005","display":"Cardiac chest pain"}]}}],"location":[{"code":{"coding":[{"system":"http://snomed.info/sct","code":"40768004","display":"Left thorax"}]},"detail":"heart structure"}]}