{
  "resourceType": "ValueSet",
  "text": {
    "status": "generated",
    "div": "<div><h2>ConstraintSeverity</h2><p>SHALL applications comply with this constraint?</p><p>This value set defines its own terms in the system http://hl7.org/fhir/constraint-severity</p><table><tr><td><b>Code</b></td><td><b>Display</b></td><td><b>Definition</b></td></tr><tr><td>error<a name=\"error\"> </a></td><td/><td>If the constraint is violated, the resource is not conformant.</td></tr><tr><td>warning<a name=\"warning\"> </a></td><td/><td>If the constraint is violated, the resource is conformant, but it is not necessarily following best practice.</td></tr></table></div>"
  },
  "identifier": "http://hl7.org/fhir/vs/constraint-severity",
  "name": "ConstraintSeverity",
  "publisher": "HL7 (FHIR Project)",
  "telecom": [
    {
      "system": "url",
      "value": "http://hl7.org/fhir"
    },
    {
      "system": "email",
      "value": "fhir@lists.hl7.org"
    }
  ],
  "description": "SHALL applications comply with this constraint?",
  "status": "draft",
  "date": "2014-05-09T11:15:10.114+10:00",
  "define": {
    "system": "http://hl7.org/fhir/constraint-severity",
    "caseSensitive": true,
    "concept": [
      {
        "code": "error",
        "definition": "If the constraint is violated, the resource is not conformant."
      },
      {
        "code": "warning",
        "definition": "If the constraint is violated, the resource is conformant, but it is not necessarily following best practice."
      }
    ]
  }
}