<?xml version="1.0" encoding="UTF-8"?>

<ValueSet xmlns="http://hl7.org/fhir">
  <text>
    <status value="generated"/>
    <div xmlns="http://www.w3.org/1999/xhtml">
      <h2>Criticality</h2>
      <p>The criticality of an adverse sensitivity</p>
      <p>This value set defines its own terms in the system http://hl7.org/fhir/criticality</p>
      <table>
        <tr>
          <td>
            <b>Code</b>
          </td>
          <td>
            <b>Display</b>
          </td>
          <td>
            <b>Definition</b>
          </td>
        </tr>
        <tr>
          <td>fatal
            <a name="fatal"> </a>
          </td>
          <td/>
          <td>Likely to result in death if re-exposed.</td>
        </tr>
        <tr>
          <td>high
            <a name="high"> </a>
          </td>
          <td/>
          <td>Likely to result in reactions that will need to be treated if re-exposed.</td>
        </tr>
        <tr>
          <td>medium
            <a name="medium"> </a>
          </td>
          <td/>
          <td>Likely to result in reactions that will inconvenience the subject.</td>
        </tr>
        <tr>
          <td>low
            <a name="low"> </a>
          </td>
          <td/>
          <td>Not likely to result in any inconveniences for the subject.</td>
        </tr>
      </table>
    </div>
  </text>
  <identifier value="http://hl7.org/fhir/vs/criticality"/>
  <name value="Criticality"/>
  <publisher value="HL7 (FHIR Project)"/>
  <telecom>
    <system value="url"/>
    <value value="http://hl7.org/fhir"/>
  </telecom>
  <telecom>
    <system value="email"/>
    <value value="fhir@lists.hl7.org"/>
  </telecom>
  <description value="The criticality of an adverse sensitivity"/>
  <status value="draft"/>
  <date value="2014-05-09T11:15:10.111+10:00"/>
  <define>
    <system value="http://hl7.org/fhir/criticality"/>
    <caseSensitive value="true"/>
    <concept>
      <code value="fatal"/>
      <definition value="Likely to result in death if re-exposed."/>
    </concept>
    <concept>
      <code value="high"/>
      <definition value="Likely to result in reactions that will need to be treated if re-exposed."/>
    </concept>
    <concept>
      <code value="medium"/>
      <definition value="Likely to result in reactions that will inconvenience the subject."/>
    </concept>
    <concept>
      <code value="low"/>
      <definition value="Not likely to result in any inconveniences for the subject."/>
    </concept>
  </define>
</ValueSet>