{
  "resourceType": "Profile",
  "text": {
    "status": "generated",
    "div": "<div><pre>\r\n&lt;<a title=\"Describes the data produced by a device at a point in time.\" class=\"dict\" href=\"deviceobservationreport-definitions.html#DeviceObservationReport\"><b>DeviceObservationReport</b></a> xmlns=&quot;http://hl7.org/fhir&quot;&gt; <span style=\"float: right\"><a title=\"Documentation for this format\" href=\"formats.html\"><img alt=\"doco\" src=\"help.png\"/></a></span>\r\n &lt;!-- from <a href=\"resources.html\">Resource</a>: <a href=\"extensibility.html\">extension</a>, <a href=\"extensibility.html#modifierExtension\">modifierExtension</a>, language, <a href=\"narrative.html#Narrative\">text</a>, and <a href=\"references.html#contained\">contained</a> --&gt;\r\n &lt;<a title=\"The point in time that the values are reported.\" class=\"dict\" href=\"deviceobservationreport-definitions.html#DeviceObservationReport.instant\"><b>instant</b></a> value=&quot;[<span style=\"color: darkgreen\"><a href=\"datatypes.html#instant\">instant</a></span>]&quot;/&gt;<span style=\"color: Gray\">&lt;!--</span> <span style=\"color: brown\"><b>1..1</b></span> <span style=\"color: navy\">When the data values are reported</span><span style=\"color: Gray\"> --&gt;</span>\r\n &lt;<a title=\"An identifier assigned to this observation bu the source device that made the observation.\" class=\"dict\" href=\"deviceobservationreport-definitions.html#DeviceObservationReport.identifier\"><b>identifier</b></a>&gt;<span style=\"color: Gray\">&lt;!--</span> <span style=\"color: brown\"><b>0..1</b></span> <span style=\"color: darkgreen\"><a href=\"datatypes.html#Identifier\">Identifier</a></span> <span style=\"color: navy\">As assigned by the source device</span><span style=\"color: Gray\"> --&gt;</span>&lt;/identifier&gt;\r\n &lt;<a title=\"Identification information for the device that is the source of the data.\" class=\"dict\" href=\"deviceobservationreport-definitions.html#DeviceObservationReport.source\"><b>source</b></a>&gt;<span style=\"color: Gray\">&lt;!--</span> <span style=\"color: brown\"><b>1..1</b></span> <span style=\"color: darkgreen\"><a href=\"references.html#Resource\">Resource</a>(<a href=\"device.html#Device\">Device</a>)</span> <span style=\"color: navy\">Identifies/describes where the data came from</span><span style=\"color: Gray\"> --&gt;</span>&lt;/source&gt;\r\n &lt;<a title=\"The subject of the measurement.\" class=\"dict\" href=\"deviceobservationreport-definitions.html#DeviceObservationReport.subject\"><b>subject</b></a>&gt;<span style=\"color: Gray\">&lt;!--</span> <span style=\"color: brown\"><b>0..1</b></span> <span style=\"color: darkgreen\"><a href=\"references.html#Resource\">Resource</a>(<a href=\"patient.html#Patient\">Patient</a>|<a href=\"device.html#Device\">Device</a>|<a href=\"location.html#Location\">Location</a>)</span> <span style=\"color: navy\">Subject of the measurement</span><span style=\"color: Gray\"> --&gt;</span>&lt;/subject&gt;\r\n &lt;<a title=\"A medical-related subsystem of a medical device.\" class=\"dict\" href=\"deviceobservationreport-definitions.html#DeviceObservationReport.virtualDevice\"><b>virtualDevice</b></a>&gt;  <span style=\"color: Gray\">&lt;!-- <span style=\"color: brown\"><b>0..*</b></span> A medical-related subsystem of a medical device --&gt;</span>\r\n  &lt;<a title=\"Describes the compartment.\" class=\"dict\" href=\"deviceobservationreport-definitions.html#DeviceObservationReport.virtualDevice.code\"><b>code</b></a>&gt;<span style=\"color: Gray\">&lt;!--</span> <span style=\"color: brown\"><b>0..1</b></span> <span style=\"color: darkgreen\"><a href=\"datatypes.html#CodeableConcept\">CodeableConcept</a></span> <span style=\"color: navy\"><a style=\"color: navy\" href=\"http://hit-testing.nist.gov:13110/rtmms/index.htm.html\">Describes the compartment</a></span><span style=\"color: Gray\"> --&gt;</span>&lt;/code&gt;\r\n  &lt;<a title=\"Groups together physiological measurement data and derived data.\" class=\"dict\" href=\"deviceobservationreport-definitions.html#DeviceObservationReport.virtualDevice.channel\"><b>channel</b></a>&gt;  <span style=\"color: Gray\">&lt;!-- <span style=\"color: brown\"><b>0..*</b></span> Groups related data items --&gt;</span>\r\n   &lt;<a title=\"Describes the channel.\" class=\"dict\" href=\"deviceobservationreport-definitions.html#DeviceObservationReport.virtualDevice.channel.code\"><b>code</b></a>&gt;<span style=\"color: Gray\">&lt;!--</span> <span style=\"color: brown\"><b>0..1</b></span> <span style=\"color: darkgreen\"><a href=\"datatypes.html#CodeableConcept\">CodeableConcept</a></span> <span style=\"color: navy\"><a style=\"color: navy\" href=\"http://hit-testing.nist.gov:13110/rtmms/index.htm.html\">Describes the channel</a></span><span style=\"color: Gray\"> --&gt;</span>&lt;/code&gt;\r\n   &lt;<a title=\"A piece of measured or derived data that is reported by the machine.\" class=\"dict\" href=\"deviceobservationreport-definitions.html#DeviceObservationReport.virtualDevice.channel.metric\"><b>metric</b></a>&gt;  <span style=\"color: Gray\">&lt;!-- <span style=\"color: brown\"><b>0..*</b></span> Piece of data reported by device --&gt;</span>\r\n    &lt;<a title=\"The data for the metric.\" class=\"dict\" href=\"deviceobservationreport-definitions.html#DeviceObservationReport.virtualDevice.channel.metric.observation\"><b>observation</b></a>&gt;<span style=\"color: Gray\">&lt;!--</span> <span style=\"color: brown\"><b>1..1</b></span> <span style=\"color: darkgreen\"><a href=\"references.html#Resource\">Resource</a>(<a href=\"observation.html#Observation\">Observation</a>)</span> <span style=\"color: navy\">The data for the metric</span><span style=\"color: Gray\"> --&gt;</span>&lt;/observation&gt;\r\n   &lt;/metric&gt;\r\n  &lt;/channel&gt;\r\n &lt;/virtualDevice&gt;\r\n&lt;/DeviceObservationReport&gt;\r\n</pre></div>"
  },
  "name": "deviceobservationreport",
  "publisher": "FHIR Project",
  "description": "Basic Profile. Describes the data produced by a device at a point in time.",
  "status": "draft",
  "date": "2014-05-09",
  "requirements": "Scope and Usage This resource carries a set of data from a device that is observing a subject. Most commonly, the subject is a patient, and the device is something like a vital signs monitor, or a glucose measurement device, but other kinds of subjects and devices are expected as well. \r\n\r\nThis resource does not cater for: \r\n\r\n* Supporting real-time analytics and in particular, alarms that might be raised as a result of such analysis\r\n* Sending commands to a device\r\nThis capability is expected to be subject of additional resources that are yet to be developed, and implmenter input on this is welcome.",
  "mapping": [
    {
      "identity": "rim",
      "uri": "http://hl7.org/v3",
      "name": "RIM"
    }
  ],
  "structure": [
    {
      "type": "DeviceObservationReport",
      "publish": true,
      "element": [
        {
          "path": "DeviceObservationReport",
          "definition": {
            "short": "Describes the data produced by a device at a point in time",
            "formal": "Describes the data produced by a device at a point in time.",
            "min": 1,
            "max": "1",
            "type": [
              {
                "code": "Resource"
              }
            ],
            "isModifier": false,
            "mapping": [
              {
                "identity": "rim",
                "map": "Observation[classCode=OBS, moodCode=EVN, code < DeviceObservation]"
              }
            ]
          }
        },
        {
          "path": "DeviceObservationReport.extension",
          "definition": {
            "short": "Additional Content defined by implementations",
            "formal": "May be used to represent additional information that is not part of the basic definition of the resource. In order to make the use of extensions safe and manageable, there is a strict governance applied to the definition and use of extensions. Though any implementer is allowed to define an extension, there is a set of requirements that SHALL be met as part of the definition of the extension.",
            "comments": "there can be no stigma associated with the use of extensions by any application, project, or standard - regardless of the institution or jurisdiction that uses or defines the extensions.  The use of extensions is what allows the FHIR specification to retain a core simplicity for everyone.",
            "synonym": [
              "extensions",
              "user content"
            ],
            "min": 0,
            "max": "*",
            "type": [
              {
                "code": "Extension"
              }
            ],
            "isModifier": false
          }
        },
        {
          "path": "DeviceObservationReport.modifierExtension",
          "definition": {
            "short": "Extensions that cannot be ignored",
            "formal": "May be used to represent additional information that is not part of the basic definition of the resource, and that modifies the understanding of the element that contains it. Usually modifier elements provide negation or qualification. In order to make the use of extensions safe and manageable, there is a strict governance applied to the definition and use of extensions. Though any implementer is allowed to define an extension, there is a set of requirements that SHALL be met as part of the definition of the extension. Applications processing a resource are required to check for modifier extensions.",
            "comments": "there can be no stigma associated with the use of extensions by any application, project, or standard - regardless of the institution or jurisdiction that uses or defines the extensions.  The use of extensions is what allows the FHIR specification to retain a core simplicity for everyone.",
            "synonym": [
              "extensions",
              "user content"
            ],
            "min": 0,
            "max": "*",
            "type": [
              {
                "code": "Extension"
              }
            ],
            "isModifier": false
          }
        },
        {
          "path": "DeviceObservationReport.text",
          "definition": {
            "short": "Text summary of the resource, for human interpretation",
            "formal": "A human-readable narrative that contains a summary of the resource, and may be used to represent the content of the resource to a human. The narrative need not encode all the structured data, but is required to contain sufficient detail to make it \"clinically safe\" for a human to just read the narrative. Resource definitions may define what content should be represented in the narrative to ensure clinical safety.",
            "comments": "Contained resources do not have narrative. Resources that are not contained SHOULD have a narrative.",
            "synonym": [
              "narrative",
              "html",
              "xhtml",
              "display"
            ],
            "min": 0,
            "max": "1",
            "type": [
              {
                "code": "Narrative"
              }
            ],
            "isModifier": false
          }
        },
        {
          "path": "DeviceObservationReport.contained",
          "definition": {
            "short": "Contained, inline Resources",
            "formal": "These resources do not have an independent existence apart from the resource that contains them - they cannot be identified independently, and nor can they have their own independent transaction scope.",
            "comments": "This should never be done when the content can be identified properly, as once identification is lost, it is extremely difficult (and context dependent) to restore it again.",
            "synonym": [
              "inline resources",
              "anonymous resources",
              "contained resources"
            ],
            "min": 0,
            "max": "*",
            "type": [
              {
                "code": "Resource"
              }
            ],
            "isModifier": false
          }
        },
        {
          "path": "DeviceObservationReport.instant",
          "definition": {
            "short": "When the data values are reported",
            "formal": "The point in time that the values are reported.",
            "min": 1,
            "max": "1",
            "type": [
              {
                "code": "instant"
              }
            ],
            "isModifier": false,
            "mapping": [
              {
                "identity": "rim",
                "map": ".effectiveTime"
              }
            ]
          }
        },
        {
          "path": "DeviceObservationReport.identifier",
          "definition": {
            "short": "As assigned by the source device",
            "formal": "An identifier assigned to this observation bu the source device that made the observation.",
            "min": 0,
            "max": "1",
            "type": [
              {
                "code": "Identifier"
              }
            ],
            "isModifier": false,
            "mapping": [
              {
                "identity": "rim",
                "map": ".id"
              }
            ]
          }
        },
        {
          "path": "DeviceObservationReport.source",
          "definition": {
            "short": "Identifies/describes where the data came from",
            "formal": "Identification information for the device that is the source of the data.",
            "min": 1,
            "max": "1",
            "type": [
              {
                "code": "ResourceReference",
                "profile": "http://hl7.org/fhir/profiles/Device"
              }
            ],
            "isModifier": false,
            "mapping": [
              {
                "identity": "rim",
                "map": ".participation[typeCode=PFM].role[player.classCode=DEV]"
              }
            ]
          }
        },
        {
          "path": "DeviceObservationReport.subject",
          "definition": {
            "short": "Subject of the measurement",
            "formal": "The subject of the measurement.",
            "min": 0,
            "max": "1",
            "type": [
              {
                "code": "ResourceReference",
                "profile": "http://hl7.org/fhir/profiles/Patient"
              },
              {
                "code": "ResourceReference",
                "profile": "http://hl7.org/fhir/profiles/Device"
              },
              {
                "code": "ResourceReference",
                "profile": "http://hl7.org/fhir/profiles/Location"
              }
            ],
            "isModifier": false,
            "mapping": [
              {
                "identity": "rim",
                "map": ".participation[typeCode=SBJ].role"
              }
            ]
          }
        },
        {
          "path": "DeviceObservationReport.virtualDevice",
          "definition": {
            "short": "A medical-related subsystem of a medical device",
            "formal": "A medical-related subsystem of a medical device.",
            "min": 0,
            "max": "*",
            "isModifier": false,
            "mapping": [
              {
                "identity": "rim",
                "map": ".outboundRelationship[typeCode='COMP'].target[classCode=OBS, moodCode=EVN, code < \"virtual device compartment\"]"
              }
            ]
          }
        },
        {
          "path": "DeviceObservationReport.virtualDevice.extension",
          "definition": {
            "short": "Additional Content defined by implementations",
            "formal": "May be used to represent additional information that is not part of the basic definition of the resource. In order to make the use of extensions safe and manageable, there is a strict governance applied to the definition and use of extensions. Though any implementer is allowed to define an extension, there is a set of requirements that SHALL be met as part of the definition of the extension.",
            "comments": "there can be no stigma associated with the use of extensions by any application, project, or standard - regardless of the institution or jurisdiction that uses or defines the extensions.  The use of extensions is what allows the FHIR specification to retain a core simplicity for everyone.",
            "synonym": [
              "extensions",
              "user content"
            ],
            "min": 0,
            "max": "*",
            "type": [
              {
                "code": "Extension"
              }
            ],
            "isModifier": false
          }
        },
        {
          "path": "DeviceObservationReport.virtualDevice.modifierExtension",
          "definition": {
            "short": "Extensions that cannot be ignored",
            "formal": "May be used to represent additional information that is not part of the basic definition of the resource, and that modifies the understanding of the element that contains it. Usually modifier elements provide negation or qualification. In order to make the use of extensions safe and manageable, there is a strict governance applied to the definition and use of extensions. Though any implementer is allowed to define an extension, there is a set of requirements that SHALL be met as part of the definition of the extension. Applications processing a resource are required to check for modifier extensions.",
            "comments": "there can be no stigma associated with the use of extensions by any application, project, or standard - regardless of the institution or jurisdiction that uses or defines the extensions.  The use of extensions is what allows the FHIR specification to retain a core simplicity for everyone.",
            "synonym": [
              "extensions",
              "user content"
            ],
            "min": 0,
            "max": "*",
            "type": [
              {
                "code": "Extension"
              }
            ],
            "isModifier": false
          }
        },
        {
          "path": "DeviceObservationReport.virtualDevice.code",
          "definition": {
            "short": "Describes the compartment",
            "formal": "Describes the compartment.",
            "min": 0,
            "max": "1",
            "type": [
              {
                "code": "CodeableConcept"
              }
            ],
            "isModifier": false,
            "binding": {
              "name": "VirtalDeviceKind",
              "isExtensible": true,
              "conformance": "preferred",
              "referenceUri": "http://hit-testing.nist.gov:13110/rtmms/index.htm"
            },
            "mapping": [
              {
                "identity": "rim",
                "map": ".code"
              }
            ]
          }
        },
        {
          "path": "DeviceObservationReport.virtualDevice.channel",
          "definition": {
            "short": "Groups related data items",
            "formal": "Groups together physiological measurement data and derived data.",
            "min": 0,
            "max": "*",
            "isModifier": false,
            "mapping": [
              {
                "identity": "rim",
                "map": ".outboundRelationship[typeCode='COMP'].target[classCode=OBS, moodCode=EVN, code < \"channel\"]"
              }
            ]
          }
        },
        {
          "path": "DeviceObservationReport.virtualDevice.channel.extension",
          "definition": {
            "short": "Additional Content defined by implementations",
            "formal": "May be used to represent additional information that is not part of the basic definition of the resource. In order to make the use of extensions safe and manageable, there is a strict governance applied to the definition and use of extensions. Though any implementer is allowed to define an extension, there is a set of requirements that SHALL be met as part of the definition of the extension.",
            "comments": "there can be no stigma associated with the use of extensions by any application, project, or standard - regardless of the institution or jurisdiction that uses or defines the extensions.  The use of extensions is what allows the FHIR specification to retain a core simplicity for everyone.",
            "synonym": [
              "extensions",
              "user content"
            ],
            "min": 0,
            "max": "*",
            "type": [
              {
                "code": "Extension"
              }
            ],
            "isModifier": false
          }
        },
        {
          "path": "DeviceObservationReport.virtualDevice.channel.modifierExtension",
          "definition": {
            "short": "Extensions that cannot be ignored",
            "formal": "May be used to represent additional information that is not part of the basic definition of the resource, and that modifies the understanding of the element that contains it. Usually modifier elements provide negation or qualification. In order to make the use of extensions safe and manageable, there is a strict governance applied to the definition and use of extensions. Though any implementer is allowed to define an extension, there is a set of requirements that SHALL be met as part of the definition of the extension. Applications processing a resource are required to check for modifier extensions.",
            "comments": "there can be no stigma associated with the use of extensions by any application, project, or standard - regardless of the institution or jurisdiction that uses or defines the extensions.  The use of extensions is what allows the FHIR specification to retain a core simplicity for everyone.",
            "synonym": [
              "extensions",
              "user content"
            ],
            "min": 0,
            "max": "*",
            "type": [
              {
                "code": "Extension"
              }
            ],
            "isModifier": false
          }
        },
        {
          "path": "DeviceObservationReport.virtualDevice.channel.code",
          "definition": {
            "short": "Describes the channel",
            "formal": "Describes the channel.",
            "min": 0,
            "max": "1",
            "type": [
              {
                "code": "CodeableConcept"
              }
            ],
            "isModifier": false,
            "binding": {
              "name": "DeviceChannelKind1",
              "isExtensible": true,
              "conformance": "preferred",
              "referenceUri": "http://hit-testing.nist.gov:13110/rtmms/index.htm"
            },
            "mapping": [
              {
                "identity": "rim",
                "map": ".participation[typeCode=PFM].role.code"
              }
            ]
          }
        },
        {
          "path": "DeviceObservationReport.virtualDevice.channel.metric",
          "definition": {
            "short": "Piece of data reported by device",
            "formal": "A piece of measured or derived data that is reported by the machine.",
            "min": 0,
            "max": "*",
            "isModifier": false,
            "mapping": [
              {
                "identity": "rim",
                "map": ".code"
              }
            ]
          }
        },
        {
          "path": "DeviceObservationReport.virtualDevice.channel.metric.extension",
          "definition": {
            "short": "Additional Content defined by implementations",
            "formal": "May be used to represent additional information that is not part of the basic definition of the resource. In order to make the use of extensions safe and manageable, there is a strict governance applied to the definition and use of extensions. Though any implementer is allowed to define an extension, there is a set of requirements that SHALL be met as part of the definition of the extension.",
            "comments": "there can be no stigma associated with the use of extensions by any application, project, or standard - regardless of the institution or jurisdiction that uses or defines the extensions.  The use of extensions is what allows the FHIR specification to retain a core simplicity for everyone.",
            "synonym": [
              "extensions",
              "user content"
            ],
            "min": 0,
            "max": "*",
            "type": [
              {
                "code": "Extension"
              }
            ],
            "isModifier": false
          }
        },
        {
          "path": "DeviceObservationReport.virtualDevice.channel.metric.modifierExtension",
          "definition": {
            "short": "Extensions that cannot be ignored",
            "formal": "May be used to represent additional information that is not part of the basic definition of the resource, and that modifies the understanding of the element that contains it. Usually modifier elements provide negation or qualification. In order to make the use of extensions safe and manageable, there is a strict governance applied to the definition and use of extensions. Though any implementer is allowed to define an extension, there is a set of requirements that SHALL be met as part of the definition of the extension. Applications processing a resource are required to check for modifier extensions.",
            "comments": "there can be no stigma associated with the use of extensions by any application, project, or standard - regardless of the institution or jurisdiction that uses or defines the extensions.  The use of extensions is what allows the FHIR specification to retain a core simplicity for everyone.",
            "synonym": [
              "extensions",
              "user content"
            ],
            "min": 0,
            "max": "*",
            "type": [
              {
                "code": "Extension"
              }
            ],
            "isModifier": false
          }
        },
        {
          "path": "DeviceObservationReport.virtualDevice.channel.metric.observation",
          "definition": {
            "short": "The data for the metric",
            "formal": "The data for the metric.",
            "min": 1,
            "max": "1",
            "type": [
              {
                "code": "ResourceReference",
                "profile": "http://hl7.org/fhir/profiles/Observation"
              }
            ],
            "isModifier": false,
            "mapping": [
              {
                "identity": "rim",
                "map": ".value"
              }
            ]
          }
        }
      ],
      "searchParam": [
        {
          "name": "_id",
          "type": "token",
          "documentation": "The logical resource id associated with the resource (must be supported by all servers)"
        },
        {
          "name": "_language",
          "type": "token",
          "documentation": "The language of the resource"
        },
        {
          "name": "channel",
          "type": "token",
          "documentation": "The channel code",
          "xpath": "f:DeviceObservationReport/f:virtualDevice/f:channel/f:code"
        },
        {
          "name": "code",
          "type": "token",
          "documentation": "The compatment code",
          "xpath": "f:DeviceObservationReport/f:virtualDevice/f:code"
        },
        {
          "name": "observation",
          "type": "reference",
          "documentation": "The data for the metric",
          "xpath": "f:DeviceObservationReport/f:virtualDevice/f:channel/f:metric/f:observation"
        },
        {
          "name": "source",
          "type": "reference",
          "documentation": "Identifies/describes where the data came from",
          "xpath": "f:DeviceObservationReport/f:source"
        },
        {
          "name": "subject",
          "type": "reference",
          "documentation": "Subject of the measurement",
          "xpath": "f:DeviceObservationReport/f:subject"
        }
      ]
    }
  ]
}