{"resourceType":"DiagnosticReport","text":{"status":"generated","div":"<div>\n      <p>\n        <b>Generated Narrative</b>\n      </p>\n      <p>\n        <b>name</b>: \n        <span title=\"Codes: {http://snomed.info/sct 104177005}\">Blood culture for bacteria, including anaerobic screen</span>\n      </p>\n      <p>\n        <b>status</b>: final_\n      </p>\n      <p>\n        <b>issued</b>: 11-Mar 2013 10:28\n      </p>\n      <p>\n        <b>subject</b>: Roel\n      </p>\n      <p>\n        <b>performer</b>: AUMC\n      </p>\n      <p>\n        <b>requestDetail</b>: Roel\n      </p>\n      <p>\n        <b>serviceCategory</b>: \n        <span title=\"Codes: {http://snomed.info/sct 15220000}, {http://hl7.org/fhir/v2/0074 LAB}\">Laboratory test</span>\n      </p>\n      <p>\n        <b>diagnostic[x]</b>: 11-Mar 2013 3:45\n      </p>\n      <p>\n        <b>result</b>: Results for staphylococcus analysis on Roel's blood culture\n      </p>\n      <p>\n        <b>conclusion</b>: Blood culture tested positive on staphylococcus aureus\n      </p>\n      <p>\n        <b>codedDiagnosis</b>: \n        <span title=\"Codes: {http://snomed.info/sct 428763004}\">Bacteremia due to staphylococcus</span>\n      </p>\n    </div>"},"contained":[{"resourceType":"DiagnosticOrder","_id":"req","subject":{"reference":"Patient/f201","display":"Roel"},"orderer":{"reference":"Practitioner/f201","display":"Dokter Bronsig"},"encounter":{"reference":"Encounter/f203","display":"Roel's encounter on March eleventh 2013"}}],"name":{"coding":[{"system":"http://snomed.info/sct","code":"104177005","display":"Blood culture for bacteria, including anaerobic screen"}]},"status":"final","issued":"2013-03-11T10:28:00+01:00","subject":{"reference":"Patient/f201","display":"Roel"},"performer":{"reference":"Organization/f201","display":"AUMC"},"requestDetail":[{"reference":"#req"}],"serviceCategory":{"coding":[{"system":"http://snomed.info/sct","code":"15220000","display":"Laboratory test"},{"system":"http://hl7.org/fhir/v2/0074","code":"LAB"}]},"diagnosticDateTime":"2013-03-11T03:45:00+01:00","result":[{"reference":"Observation/f206","display":"Results for staphylococcus analysis on Roel's blood culture"}],"conclusion":"Blood culture tested positive on staphylococcus aureus","codedDiagnosis":[{"coding":[{"system":"http://snomed.info/sct","code":"428763004","display":"Bacteremia due to staphylococcus"}]}]}