<?xml version="1.0" encoding="UTF-8"?>

<DiagnosticReport xmlns="http://hl7.org/fhir">
  <text>
    <status value="generated"/>
    <div xmlns="http://www.w3.org/1999/xhtml">
      <p>
        <b>Generated Narrative</b>
      </p>
      <p>
        <b>name</b>: 
        <span title="Codes: {http://snomed.info/sct 429858000}">CT of head-neck</span>
      </p>
      <p>
        <b>status</b>: final_
      </p>
      <p>
        <b>issued</b>: 1-Dec 2012 12:0
      </p>
      <p>
        <b>subject</b>: Roel
      </p>
      <p>
        <b>performer</b>: Blijdorp MC
      </p>
      <p>
        <b>serviceCategory</b>: 
        <span title="Codes: {http://snomed.info/sct 394914008}, {http://hl7.org/fhir/v2/0074 RAD}">Radiology</span>
      </p>
      <p>
        <b>diagnostic[x]</b>: 1-Dec 2012 12:0
      </p>
      <p>
        <b>conclusion</b>: CT brains: large tumor sphenoid/clivus.
      </p>
      <p>
        <b>codedDiagnosis</b>: 
        <span title="Codes: {http://snomed.info/sct 188340000}">Malignant tumor of craniopharyngeal duct</span>
      </p>
    </div>
  </text>
  <name>
    <coding>
      <system value="http://snomed.info/sct"/>
      <code value="429858000"/>
      <display value="Computed tomography (CT) of head and neck"/>
    </coding>
    <text value="CT of head-neck"/>
  </name>
  <status value="final"/>
  <issued value="2012-12-01T12:00:00+01:00"/>
  <subject>
    <reference value="Patient/f201"/>
    <display value="Roel"/>
  </subject>
  <performer>
    <reference value="Organization/f203"/>
    <display value="Blijdorp MC"/>
  </performer>
  <serviceCategory>
    <coding>
      <system value="http://snomed.info/sct"/>
      <code value="394914008"/>
      <display value="Radiology"/>
    </coding>
    <coding>
      <system value="http://hl7.org/fhir/v2/0074"/>
      <code value="RAD"/>
    </coding>
  </serviceCategory>
  <diagnosticDateTime value="2012-12-01T12:00:00+01:00"/>
  <conclusion value="CT brains: large tumor sphenoid/clivus."/>
  <codedDiagnosis>
    <coding>
      <system value="http://snomed.info/sct"/>
      <code value="188340000"/>
      <display value="Malignant tumor of craniopharyngeal duct"/>
    </coding>
  </codedDiagnosis>
</DiagnosticReport>